date,entry_bar,exit_bar,hold_bars,direction,atm_strike,entry_ce,entry_pe,exit_ce,exit_pe,entry_spread,exit_spread,lot_size,gross_pnl,charges,net_pnl,exit_reason,month
20251208,2025-12-08 14:15:00+05:30,2025-12-08 14:18:00+05:30,3,+1 (sell CE / buy PE),59900,427.0,851.0,424.0,861.55,25.0,4.45,35,474.25,201.17,273.08,Revert,2025-12
20251208,2025-12-08 14:30:00+05:30,2025-12-08 14:37:00+05:30,7,+1 (sell CE / buy PE),59900,440.55,839.0,439.55,846.0,27.55,3.95,35,280.0,201.09,78.91,Revert,2025-12
20251208,2025-12-08 14:43:00+05:30,2025-12-08 14:52:00+05:30,9,+1 (sell CE / buy PE),59900,442.75,835.05,462.9,790.65,25.1,3.45,35,-2259.25,197.82,-2457.07,Revert,2025-12
20251208,2025-12-08 14:55:00+05:30,2025-12-08 15:24:00+05:30,29,+1 (sell CE / buy PE),59900,459.55,802.5,439.0,820.0,25.05,12.0,35,1331.75,200.03,1131.72,EOD,2025-12
20251209,2025-12-09 09:51:00+05:30,2025-12-09 09:52:00+05:30,1,+1 (sell CE / buy PE),59300,631.95,634.85,635.75,635.0,25.5,3.55,35,-127.75,199.65,-327.4,Revert,2025-12
20251209,2025-12-09 11:01:00+05:30,2025-12-09 11:04:00+05:30,3,+1 (sell CE / buy PE),59300,762.9,501.6,769.1,502.7,26.1,10.8,35,-178.5,199.56,-378.06,EOD,2025-12
20251210,2025-12-10 11:19:00+05:30,2025-12-10 11:22:00+05:30,3,+1 (sell CE / buy PE),59600,492.55,673.85,476.15,702.85,25.5,2.9,35,1589.0,192.93,1396.07,Revert,2025-12
20251210,2025-12-10 11:39:00+05:30,2025-12-10 11:59:00+05:30,20,+1 (sell CE / buy PE),59600,442.85,756.4,451.2,743.0,25.45,3.4,35,-761.25,193.2,-954.45,Revert,2025-12
20251210,2025-12-10 12:04:00+05:30,2025-12-10 12:07:00+05:30,3,+1 (sell CE / buy PE),59600,449.1,750.2,461.95,720.85,26.3,3.1,35,-1477.0,192.2,-1669.2,Revert,2025-12
20251210,2025-12-10 12:31:00+05:30,2025-12-10 12:48:00+05:30,17,+1 (sell CE / buy PE),59600,417.3,806.1,426.9,797.85,25.2,3.25,35,-624.75,195.57,-820.32,Revert,2025-12
20251210,2025-12-10 13:07:00+05:30,2025-12-10 13:12:00+05:30,5,+1 (sell CE / buy PE),59600,441.7,757.0,442.4,759.65,25.1,0.75,35,68.25,194.11,-125.86,Revert,2025-12
20251210,2025-12-10 13:17:00+05:30,2025-12-10 13:21:00+05:30,4,+1 (sell CE / buy PE),59600,437.35,771.45,454.35,734.45,30.9,2.3,35,-1890.0,192.54,-2082.54,Revert,2025-12
20251210,2025-12-10 14:29:00+05:30,2025-12-10 14:32:00+05:30,3,+1 (sell CE / buy PE),59600,413.15,809.85,423.1,781.3,25.5,4.8,35,-1347.5,194.18,-1541.68,Revert,2025-12
20251210,2025-12-10 14:39:00+05:30,2025-12-10 15:02:00+05:30,23,+1 (sell CE / buy PE),59600,429.9,765.05,448.65,737.45,26.85,3.4,35,-1622.25,192.05,-1814.3,Revert,2025-12
20251210,2025-12-10 15:07:00+05:30,2025-12-10 15:24:00+05:30,17,+1 (sell CE / buy PE),59600,437.5,755.5,426.55,794.55,27.4,22.4,35,1750.0,195.9,1554.1,EOD,2025-12
20251211,2025-12-11 09:37:00+05:30,2025-12-11 09:42:00+05:30,5,+1 (sell CE / buy PE),59400,513.95,635.75,465.5,694.9,27.0,2.8,35,3766.0,193.07,3572.93,Revert,2025-12
20251212,2025-12-12 10:30:00+05:30,2025-12-12 10:31:00+05:30,1,+1 (sell CE / buy PE),59700,464.0,568.0,467.65,564.6,25.0,-2.95,35,-246.75,179.91,-426.66,Revert,2025-12
20251219,2025-12-19 10:10:00+05:30,2025-12-19 10:13:00+05:30,3,+1 (sell CE / buy PE),59300,364.65,430.8,351.8,446.95,27.85,3.85,35,1015.0,161.33,853.67,Revert,2025-12
20260105,2026-01-05 11:15:00+05:30,2026-01-05 11:19:00+05:30,4,-1 (buy CE / sell PE),60400,635.25,567.1,624.05,574.2,-28.25,-2.15,30,-549.0,179.42,-728.42,Revert,2026-01
20260116,2026-01-16 13:49:00+05:30,2026-01-16 14:19:00+05:30,30,-1 (buy CE / sell PE),59900,608.35,364.05,595.7,364.3,-26.1,-9.2,30,-387.0,162.87,-549.87,MaxHold,2026-01
20260116,2026-01-16 14:38:00+05:30,2026-01-16 15:05:00+05:30,27,-1 (buy CE / sell PE),59900,590.05,357.25,608.95,356.95,-34.0,-5.0,30,576.0,162.9,413.1,Revert,2026-01
20260122,2026-01-22 12:07:00+05:30,2026-01-22 12:09:00+05:30,2,+1 (sell CE / buy PE),59600,172.95,685.6,174.95,674.3,26.55,-3.35,30,-399.0,154.87,-553.87,Revert,2026-01
20260123,2026-01-23 11:41:00+05:30,2026-01-23 11:43:00+05:30,2,+1 (sell CE / buy PE),59300,197.6,406.25,205.45,390.85,26.35,-0.4,30,-697.5,136.59,-834.09,Revert,2026-01
20260127,2026-01-27 10:11:00+05:30,2026-01-27 10:12:00+05:30,1,+1 (sell CE / buy PE),58200,495.25,76.95,499.95,76.55,27.7,-3.0,30,-153.0,135.16,-288.16,Revert,2026-01
20260127,2026-01-27 10:53:00+05:30,2026-01-27 10:54:00+05:30,1,-1 (buy CE / sell PE),58200,309.1,124.15,335.95,109.15,-53.65,-0.4,30,1255.5,126.58,1128.92,Revert,2026-01
20260127,2026-01-27 12:16:00+05:30,2026-01-27 12:17:00+05:30,1,-1 (buy CE / sell PE),58200,519.0,27.7,538.15,27.4,-28.3,-4.05,30,583.5,134.41,449.09,Revert,2026-01
20260127,2026-01-27 13:34:00+05:30,2026-01-27 13:36:00+05:30,2,-1 (buy CE / sell PE),58200,565.25,11.15,518.65,14.15,-25.9,1.1,30,-1488.0,132.77,-1620.77,Revert,2026-01
20260127,2026-01-27 14:59:00+05:30,2026-01-27 15:03:00+05:30,4,-1 (buy CE / sell PE),58200,843.45,1.35,866.5,0.85,-32.9,-4.35,30,706.5,155.84,550.66,Revert,2026-01
20260129,2026-01-29 10:41:00+05:30,2026-01-29 10:55:00+05:30,14,-1 (buy CE / sell PE),59700,947.3,848.65,1016.05,800.65,-28.75,-0.0,30,3502.5,225.52,3276.98,Revert,2026-01
20260129,2026-01-29 13:28:00+05:30,2026-01-29 13:30:00+05:30,2,-1 (buy CE / sell PE),59700,1073.35,698.95,1082.35,690.0,-25.8,2.95,30,538.5,220.92,317.58,Revert,2026-01
20260129,2026-01-29 14:35:00+05:30,2026-01-29 14:41:00+05:30,6,-1 (buy CE / sell PE),59700,1138.85,660.8,1170.0,657.2,-26.15,-2.8,30,1042.5,224.22,818.28,Revert,2026-01
20260129,2026-01-29 14:42:00+05:30,2026-01-29 14:59:00+05:30,17,-1 (buy CE / sell PE),59700,1171.25,658.55,1150.0,653.65,-26.5,1.35,30,-490.5,223.33,-713.83,Revert,2026-01
20260129,2026-01-29 15:05:00+05:30,2026-01-29 15:14:00+05:30,9,-1 (buy CE / sell PE),59700,1135.15,661.0,1131.75,671.0,-25.65,0.75,30,-402.0,222.16,-624.16,Revert,2026-01
20260129,2026-01-29 15:17:00+05:30,2026-01-29 15:24:00+05:30,7,-1 (buy CE / sell PE),59700,1157.2,657.3,1172.6,653.0,-25.5,-17.6,30,591.0,224.36,366.64,EOD,2026-01
20260130,2026-01-30 09:31:00+05:30,2026-01-30 09:33:00+05:30,2,-1 (buy CE / sell PE),59900,864.9,899.1,867.55,898.65,-28.6,-1.1,30,93.0,220.08,-127.08,Revert,2026-01
20260130,2026-01-30 09:40:00+05:30,2026-01-30 09:58:00+05:30,18,-1 (buy CE / sell PE),59900,896.0,880.2,974.8,802.85,-25.2,-1.05,30,4684.5,224.3,4460.2,Revert,2026-01
20260130,2026-01-30 10:33:00+05:30,2026-01-30 10:41:00+05:30,8,-1 (buy CE / sell PE),59900,970.85,827.8,996.0,802.5,-25.55,-0.7,30,1513.5,223.51,1289.99,Revert,2026-01
20260130,2026-01-30 12:12:00+05:30,2026-01-30 12:14:00+05:30,2,-1 (buy CE / sell PE),59900,960.0,856.5,974.0,841.6,-25.9,-3.4,30,867.0,224.28,642.72,Revert,2026-01
20260130,2026-01-30 12:48:00+05:30,2026-01-30 13:07:00+05:30,19,-1 (buy CE / sell PE),59900,957.85,846.0,905.8,902.1,-26.15,-4.3,30,-3244.5,220.53,-3465.03,Revert,2026-01
20260130,2026-01-30 14:17:00+05:30,2026-01-30 14:45:00+05:30,28,-1 (buy CE / sell PE),59900,943.1,824.7,877.0,873.3,-27.4,0.7,30,-3441.0,217.05,-3658.05,Revert,2026-01
20260201,2026-02-01 12:19:00+05:30,2026-02-01 12:20:00+05:30,1,+1 (sell CE / buy PE),59900,627.2,1106.15,588.55,1198.05,25.85,1.7,30,3916.5,222.53,3693.97,Revert,2026-02
20260201,2026-02-01 12:23:00+05:30,2026-02-01 12:24:00+05:30,1,+1 (sell CE / buy PE),59900,534.1,1261.2,521.15,1310.7,39.7,4.65,30,1873.5,224.84,1648.66,Revert,2026-02
20260201,2026-02-01 12:31:00+05:30,2026-02-01 12:34:00+05:30,3,-1 (buy CE / sell PE),59900,346.25,2000.4,452.15,1649.65,-36.15,-3.9,30,13699.5,262.76,13436.74,Revert,2026-02
20260201,2026-02-01 12:35:00+05:30,2026-02-01 12:41:00+05:30,6,+1 (sell CE / buy PE),59900,476.25,1470.0,542.15,1333.75,45.25,3.4,30,-6064.5,225.94,-6290.44,Revert,2026-02
20260201,2026-02-01 12:48:00+05:30,2026-02-01 12:50:00+05:30,2,+1 (sell CE / buy PE),59900,518.35,1273.65,527.4,1345.6,54.7,3.4,30,1887.0,226.2,1660.8,Revert,2026-02
20260201,2026-02-01 12:51:00+05:30,2026-02-01 12:55:00+05:30,4,-1 (buy CE / sell PE),59900,530.0,1371.8,534.3,1302.0,-32.8,-2.7,30,2223.0,229.04,1993.96,Revert,2026-02
20260201,2026-02-01 12:56:00+05:30,2026-02-01 12:59:00+05:30,3,-1 (buy CE / sell PE),59900,543.8,1302.0,569.8,1218.95,-28.2,-4.15,30,3271.5,226.13,3045.37,Revert,2026-02
20260201,2026-02-01 13:04:00+05:30,2026-02-01 13:06:00+05:30,2,-1 (buy CE / sell PE),59900,553.65,1236.6,546.8,1261.55,-27.35,3.05,30,-954.0,221.75,-1175.75,Revert,2026-02
20260201,2026-02-01 13:25:00+05:30,2026-02-01 13:31:00+05:30,6,+1 (sell CE / buy PE),59900,553.65,1237.15,540.3,1300.7,26.1,3.4,30,2307.0,225.32,2081.68,Revert,2026-02
20260201,2026-02-01 13:32:00+05:30,2026-02-01 14:01:00+05:30,29,+1 (sell CE / buy PE),59900,528.0,1265.0,539.2,1298.25,44.4,1.55,30,661.5,224.07,437.43,Revert,2026-02
20260201,2026-02-01 14:04:00+05:30,2026-02-01 14:24:00+05:30,20,+1 (sell CE / buy PE),59900,521.25,1298.1,538.55,1307.1,29.15,2.45,30,-249.0,224.63,-473.63,Revert,2026-02
20260201,2026-02-01 14:30:00+05:30,2026-02-01 14:31:00+05:30,1,+1 (sell CE / buy PE),59900,527.55,1299.4,538.45,1299.15,28.15,-2.9,30,-334.5,224.55,-559.05,Revert,2026-02
20260201,2026-02-01 14:32:00+05:30,2026-02-01 14:36:00+05:30,4,+1 (sell CE / buy PE),59900,536.75,1266.1,550.15,1254.35,44.25,1.0,30,-754.5,222.2,-976.7,Revert,2026-02
20260201,2026-02-01 14:40:00+05:30,2026-02-01 14:48:00+05:30,8,+1 (sell CE / buy PE),59900,530.05,1286.3,503.25,1370.0,39.75,4.05,30,3315.0,228.12,3086.88,Revert,2026-02
20260201,2026-02-01 14:49:00+05:30,2026-02-01 15:17:00+05:30,28,+1 (sell CE / buy PE),59900,493.45,1387.4,398.0,1637.55,26.85,3.25,30,10368.0,241.38,10126.62,Revert,2026-02
20260201,2026-02-01 15:18:00+05:30,2026-02-01 15:24:00+05:30,6,+1 (sell CE / buy PE),59900,397.0,1644.25,385.0,1660.0,25.55,25.0,30,832.5,240.41,592.09,EOD,2026-02
20260203,2026-02-03 10:16:00+05:30,2026-02-03 10:26:00+05:30,10,-1 (buy CE / sell PE),60300,720.1,931.1,774.55,874.05,-26.6,-0.7,30,3345.0,214.27,3130.73,Revert,2026-02
20260203,2026-02-03 11:19:00+05:30,2026-02-03 11:33:00+05:30,14,-1 (buy CE / sell PE),60300,787.45,815.1,838.9,749.3,-27.45,-1.0,30,3517.5,210.52,3306.98,Revert,2026-02
20260203,2026-02-03 12:16:00+05:30,2026-02-03 12:21:00+05:30,5,-1 (buy CE / sell PE),60300,800.2,783.85,802.0,778.2,-25.85,-2.2,30,223.5,207.16,16.34,Revert,2026-02
20260204,2026-02-04 09:57:00+05:30,2026-02-04 10:25:00+05:30,28,-1 (buy CE / sell PE),60300,747.6,682.7,742.4,675.75,-25.1,-1.35,30,52.5,195.79,-143.29,Revert,2026-02
20260204,2026-02-04 10:27:00+05:30,2026-02-04 10:35:00+05:30,8,-1 (buy CE / sell PE),60300,737.0,681.7,716.7,691.3,-25.9,-4.8,30,-897.0,194.32,-1091.32,Revert,2026-02
20260204,2026-02-04 12:16:00+05:30,2026-02-04 12:24:00+05:30,8,-1 (buy CE / sell PE),60300,721.9,648.75,706.65,655.35,-26.65,-1.7,30,-655.5,191.15,-846.65,Revert,2026-02
20260204,2026-02-04 12:44:00+05:30,2026-02-04 12:51:00+05:30,7,-1 (buy CE / sell PE),60300,695.0,656.6,668.0,682.7,-31.6,-2.3,30,-1593.0,189.38,-1782.38,Revert,2026-02
20260209,2026-02-09 11:48:00+05:30,2026-02-09 11:55:00+05:30,7,-1 (buy CE / sell PE),60800,493.4,576.55,474.45,587.0,-25.15,-2.55,30,-882.0,169.59,-1051.59,Revert,2026-02
20260209,2026-02-09 12:16:00+05:30,2026-02-09 12:17:00+05:30,1,-1 (buy CE / sell PE),60800,491.75,566.6,495.55,561.0,-28.25,-4.85,30,282.0,169.86,112.14,Revert,2026-02
20260209,2026-02-09 14:12:00+05:30,2026-02-09 14:19:00+05:30,7,-1 (buy CE / sell PE),60800,468.45,580.2,485.0,560.2,-28.35,0.8,30,1096.5,169.71,926.79,Revert,2026-02
20260209,2026-02-09 14:37:00+05:30,2026-02-09 15:07:00+05:30,30,-1 (buy CE / sell PE),60800,476.45,573.35,481.4,580.0,-26.1,-5.8,30,-51.0,169.48,-220.48,MaxHold,2026-02
20260210,2026-02-10 15:02:00+05:30,2026-02-10 15:07:00+05:30,5,-1 (buy CE / sell PE),60800,444.35,516.45,434.45,527.4,-26.9,-2.95,30,-625.5,162.35,-787.85,Revert,2026-02
20260211,2026-02-11 13:57:00+05:30,2026-02-11 14:17:00+05:30,20,-1 (buy CE / sell PE),60700,482.5,410.95,509.8,392.7,-27.45,-2.9,30,1366.5,159.31,1207.19,Revert,2026-02
20260216,2026-02-16 15:14:00+05:30,2026-02-16 15:15:00+05:30,1,-1 (buy CE / sell PE),60400,793.1,244.65,791.7,245.15,-27.75,-4.45,30,-57.0,168.18,-225.18,Revert,2026-02
20260220,2026-02-20 14:05:00+05:30,2026-02-20 14:07:00+05:30,2,+1 (sell CE / buy PE),60900,547.3,205.15,574.1,195.0,32.75,0.5,30,-1108.5,147.73,-1256.23,Revert,2026-02
20260223,2026-02-23 12:29:00+05:30,2026-02-23 12:30:00+05:30,1,-1 (buy CE / sell PE),61400,128.4,453.75,121.3,473.75,-25.35,2.35,30,-813.0,135.69,-948.69,Revert,2026-02
20260223,2026-02-23 12:46:00+05:30,2026-02-23 12:49:00+05:30,3,-1 (buy CE / sell PE),61400,156.45,383.8,145.25,402.1,-31.55,-0.25,30,-885.0,132.45,-1017.45,Revert,2026-02
20260224,2026-02-24 14:22:00+05:30,2026-02-24 14:24:00+05:30,2,-1 (buy CE / sell PE),61200,57.2,126.1,23.8,189.2,-28.9,3.8,30,-2895.0,106.37,-3001.37,Revert,2026-02
20260226,2026-02-26 10:55:00+05:30,2026-02-26 10:56:00+05:30,1,-1 (buy CE / sell PE),61500,768.65,870.1,763.6,880.0,-31.45,-2.4,30,-448.5,210.86,-659.36,Revert,2026-02
20260302,2026-03-02 11:08:00+05:30,2026-03-02 11:12:00+05:30,4,+1 (sell CE / buy PE),60600,733.6,1051.2,713.55,1071.8,28.8,3.35,30,1219.5,222.33,997.17,Revert,2026-03
20260302,2026-03-02 11:51:00+05:30,2026-03-02 11:53:00+05:30,2,+1 (sell CE / buy PE),60600,711.0,1076.2,705.7,1098.15,27.8,3.15,30,817.5,222.78,594.72,Revert,2026-03
20260302,2026-03-02 12:08:00+05:30,2026-03-02 12:09:00+05:30,1,+1 (sell CE / buy PE),60600,700.25,1112.75,695.85,1122.75,25.5,4.5,30,432.0,223.94,208.06,Revert,2026-03
20260302,2026-03-02 12:47:00+05:30,2026-03-02 12:50:00+05:30,3,+1 (sell CE / buy PE),60600,685.7,1184.05,681.9,1210.0,30.45,0.1,30,892.5,228.9,663.6,Revert,2026-03
20260302,2026-03-02 13:02:00+05:30,2026-03-02 13:32:00+05:30,30,+1 (sell CE / buy PE),60600,695.9,1190.0,639.6,1275.05,25.3,14.55,30,4240.5,232.75,4007.75,MaxHold,2026-03
20260302,2026-03-02 13:39:00+05:30,2026-03-02 14:05:00+05:30,26,+1 (sell CE / buy PE),60600,651.95,1261.8,664.35,1231.85,29.55,4.5,30,-1270.5,229.03,-1499.53,Revert,2026-03
20260302,2026-03-02 14:08:00+05:30,2026-03-02 14:12:00+05:30,4,+1 (sell CE / buy PE),60600,681.9,1191.3,710.45,1186.0,42.6,3.25,30,-1015.5,227.79,-1243.29,Revert,2026-03
20260302,2026-03-02 14:31:00+05:30,2026-03-02 14:35:00+05:30,4,+1 (sell CE / buy PE),60600,696.75,1219.0,728.05,1149.4,30.95,-1.35,30,-3027.0,227.15,-3254.15,Revert,2026-03
20260302,2026-03-02 14:49:00+05:30,2026-03-02 14:50:00+05:30,1,+1 (sell CE / buy PE),60600,744.15,1088.95,743.3,1090.55,25.8,0.55,30,73.5,224.93,-151.43,Revert,2026-03
20260302,2026-03-02 14:57:00+05:30,2026-03-02 15:04:00+05:30,7,+1 (sell CE / buy PE),60600,724.8,1109.25,709.65,1122.15,35.55,4.7,30,841.5,225.46,616.04,Revert,2026-03
20260302,2026-03-02 15:23:00+05:30,2026-03-02 15:24:00+05:30,1,+1 (sell CE / buy PE),60600,739.2,1103.0,736.95,1104.45,27.6,17.7,30,111.0,225.55,-114.55,EOD,2026-03
20260304,2026-03-04 09:32:00+05:30,2026-03-04 09:35:00+05:30,3,+1 (sell CE / buy PE),59200,1084.8,1127.55,1054.35,1179.8,25.85,1.95,30,2481.0,254.44,2226.56,Revert,2026-03
20260304,2026-03-04 09:46:00+05:30,2026-03-04 10:16:00+05:30,30,+1 (sell CE / buy PE),59200,1048.35,1179.0,1026.75,1171.2,29.35,12.15,30,414.0,252.17,161.83,MaxHold,2026-03
20260304,2026-03-04 10:17:00+05:30,2026-03-04 10:20:00+05:30,3,+1 (sell CE / buy PE),59200,1012.55,1184.7,1031.45,1167.65,34.05,3.4,30,-1078.5,250.04,-1328.54,Revert,2026-03
20260304,2026-03-04 10:25:00+05:30,2026-03-04 10:31:00+05:30,6,+1 (sell CE / buy PE),59200,1022.7,1169.4,1018.0,1168.55,25.1,1.45,30,115.5,250.29,-134.79,Revert,2026-03
20260304,2026-03-04 10:32:00+05:30,2026-03-04 11:02:00+05:30,30,+1 (sell CE / buy PE),59200,1015.95,1173.0,1006.55,1189.1,26.75,25.85,30,765.0,250.98,514.02,MaxHold,2026-03
20260304,2026-03-04 11:02:00+05:30,2026-03-04 11:10:00+05:30,8,+1 (sell CE / buy PE),59200,1006.55,1189.1,1028.8,1171.0,25.85,0.4,30,-1210.5,249.91,-1460.41,Revert,2026-03
20260304,2026-03-04 11:16:00+05:30,2026-03-04 11:35:00+05:30,19,+1 (sell CE / buy PE),59200,1009.9,1209.45,987.05,1264.55,26.05,-0.3,30,2338.5,255.21,2083.29,Revert,2026-03
20260304,2026-03-04 11:36:00+05:30,2026-03-04 11:39:00+05:30,3,+1 (sell CE / buy PE),59200,987.0,1243.2,986.35,1261.7,27.2,-3.15,30,574.5,254.17,320.33,Revert,2026-03
20260304,2026-03-04 11:44:00+05:30,2026-03-04 12:04:00+05:30,20,+1 (sell CE / buy PE),59200,988.05,1274.0,991.35,1270.55,34.05,1.6,30,-202.5,255.22,-457.72,Revert,2026-03
20260304,2026-03-04 12:12:00+05:30,2026-03-04 12:30:00+05:30,18,+1 (sell CE / buy PE),59200,984.7,1267.9,976.7,1291.05,28.4,-3.35,30,934.5,255.93,678.57,Revert,2026-03
20260304,2026-03-04 12:37:00+05:30,2026-03-04 12:39:00+05:30,2,+1 (sell CE / buy PE),59200,992.4,1257.8,984.95,1274.35,31.0,4.8,30,720.0,255.39,464.61,Revert,2026-03
20260304,2026-03-04 12:41:00+05:30,2026-03-04 12:42:00+05:30,1,+1 (sell CE / buy PE),59200,982.8,1274.35,973.95,1290.85,28.25,3.1,30,760.5,255.86,504.64,Revert,2026-03
20260304,2026-03-04 13:00:00+05:30,2026-03-04 13:09:00+05:30,9,+1 (sell CE / buy PE),59200,1008.75,1212.0,1021.75,1212.15,29.35,-3.8,30,-385.5,252.62,-638.12,Revert,2026-03
20260304,2026-03-04 13:17:00+05:30,2026-03-04 13:19:00+05:30,2,+1 (sell CE / buy PE),59200,1032.2,1182.95,1022.0,1192.85,27.85,1.75,30,603.0,252.47,350.53,Revert,2026-03
20260304,2026-03-04 13:22:00+05:30,2026-03-04 13:29:00+05:30,7,+1 (sell CE / buy PE),59200,1022.7,1178.25,1030.4,1192.35,25.65,0.05,30,192.0,251.95,-59.95,Revert,2026-03
20260304,2026-03-04 13:36:00+05:30,2026-03-04 14:04:00+05:30,28,+1 (sell CE / buy PE),59200,1036.2,1187.45,1050.2,1181.5,27.55,3.7,30,-598.5,252.49,-850.99,Revert,2026-03
20260304,2026-03-04 14:08:00+05:30,2026-03-04 14:38:00+05:30,30,+1 (sell CE / buy PE),59200,1072.3,1160.35,1156.15,1116.25,25.15,11.9,30,-3838.5,251.88,-4090.38,MaxHold,2026-03
20260304,2026-03-04 14:42:00+05:30,2026-03-04 14:51:00+05:30,9,+1 (sell CE / buy PE),59200,1187.25,1095.15,1235.85,1072.15,25.3,3.3,30,-2148.0,256.16,-2404.16,Revert,2026-03
20260304,2026-03-04 14:58:00+05:30,2026-03-04 15:24:00+05:30,26,+1 (sell CE / buy PE),59200,1216.45,1090.25,1073.1,1162.65,35.2,27.45,30,6472.5,260.79,6211.71,EOD,2026-03
20260305,2026-03-05 09:33:00+05:30,2026-03-05 09:43:00+05:30,10,+1 (sell CE / buy PE),59200,1064.0,984.05,1074.75,980.0,28.55,4.95,30,-444.0,240.06,-684.06,Revert,2026-03
20260305,2026-03-05 10:00:00+05:30,2026-03-05 10:01:00+05:30,1,+1 (sell CE / buy PE),59200,1067.6,995.6,1037.25,1005.55,25.4,0.5,30,1209.0,241.39,967.61,Revert,2026-03
20260305,2026-03-05 10:06:00+05:30,2026-03-05 10:11:00+05:30,5,+1 (sell CE / buy PE),59200,1075.0,982.05,1063.35,986.15,27.95,2.0,30,472.5,240.87,231.63,Revert,2026-03
20260305,2026-03-05 10:12:00+05:30,2026-03-05 10:13:00+05:30,1,+1 (sell CE / buy PE),59200,1069.95,980.5,1061.55,990.0,29.45,1.35,30,537.0,240.75,296.25,Revert,2026-03
20260305,2026-03-05 10:17:00+05:30,2026-03-05 10:19:00+05:30,2,+1 (sell CE / buy PE),59200,1080.0,972.0,1054.3,998.15,28.0,-0.05,30,1555.5,241.59,1313.91,Revert,2026-03
20260305,2026-03-05 10:56:00+05:30,2026-03-05 10:57:00+05:30,1,+1 (sell CE / buy PE),59200,1063.75,976.0,1056.0,985.3,26.75,4.3,30,511.5,239.99,271.51,Revert,2026-03
20260305,2026-03-05 11:14:00+05:30,2026-03-05 11:28:00+05:30,14,+1 (sell CE / buy PE),59200,1120.0,916.0,1053.05,969.85,25.6,3.8,30,3624.0,241.49,3382.51,Revert,2026-03
20260305,2026-03-05 12:01:00+05:30,2026-03-05 12:21:00+05:30,20,+1 (sell CE / buy PE),59200,949.3,1093.25,981.15,1036.35,25.25,-0.0,30,-2662.5,236.91,-2899.41,Revert,2026-03
20260305,2026-03-05 12:46:00+05:30,2026-03-05 12:48:00+05:30,2,+1 (sell CE / buy PE),59200,947.95,1058.0,945.7,1057.8,28.75,2.5,30,61.5,237.11,-175.61,Revert,2026-03
20260305,2026-03-05 13:24:00+05:30,2026-03-05 13:25:00+05:30,1,+1 (sell CE / buy PE),59200,979.1,1014.8,983.5,1014.0,30.3,3.5,30,-156.0,236.31,-392.31,Revert,2026-03
20260305,2026-03-05 13:43:00+05:30,2026-03-05 13:44:00+05:30,1,+1 (sell CE / buy PE),59200,919.6,1082.8,914.0,1095.7,26.8,3.3,30,555.0,237.57,317.43,Revert,2026-03
20260305,2026-03-05 14:09:00+05:30,2026-03-05 14:11:00+05:30,2,+1 (sell CE / buy PE),59200,870.0,1155.8,870.0,1173.2,33.6,-0.6,30,522.0,239.57,282.43,Revert,2026-03
20260305,2026-03-05 14:12:00+05:30,2026-03-05 14:14:00+05:30,2,+1 (sell CE / buy PE),59200,876.5,1177.2,868.6,1179.3,28.3,-1.5,30,300.0,240.57,59.43,Revert,2026-03
20260305,2026-03-05 14:28:00+05:30,2026-03-05 14:38:00+05:30,10,+1 (sell CE / buy PE),59200,923.25,1038.7,934.45,1002.2,25.55,-0.15,30,-1431.0,232.07,-1663.07,Revert,2026-03
20260305,2026-03-05 14:46:00+05:30,2026-03-05 14:50:00+05:30,4,+1 (sell CE / buy PE),59200,1018.6,910.8,1050.0,865.2,26.6,3.4,30,-2310.0,229.5,-2539.5,Revert,2026-03
20260305,2026-03-05 14:55:00+05:30,2026-03-05 15:08:00+05:30,13,+1 (sell CE / buy PE),59200,1159.8,758.6,1091.2,837.7,28.2,2.3,30,4431.0,234.55,4196.45,Revert,2026-03
20260305,2026-03-05 15:17:00+05:30,2026-03-05 15:18:00+05:30,1,+1 (sell CE / buy PE),59200,1058.25,910.0,1034.05,938.25,26.45,-4.2,30,1573.5,235.77,1337.73,Revert,2026-03
20260305,2026-03-05 15:19:00+05:30,2026-03-05 15:24:00+05:30,5,+1 (sell CE / buy PE),59200,1032.95,939.7,986.35,967.3,25.25,12.85,30,2226.0,235.74,1990.26,EOD,2026-03
20260306,2026-03-06 10:38:00+05:30,2026-03-06 10:41:00+05:30,3,+1 (sell CE / buy PE),58900,966.5,1125.9,966.15,1132.0,27.6,-0.65,30,193.5,243.65,-50.15,Revert,2026-03
20260306,2026-03-06 11:22:00+05:30,2026-03-06 11:24:00+05:30,2,+1 (sell CE / buy PE),58900,954.3,1138.8,944.65,1158.75,30.3,2.7,30,888.0,244.37,643.63,Revert,2026-03
20260306,2026-03-06 12:07:00+05:30,2026-03-06 12:10:00+05:30,3,+1 (sell CE / buy PE),58900,954.15,1136.1,952.0,1124.25,25.45,2.95,30,-291.0,242.44,-533.44,Revert,2026-03
20260306,2026-03-06 12:11:00+05:30,2026-03-06 12:29:00+05:30,18,+1 (sell CE / buy PE),58900,955.25,1123.85,903.3,1231.0,26.4,2.3,30,4773.0,247.83,4525.17,Revert,2026-03
20260306,2026-03-06 12:51:00+05:30,2026-03-06 12:52:00+05:30,1,+1 (sell CE / buy PE),58900,937.95,1148.95,935.0,1162.15,29.0,-1.15,30,484.5,243.63,240.87,Revert,2026-03
20260306,2026-03-06 13:04:00+05:30,2026-03-06 13:28:00+05:30,24,+1 (sell CE / buy PE),58900,921.8,1184.0,920.35,1189.35,25.6,-0.2,30,204.0,244.55,-40.55,Revert,2026-03
20260306,2026-03-06 13:33:00+05:30,2026-03-06 14:01:00+05:30,28,+1 (sell CE / buy PE),58900,918.85,1203.05,918.45,1246.1,25.8,3.35,30,1303.5,247.88,1055.62,Revert,2026-03
20260306,2026-03-06 14:03:00+05:30,2026-03-06 14:07:00+05:30,4,+1 (sell CE / buy PE),58900,915.6,1230.35,906.95,1257.4,33.05,-0.85,30,1071.0,248.56,822.44,Revert,2026-03
20260306,2026-03-06 14:18:00+05:30,2026-03-06 14:26:00+05:30,8,+1 (sell CE / buy PE),58900,925.0,1198.1,922.2,1204.7,25.9,4.1,30,282.0,245.83,36.17,Revert,2026-03
20260306,2026-03-06 14:35:00+05:30,2026-03-06 15:05:00+05:30,30,+1 (sell CE / buy PE),58900,897.4,1241.25,761.8,1496.1,31.15,35.9,30,11713.5,259.45,11454.05,MaxHold,2026-03
20260306,2026-03-06 15:05:00+05:30,2026-03-06 15:24:00+05:30,19,+1 (sell CE / buy PE),58900,761.8,1496.1,729.85,1529.6,35.9,58.65,30,1963.5,256.58,1706.92,EOD,2026-03
20260309,2026-03-09 09:31:00+05:30,2026-03-09 09:41:00+05:30,10,+1 (sell CE / buy PE),55900,1472.9,1401.5,1431.6,1537.2,31.0,4.8,30,5310.0,306.22,5003.78,Revert,2026-03
20260309,2026-03-09 09:45:00+05:30,2026-03-09 09:55:00+05:30,10,+1 (sell CE / buy PE),55900,1358.45,1671.35,1412.25,1572.45,31.7,-0.4,30,-4581.0,305.04,-4886.04,Revert,2026-03
20260309,2026-03-09 10:19:00+05:30,2026-03-09 10:35:00+05:30,16,+1 (sell CE / buy PE),55900,1396.1,1579.1,1338.85,1638.0,35.0,0.85,30,3484.5,308.75,3175.75,Revert,2026-03
20260309,2026-03-09 10:37:00+05:30,2026-03-09 10:42:00+05:30,5,+1 (sell CE / buy PE),55900,1389.85,1586.5,1363.4,1615.0,45.15,-1.0,30,1648.5,307.5,1341.0,Revert,2026-03
20260309,2026-03-09 10:50:00+05:30,2026-03-09 11:06:00+05:30,16,+1 (sell CE / buy PE),55900,1423.95,1557.5,1539.5,1374.95,26.45,4.55,30,-8943.0,297.62,-9240.62,Revert,2026-03
20260309,2026-03-09 12:18:00+05:30,2026-03-09 12:21:00+05:30,3,+1 (sell CE / buy PE),55900,1525.05,1405.05,1505.15,1428.55,26.0,4.2,30,1302.0,304.01,997.99,Revert,2026-03
20260309,2026-03-09 13:26:00+05:30,2026-03-09 13:33:00+05:30,7,+1 (sell CE / buy PE),55900,1595.3,1384.85,1656.35,1325.25,28.45,2.7,30,-3619.5,303.87,-3923.37,Revert,2026-03
20260309,2026-03-09 13:35:00+05:30,2026-03-09 13:36:00+05:30,1,+1 (sell CE / buy PE),55900,1632.0,1345.1,1612.5,1377.65,29.1,3.45,30,1561.5,307.88,1253.62,Revert,2026-03
20260309,2026-03-09 13:37:00+05:30,2026-03-09 14:01:00+05:30,24,+1 (sell CE / buy PE),55900,1626.0,1360.0,1535.0,1448.5,26.0,3.9,30,5385.0,310.77,5074.23,Revert,2026-03
20260309,2026-03-09 14:02:00+05:30,2026-03-09 14:09:00+05:30,7,+1 (sell CE / buy PE),55900,1520.3,1460.8,1540.05,1442.8,25.9,-0.95,30,-1132.5,305.78,-1438.28,Revert,2026-03
20260309,2026-03-09 14:10:00+05:30,2026-03-09 14:11:00+05:30,1,+1 (sell CE / buy PE),55900,1547.35,1417.85,1535.8,1449.5,27.5,4.5,30,1296.0,307.09,988.91,Revert,2026-03
20260309,2026-03-09 14:23:00+05:30,2026-03-09 14:26:00+05:30,3,+1 (sell CE / buy PE),55900,1525.1,1433.0,1551.05,1402.0,27.7,-0.95,30,-1708.5,303.48,-2011.98,Revert,2026-03
20260309,2026-03-09 14:27:00+05:30,2026-03-09 14:43:00+05:30,16,+1 (sell CE / buy PE),55900,1546.05,1390.75,1571.0,1346.5,25.3,-2.7,30,-2076.0,301.18,-2377.18,Revert,2026-03
20260309,2026-03-09 14:47:00+05:30,2026-03-09 14:57:00+05:30,10,+1 (sell CE / buy PE),55900,1642.45,1281.55,1617.05,1266.5,26.5,3.15,30,310.5,301.27,9.23,Revert,2026-03
20260309,2026-03-09 14:59:00+05:30,2026-03-09 15:00:00+05:30,1,+1 (sell CE / buy PE),55900,1630.0,1262.5,1592.85,1292.45,27.5,5.0,30,2013.0,301.47,1711.53,Revert,2026-03
20260309,2026-03-09 15:02:00+05:30,2026-03-09 15:07:00+05:30,5,+1 (sell CE / buy PE),55900,1631.7,1245.55,1630.1,1232.35,32.15,-2.25,30,-348.0,298.38,-646.38,Revert,2026-03
20260309,2026-03-09 15:09:00+05:30,2026-03-09 15:17:00+05:30,8,+1 (sell CE / buy PE),55900,1658.65,1230.1,1667.1,1230.25,25.55,-2.75,30,-249.0,300.1,-549.1,Revert,2026-03
20260310,2026-03-10 09:36:00+05:30,2026-03-10 09:43:00+05:30,7,+1 (sell CE / buy PE),56800,1116.4,1206.6,1142.15,1172.15,30.6,0.2,30,-1806.0,258.08,-2064.08,Revert,2026-03
20260310,2026-03-10 09:54:00+05:30,2026-03-10 09:57:00+05:30,3,+1 (sell CE / buy PE),56800,1178.05,1127.8,1155.8,1174.6,25.25,4.2,30,2071.5,260.89,1810.61,Revert,2026-03
20260310,2026-03-10 10:06:00+05:30,2026-03-10 10:12:00+05:30,6,+1 (sell CE / buy PE),56800,1184.2,1145.05,1206.4,1118.75,26.75,0.65,30,-1455.0,258.95,-1713.95,Revert,2026-03
20260310,2026-03-10 10:28:00+05:30,2026-03-10 10:42:00+05:30,14,+1 (sell CE / buy PE),56800,1286.35,1022.85,1309.1,984.0,32.5,4.1,30,-1848.0,256.8,-2104.8,Revert,2026-03
20260310,2026-03-10 10:56:00+05:30,2026-03-10 10:59:00+05:30,3,+1 (sell CE / buy PE),56800,1257.65,1005.3,1275.4,1000.55,26.95,-0.15,30,-675.0,255.41,-930.41,Revert,2026-03
20260310,2026-03-10 11:05:00+05:30,2026-03-10 11:09:00+05:30,4,+1 (sell CE / buy PE),56800,1279.75,995.45,1295.45,979.95,26.1,-4.1,30,-936.0,255.63,-1191.63,Revert,2026-03
20260310,2026-03-10 11:13:00+05:30,2026-03-10 11:16:00+05:30,3,+1 (sell CE / buy PE),56800,1300.3,967.7,1304.95,959.55,28.8,0.6,30,-384.0,255.39,-639.39,Revert,2026-03
20260310,2026-03-10 12:45:00+05:30,2026-03-10 12:47:00+05:30,2,+1 (sell CE / buy PE),56800,1205.0,1022.5,1222.55,1003.35,30.9,3.2,30,-1101.0,252.05,-1353.05,Revert,2026-03
20260310,2026-03-10 13:01:00+05:30,2026-03-10 13:02:00+05:30,1,+1 (sell CE / buy PE),56800,1303.0,926.05,1305.75,925.35,26.55,-3.0,30,-103.5,253.03,-356.53,Revert,2026-03
20260310,2026-03-10 13:03:00+05:30,2026-03-10 13:06:00+05:30,3,+1 (sell CE / buy PE),56800,1334.15,914.15,1284.35,958.75,26.0,0.2,30,2832.0,256.3,2575.7,Revert,2026-03
20260310,2026-03-10 13:30:00+05:30,2026-03-10 13:31:00+05:30,1,+1 (sell CE / buy PE),56800,1320.0,925.45,1303.1,935.7,44.55,-1.8,30,814.5,254.56,559.94,Revert,2026-03
20260310,2026-03-10 13:43:00+05:30,2026-03-10 13:45:00+05:30,2,+1 (sell CE / buy PE),56800,1320.0,925.0,1292.0,939.15,25.2,2.85,30,1264.5,254.6,1009.9,Revert,2026-03
20260310,2026-03-10 14:06:00+05:30,2026-03-10 14:09:00+05:30,3,+1 (sell CE / buy PE),56800,1319.2,922.95,1380.25,901.8,27.05,-0.15,30,-2466.0,253.57,-2719.57,Revert,2026-03
20260310,2026-03-10 14:21:00+05:30,2026-03-10 14:25:00+05:30,4,+1 (sell CE / buy PE),56800,1345.0,900.1,1338.8,899.0,34.7,3.8,30,153.0,254.02,-101.02,Revert,2026-03
20260311,2026-03-11 10:20:00+05:30,2026-03-11 10:21:00+05:30,1,+1 (sell CE / buy PE),56900,1042.7,1115.55,1029.0,1135.0,28.75,3.8,30,994.5,248.93,745.57,Revert,2026-03
20260311,2026-03-11 12:07:00+05:30,2026-03-11 12:09:00+05:30,2,+1 (sell CE / buy PE),56900,875.7,1411.0,880.0,1410.0,28.7,4.8,30,-159.0,257.13,-416.13,Revert,2026-03
20260311,2026-03-11 12:14:00+05:30,2026-03-11 12:17:00+05:30,3,-1 (buy CE / sell PE),56900,877.55,1410.0,888.8,1385.05,-26.45,-2.25,30,1086.0,257.5,828.5,Revert,2026-03
20260311,2026-03-11 12:54:00+05:30,2026-03-11 12:58:00+05:30,4,+1 (sell CE / buy PE),56900,884.95,1389.0,876.4,1434.1,25.75,2.3,30,1609.5,258.71,1350.79,Revert,2026-03
20260311,2026-03-11 13:15:00+05:30,2026-03-11 13:21:00+05:30,6,+1 (sell CE / buy PE),56900,835.35,1534.2,843.05,1539.5,44.55,0.95,30,-72.0,263.44,-335.44,Revert,2026-03
20260311,2026-03-11 13:31:00+05:30,2026-03-11 13:35:00+05:30,4,+1 (sell CE / buy PE),56900,879.95,1446.0,857.3,1499.35,33.95,0.95,30,2280.0,262.69,2017.31,Revert,2026-03
20260311,2026-03-11 13:36:00+05:30,2026-03-11 13:38:00+05:30,2,+1 (sell CE / buy PE),56900,857.3,1478.9,845.7,1531.25,28.4,4.45,30,1918.5,263.52,1654.98,Revert,2026-03
20260311,2026-03-11 13:44:00+05:30,2026-03-11 13:46:00+05:30,2,+1 (sell CE / buy PE),56900,853.75,1506.0,834.95,1551.25,32.35,2.7,30,1921.5,264.68,1656.82,Revert,2026-03
20260311,2026-03-11 13:55:00+05:30,2026-03-11 13:56:00+05:30,1,+1 (sell CE / buy PE),56900,859.3,1475.55,858.4,1502.7,30.35,1.1,30,841.5,262.11,579.39,Revert,2026-03
20260311,2026-03-11 14:26:00+05:30,2026-03-11 14:35:00+05:30,9,+1 (sell CE / buy PE),56900,783.65,1587.75,796.0,1559.05,25.9,0.75,30,-1231.5,261.67,-1493.17,Revert,2026-03
20260311,2026-03-11 14:39:00+05:30,2026-03-11 14:42:00+05:30,3,+1 (sell CE / buy PE),56900,812.6,1506.35,803.2,1523.4,25.25,-0.2,30,793.5,260.28,533.22,Revert,2026-03
20260311,2026-03-11 14:47:00+05:30,2026-03-11 14:59:00+05:30,12,+1 (sell CE / buy PE),56900,798.3,1509.9,771.15,1642.0,36.2,-0.65,30,4777.5,265.91,4511.59,Revert,2026-03
20260311,2026-03-11 15:02:00+05:30,2026-03-11 15:03:00+05:30,1,+1 (sell CE / buy PE),56900,774.0,1583.9,776.3,1586.45,28.5,-0.55,30,7.5,262.38,-254.88,Revert,2026-03
20260311,2026-03-11 15:16:00+05:30,2026-03-11 15:24:00+05:30,8,+1 (sell CE / buy PE),56900,715.45,1640.0,710.0,1672.25,40.25,17.75,30,1131.0,263.81,867.19,EOD,2026-03
20260312,2026-03-12 11:07:00+05:30,2026-03-12 11:11:00+05:30,4,+1 (sell CE / buy PE),55200,1402.85,1049.7,1400.0,1051.65,27.35,-0.85,30,144.0,269.01,-125.01,Revert,2026-03
20260312,2026-03-12 11:45:00+05:30,2026-03-12 11:46:00+05:30,1,+1 (sell CE / buy PE),55200,1320.0,1107.9,1312.9,1120.25,27.5,1.65,30,583.5,267.8,315.7,Revert,2026-03
20260312,2026-03-12 12:09:00+05:30,2026-03-12 12:11:00+05:30,2,+1 (sell CE / buy PE),55200,1303.5,1077.5,1277.0,1107.15,26.0,-3.15,30,1684.5,265.19,1419.31,Revert,2026-03
20260312,2026-03-12 12:14:00+05:30,2026-03-12 12:15:00+05:30,1,+1 (sell CE / buy PE),55200,1349.95,1045.3,1337.65,1051.45,31.05,-3.6,30,553.5,265.05,288.45,Revert,2026-03
20260312,2026-03-12 13:33:00+05:30,2026-03-12 13:36:00+05:30,3,+1 (sell CE / buy PE),55200,1500.7,890.0,1490.6,899.05,30.7,3.15,30,574.5,264.92,309.58,Revert,2026-03
20260313,2026-03-13 10:28:00+05:30,2026-03-13 10:33:00+05:30,5,-1 (buy CE / sell PE),54700,1033.95,1393.7,1010.75,1412.35,-27.55,3.4,30,-1255.5,266.08,-1521.58,Revert,2026-03
20260313,2026-03-13 13:18:00+05:30,2026-03-13 13:22:00+05:30,4,+1 (sell CE / buy PE),54700,906.15,1550.55,912.25,1566.35,33.8,1.9,30,291.0,270.22,20.78,Revert,2026-03
20260313,2026-03-13 13:26:00+05:30,2026-03-13 13:50:00+05:30,24,+1 (sell CE / buy PE),54700,904.05,1596.2,880.95,1624.25,25.85,3.5,30,1534.5,273.63,1260.87,Revert,2026-03
20260313,2026-03-13 13:54:00+05:30,2026-03-13 14:02:00+05:30,8,+1 (sell CE / buy PE),54700,888.3,1651.75,886.4,1635.6,30.55,4.0,30,-427.5,274.21,-701.71,Revert,2026-03
20260313,2026-03-13 14:15:00+05:30,2026-03-13 14:16:00+05:30,1,+1 (sell CE / buy PE),54700,925.3,1549.85,915.2,1555.55,25.25,-0.35,30,474.0,270.74,203.26,Revert,2026-03
20260313,2026-03-13 14:17:00+05:30,2026-03-13 14:31:00+05:30,14,+1 (sell CE / buy PE),54700,919.15,1540.85,967.75,1450.0,30.3,-2.25,30,-4183.5,264.89,-4448.39,Revert,2026-03
20260313,2026-03-13 14:38:00+05:30,2026-03-13 14:58:00+05:30,20,+1 (sell CE / buy PE),54700,956.85,1420.6,912.05,1585.95,49.05,3.5,30,6304.5,272.51,6031.99,Revert,2026-03
20260313,2026-03-13 15:02:00+05:30,2026-03-13 15:17:00+05:30,15,+1 (sell CE / buy PE),54700,917.8,1573.45,878.7,1625.15,25.15,3.75,30,2724.0,274.14,2449.86,Revert,2026-03
20260316,2026-03-16 09:49:00+05:30,2026-03-16 10:19:00+05:30,30,+1 (sell CE / buy PE),54100,1253.35,1043.5,1087.25,1233.9,25.65,5.35,30,10695.0,266.58,10428.42,MaxHold,2026-03
20260316,2026-03-16 10:23:00+05:30,2026-03-16 10:32:00+05:30,9,+1 (sell CE / buy PE),54100,1046.15,1287.75,1045.7,1300.0,25.8,2.7,30,381.0,261.19,119.81,Revert,2026-03
20260316,2026-03-16 10:59:00+05:30,2026-03-16 11:01:00+05:30,2,+1 (sell CE / buy PE),54100,948.95,1404.9,943.6,1409.2,25.05,2.6,30,289.5,262.09,27.41,Revert,2026-03
20260316,2026-03-16 11:47:00+05:30,2026-03-16 11:48:00+05:30,1,+1 (sell CE / buy PE),54100,1096.2,1232.9,1108.0,1222.05,30.1,-0.85,30,-679.5,259.68,-939.18,Revert,2026-03
20260316,2026-03-16 11:55:00+05:30,2026-03-16 11:56:00+05:30,1,+1 (sell CE / buy PE),54100,1076.5,1257.95,1078.6,1238.55,28.95,1.05,30,-645.0,259.44,-904.44,Revert,2026-03
20260316,2026-03-16 12:11:00+05:30,2026-03-16 12:13:00+05:30,2,+1 (sell CE / buy PE),54100,1077.05,1233.5,1078.7,1219.65,26.55,-2.15,30,-465.0,258.05,-723.05,Revert,2026-03
20260316,2026-03-16 12:29:00+05:30,2026-03-16 12:37:00+05:30,8,+1 (sell CE / buy PE),54100,1101.6,1197.7,1031.0,1254.15,25.3,1.05,30,3811.5,260.33,3551.17,Revert,2026-03
20260316,2026-03-16 12:49:00+05:30,2026-03-16 12:51:00+05:30,2,+1 (sell CE / buy PE),54100,989.95,1331.7,972.65,1348.85,29.65,3.6,30,1033.5,260.37,773.13,Revert,2026-03
20260316,2026-03-16 12:56:00+05:30,2026-03-16 13:02:00+05:30,6,+1 (sell CE / buy PE),54100,1010.0,1295.1,1055.95,1248.95,30.9,-2.0,30,-2763.0,256.4,-3019.4,Revert,2026-03
20260316,2026-03-16 13:04:00+05:30,2026-03-16 13:08:00+05:30,4,+1 (sell CE / buy PE),54100,1022.0,1287.35,1010.6,1300.45,31.65,2.15,30,735.0,259.35,475.65,Revert,2026-03
20260316,2026-03-16 13:10:00+05:30,2026-03-16 13:19:00+05:30,9,+1 (sell CE / buy PE),54100,1013.95,1310.3,1028.85,1276.05,36.05,3.0,30,-1474.5,258.03,-1732.53,Revert,2026-03
20260316,2026-03-16 13:20:00+05:30,2026-03-16 13:25:00+05:30,5,+1 (sell CE / buy PE),54100,1041.65,1263.05,1047.85,1253.75,27.4,-0.7,30,-465.0,257.96,-722.96,Revert,2026-03
20260316,2026-03-16 13:31:00+05:30,2026-03-16 13:33:00+05:30,2,+1 (sell CE / buy PE),54100,1026.15,1245.05,1026.4,1273.75,37.3,2.65,30,853.5,257.69,595.81,Revert,2026-03
20260316,2026-03-16 13:43:00+05:30,2026-03-16 13:47:00+05:30,4,+1 (sell CE / buy PE),54100,1044.25,1237.45,1020.4,1283.4,27.6,2.0,30,2094.0,259.1,1834.9,Revert,2026-03
20260316,2026-03-16 13:56:00+05:30,2026-03-16 14:15:00+05:30,19,+1 (sell CE / buy PE),54100,1026.6,1253.45,1033.55,1230.1,25.75,3.45,30,-909.0,255.41,-1164.41,Revert,2026-03
20260316,2026-03-16 14:17:00+05:30,2026-03-16 14:25:00+05:30,8,+1 (sell CE / buy PE),54100,1042.3,1224.1,1229.9,1046.05,25.4,-0.95,30,-10969.5,247.97,-11217.47,Revert,2026-03
20260316,2026-03-16 14:41:00+05:30,2026-03-16 14:42:00+05:30,1,+1 (sell CE / buy PE),54100,1343.75,947.15,1348.65,936.2,25.4,2.45,30,-475.5,256.87,-732.37,Revert,2026-03
20260316,2026-03-16 14:54:00+05:30,2026-03-16 14:57:00+05:30,3,+1 (sell CE / buy PE),54100,1454.4,878.0,1425.3,900.1,25.8,-1.2,30,1536.0,261.26,1274.74,Revert,2026-03
20260316,2026-03-16 15:22:00+05:30,2026-03-16 15:23:00+05:30,1,+1 (sell CE / buy PE),54100,1370.8,940.45,1345.9,956.5,28.35,4.4,30,1228.5,259.47,969.03,Revert,2026-03
20260317,2026-03-17 09:44:00+05:30,2026-03-17 09:49:00+05:30,5,+1 (sell CE / buy PE),54300,1118.75,943.2,1152.7,914.55,26.15,2.35,30,-1878.0,239.95,-2117.95,Revert,2026-03
20260317,2026-03-17 10:44:00+05:30,2026-03-17 10:49:00+05:30,5,+1 (sell CE / buy PE),54300,1140.85,904.65,1193.6,834.7,30.2,1.5,30,-3681.0,236.65,-3917.65,Revert,2026-03
20260317,2026-03-17 11:00:00+05:30,2026-03-17 11:10:00+05:30,10,+1 (sell CE / buy PE),54300,1190.0,838.8,1147.6,874.05,26.2,-2.45,30,2329.5,240.24,2089.26,Revert,2026-03
20260317,2026-03-17 11:29:00+05:30,2026-03-17 11:33:00+05:30,4,+1 (sell CE / buy PE),54300,1054.0,979.95,1044.4,988.9,25.85,0.5,30,556.5,239.53,316.97,Revert,2026-03
20260317,2026-03-17 12:21:00+05:30,2026-03-17 12:22:00+05:30,1,+1 (sell CE / buy PE),54300,1075.0,936.45,1076.9,928.8,26.35,1.1,30,-286.5,237.13,-523.63,Revert,2026-03
20260317,2026-03-17 13:38:00+05:30,2026-03-17 13:46:00+05:30,8,+1 (sell CE / buy PE),54300,1224.2,786.8,1205.45,801.15,36.2,1.7,30,993.0,238.09,754.91,Revert,2026-03
20260317,2026-03-17 13:54:00+05:30,2026-03-17 13:58:00+05:30,4,+1 (sell CE / buy PE),54300,1215.85,784.1,1187.4,807.0,31.75,3.2,30,1540.5,237.66,1302.84,Revert,2026-03
20260317,2026-03-17 14:20:00+05:30,2026-03-17 14:26:00+05:30,6,+1 (sell CE / buy PE),54300,1241.5,750.8,1177.3,803.3,30.7,3.2,30,3501.0,238.34,3262.66,Revert,2026-03
20260317,2026-03-17 14:37:00+05:30,2026-03-17 14:51:00+05:30,14,+1 (sell CE / buy PE),54300,1244.3,743.95,1269.95,715.0,29.15,-0.85,30,-1638.0,234.57,-1872.57,Revert,2026-03
20260318,2026-03-18 12:28:00+05:30,2026-03-18 12:33:00+05:30,5,+1 (sell CE / buy PE),55100,909.9,752.85,943.05,734.6,27.25,-0.35,30,-1542.0,212.13,-1754.13,Revert,2026-03
20260318,2026-03-18 15:01:00+05:30,2026-03-18 15:02:00+05:30,1,+1 (sell CE / buy PE),55100,996.25,655.0,996.5,654.0,25.45,0.5,30,-37.5,211.86,-249.36,Revert,2026-03
20260320,2026-03-20 12:47:00+05:30,2026-03-20 12:51:00+05:30,4,-1 (buy CE / sell PE),54400,743.75,1193.6,724.55,1201.25,-38.85,-0.9,30,-805.5,231.27,-1036.77,Revert,2026-03
20260320,2026-03-20 13:34:00+05:30,2026-03-20 13:35:00+05:30,1,+1 (sell CE / buy PE),54400,748.85,1114.15,743.75,1130.75,32.1,3.0,30,651.0,227.87,423.13,Revert,2026-03
20260320,2026-03-20 13:48:00+05:30,2026-03-20 13:49:00+05:30,1,+1 (sell CE / buy PE),54400,685.0,1188.7,681.7,1214.05,36.3,-4.55,30,859.5,229.16,630.34,Revert,2026-03
20260320,2026-03-20 14:06:00+05:30,2026-03-20 14:07:00+05:30,1,+1 (sell CE / buy PE),54400,717.0,1158.55,705.45,1185.3,29.25,-0.85,30,1149.0,229.26,919.74,Revert,2026-03
20260320,2026-03-20 14:12:00+05:30,2026-03-20 14:20:00+05:30,8,+1 (sell CE / buy PE),54400,690.65,1170.0,671.0,1226.45,47.25,-2.85,30,2283.0,229.8,2053.2,Revert,2026-03
20260320,2026-03-20 14:51:00+05:30,2026-03-20 14:54:00+05:30,3,+1 (sell CE / buy PE),54400,562.75,1400.2,561.15,1429.6,35.35,-4.85,30,930.0,235.77,694.23,Revert,2026-03
20260320,2026-03-20 15:08:00+05:30,2026-03-20 15:09:00+05:30,1,+1 (sell CE / buy PE),54400,574.6,1321.75,565.75,1349.75,30.85,-1.8,30,1105.5,230.85,874.65,Revert,2026-03
20260320,2026-03-20 15:10:00+05:30,2026-03-20 15:14:00+05:30,4,+1 (sell CE / buy PE),54400,528.35,1349.0,536.65,1405.8,79.35,-0.55,30,1455.0,231.39,1223.61,Revert,2026-03
20260320,2026-03-20 15:16:00+05:30,2026-03-20 15:18:00+05:30,2,+1 (sell CE / buy PE),54400,513.35,1429.5,511.5,1469.0,29.85,1.9,30,1240.5,234.91,1005.59,Revert,2026-03
20260320,2026-03-20 15:21:00+05:30,2026-03-20 15:23:00+05:30,2,-1 (buy CE / sell PE),54400,545.6,1400.0,527.45,1413.25,-26.4,-3.6,30,-942.0,231.99,-1173.99,Revert,2026-03
20260323,2026-03-23 11:29:00+05:30,2026-03-23 11:30:00+05:30,1,-1 (buy CE / sell PE),52300,857.25,1325.0,853.5,1273.7,-38.95,-0.0,30,1426.5,248.79,1177.71,Revert,2026-03
20260323,2026-03-23 12:38:00+05:30,2026-03-23 12:42:00+05:30,4,+1 (sell CE / buy PE),52300,873.8,1315.75,863.85,1353.35,27.65,2.7,30,1426.5,252.25,1174.25,Revert,2026-03
20260323,2026-03-23 12:53:00+05:30,2026-03-23 12:58:00+05:30,5,+1 (sell CE / buy PE),52300,850.45,1376.75,835.85,1423.0,25.3,-3.15,30,1825.5,255.37,1570.13,Revert,2026-03
20260323,2026-03-23 13:04:00+05:30,2026-03-23 13:06:00+05:30,2,+1 (sell CE / buy PE),52300,842.35,1419.85,845.5,1420.2,27.3,3.1,30,-84.0,255.45,-339.45,Revert,2026-03
20260323,2026-03-23 13:12:00+05:30,2026-03-23 13:18:00+05:30,6,+1 (sell CE / buy PE),52300,829.3,1444.6,838.25,1412.2,26.9,-1.55,30,-1240.5,254.48,-1494.98,Revert,2026-03
20260323,2026-03-23 13:29:00+05:30,2026-03-23 13:31:00+05:30,2,+1 (sell CE / buy PE),52300,859.95,1375.75,884.5,1346.45,29.4,0.85,30,-1615.5,252.15,-1867.65,Revert,2026-03
20260323,2026-03-23 13:34:00+05:30,2026-03-23 13:35:00+05:30,1,+1 (sell CE / buy PE),52300,892.3,1334.75,891.6,1335.5,32.55,3.3,30,43.5,252.92,-209.42,Revert,2026-03
20260323,2026-03-23 13:36:00+05:30,2026-03-23 13:38:00+05:30,2,+1 (sell CE / buy PE),52300,907.45,1315.0,891.0,1331.9,25.25,0.7,30,1000.5,253.31,747.19,Revert,2026-03
20260323,2026-03-23 14:10:00+05:30,2026-03-23 14:13:00+05:30,3,+1 (sell CE / buy PE),52300,954.9,1197.9,940.0,1220.0,41.4,4.0,30,1110.0,248.68,861.32,Revert,2026-03
20260323,2026-03-23 14:24:00+05:30,2026-03-23 14:33:00+05:30,9,+1 (sell CE / buy PE),52300,920.0,1224.2,763.65,1443.9,26.8,3.75,30,11281.5,257.54,11023.96,Revert,2026-03
20260323,2026-03-23 14:37:00+05:30,2026-03-23 14:41:00+05:30,4,+1 (sell CE / buy PE),52300,829.65,1300.4,796.7,1352.5,29.25,4.2,30,2551.5,248.54,2302.96,Revert,2026-03
20260323,2026-03-23 14:45:00+05:30,2026-03-23 14:46:00+05:30,1,+1 (sell CE / buy PE),52300,834.65,1309.25,828.75,1328.6,39.2,4.35,30,757.5,248.01,509.49,Revert,2026-03
20260323,2026-03-23 14:50:00+05:30,2026-03-23 14:52:00+05:30,2,+1 (sell CE / buy PE),52300,862.55,1260.75,855.45,1265.05,25.8,-4.4,30,342.0,245.66,96.34,Revert,2026-03
20260323,2026-03-23 15:11:00+05:30,2026-03-23 15:13:00+05:30,2,+1 (sell CE / buy PE),52300,751.5,1394.4,718.95,1469.65,28.7,-0.3,30,3234.0,251.01,2982.99,Revert,2026-03
20260324,2026-03-24 09:43:00+05:30,2026-03-24 09:59:00+05:30,16,+1 (sell CE / buy PE),52600,760.0,1097.6,765.5,1067.95,26.8,3.55,30,-1054.5,224.96,-1279.46,Revert,2026-03
20260324,2026-03-24 10:24:00+05:30,2026-03-24 10:35:00+05:30,11,+1 (sell CE / buy PE),52600,748.0,1050.75,627.5,1213.0,29.45,3.5,30,8482.5,230.13,8252.37,Revert,2026-03
20260324,2026-03-24 10:39:00+05:30,2026-03-24 10:40:00+05:30,1,+1 (sell CE / buy PE),52600,602.1,1265.15,602.15,1281.9,30.75,1.25,30,501.0,228.25,272.75,Revert,2026-03
20260324,2026-03-24 10:41:00+05:30,2026-03-24 10:46:00+05:30,5,+1 (sell CE / buy PE),52600,620.65,1229.55,623.7,1228.55,32.5,-2.05,30,-121.5,226.05,-347.55,Revert,2026-03
20260324,2026-03-24 10:51:00+05:30,2026-03-24 10:53:00+05:30,2,-1 (buy CE / sell PE),52600,632.85,1203.7,618.1,1232.0,-49.85,-1.9,30,-1291.5,224.63,-1516.13,Revert,2026-03
20260324,2026-03-24 10:56:00+05:30,2026-03-24 11:00:00+05:30,4,+1 (sell CE / buy PE),52600,613.15,1231.0,595.0,1259.75,30.75,3.25,30,1407.0,227.05,1179.95,Revert,2026-03
20260324,2026-03-24 11:10:00+05:30,2026-03-24 11:24:00+05:30,14,+1 (sell CE / buy PE),52600,619.8,1183.45,615.5,1211.7,26.35,3.8,30,976.5,224.3,752.2,Revert,2026-03
20260324,2026-03-24 11:25:00+05:30,2026-03-24 11:35:00+05:30,10,-1 (buy CE / sell PE),52600,639.9,1225.55,664.6,1110.0,-47.65,1.8,30,4207.5,227.01,3980.49,Revert,2026-03
20260324,2026-03-24 11:47:00+05:30,2026-03-24 11:57:00+05:30,10,+1 (sell CE / buy PE),52600,679.45,1104.05,702.45,1062.85,33.6,-0.8,30,-1926.0,219.26,-2145.26,Revert,2026-03
20260324,2026-03-24 12:15:00+05:30,2026-03-24 12:16:00+05:30,1,+1 (sell CE / buy PE),52600,621.8,1170.65,622.2,1172.75,25.55,1.05,30,51.0,222.09,-171.09,Revert,2026-03
20260324,2026-03-24 12:30:00+05:30,2026-03-24 12:33:00+05:30,3,-1 (buy CE / sell PE),52600,735.45,999.1,808.1,906.35,-32.85,4.95,30,4962.0,220.77,4741.23,Revert,2026-03
20260324,2026-03-24 12:39:00+05:30,2026-03-24 12:40:00+05:30,1,+1 (sell CE / buy PE),52600,910.7,840.0,912.85,840.35,33.9,2.1,30,-54.0,219.04,-273.04,Revert,2026-03
20260401,2026-04-01 09:35:00+05:30,2026-04-01 09:39:00+05:30,4,+1 (sell CE / buy PE),52000,1558.1,1743.55,1540.95,1785.45,34.55,2.3,30,1771.5,331.54,1439.96,Revert,2026-04
20260401,2026-04-01 09:40:00+05:30,2026-04-01 09:41:00+05:30,1,+1 (sell CE / buy PE),52000,1574.95,1749.95,1576.25,1707.1,25.0,1.75,30,-1324.5,328.56,-1653.06,Revert,2026-04
20260401,2026-04-01 09:43:00+05:30,2026-04-01 10:13:00+05:30,30,+1 (sell CE / buy PE),52000,1547.05,1760.65,1511.65,1720.55,36.4,52.3,30,-141.0,327.0,-468.0,MaxHold,2026-04
20260401,2026-04-01 10:13:00+05:30,2026-04-01 10:31:00+05:30,18,+1 (sell CE / buy PE),52000,1511.65,1720.55,1408.05,1853.3,52.3,4.75,30,7090.5,330.67,6759.83,Revert,2026-04
20260401,2026-04-01 10:32:00+05:30,2026-04-01 10:33:00+05:30,1,+1 (sell CE / buy PE),52000,1419.3,1840.0,1396.65,1875.75,46.5,-4.7,30,1752.0,328.1,1423.9,Revert,2026-04
20260401,2026-04-01 10:42:00+05:30,2026-04-01 10:53:00+05:30,11,+1 (sell CE / buy PE),52000,1390.0,1863.9,1422.0,1836.65,26.1,4.95,30,-1777.5,324.83,-2102.33,Revert,2026-04
20260401,2026-04-01 10:56:00+05:30,2026-04-01 11:22:00+05:30,26,+1 (sell CE / buy PE),52000,1401.25,1865.15,1456.0,1780.0,32.1,4.8,30,-4197.0,322.69,-4519.69,Revert,2026-04
20260401,2026-04-01 11:27:00+05:30,2026-04-01 11:32:00+05:30,5,+1 (sell CE / buy PE),52000,1465.75,1770.05,1490.0,1750.0,38.5,5.0,30,-1329.0,323.85,-1652.85,Revert,2026-04
20260401,2026-04-01 11:33:00+05:30,2026-04-01 11:35:00+05:30,2,+1 (sell CE / buy PE),52000,1499.1,1749.35,1497.4,1750.0,36.75,4.2,30,70.5,325.59,-255.09,Revert,2026-04
20260401,2026-04-01 11:36:00+05:30,2026-04-01 12:06:00+05:30,30,+1 (sell CE / buy PE),52000,1491.5,1759.9,1593.35,1615.05,31.2,48.3,30,-7401.0,318.82,-7719.82,MaxHold,2026-04
20260401,2026-04-01 12:06:00+05:30,2026-04-01 12:17:00+05:30,11,+1 (sell CE / buy PE),52000,1593.35,1615.05,1618.35,1589.2,48.3,1.15,30,-1525.5,321.57,-1847.07,Revert,2026-04
20260401,2026-04-01 12:18:00+05:30,2026-04-01 12:48:00+05:30,30,+1 (sell CE / buy PE),52000,1622.5,1586.25,1722.0,1461.75,31.85,11.05,30,-6720.0,316.92,-7036.92,MaxHold,2026-04
20260401,2026-04-01 12:51:00+05:30,2026-04-01 13:21:00+05:30,30,+1 (sell CE / buy PE),52000,1710.0,1488.45,1689.25,1482.25,31.35,40.0,30,436.5,321.38,115.12,MaxHold,2026-04
20260401,2026-04-01 13:21:00+05:30,2026-04-01 13:30:00+05:30,9,+1 (sell CE / buy PE),52000,1689.25,1482.25,1632.0,1552.0,40.0,0.4,30,3810.0,323.34,3486.66,Revert,2026-04
20260401,2026-04-01 13:34:00+05:30,2026-04-01 13:39:00+05:30,5,+1 (sell CE / buy PE),52000,1623.0,1565.8,1634.4,1568.2,37.2,-4.8,30,-270.0,321.62,-591.62,Revert,2026-04
20260401,2026-04-01 13:51:00+05:30,2026-04-01 13:56:00+05:30,5,+1 (sell CE / buy PE),52000,1555.0,1655.6,1588.8,1639.5,29.4,1.3,30,-1497.0,322.41,-1819.41,Revert,2026-04
20260401,2026-04-01 13:58:00+05:30,2026-04-01 13:59:00+05:30,1,+1 (sell CE / buy PE),52000,1580.2,1639.6,1566.0,1658.5,29.4,2.7,30,993.0,324.43,668.57,Revert,2026-04
20260401,2026-04-01 14:08:00+05:30,2026-04-01 14:14:00+05:30,6,+1 (sell CE / buy PE),52000,1612.7,1610.4,1643.95,1567.05,27.3,-0.3,30,-2238.0,321.7,-2559.7,Revert,2026-04
20260401,2026-04-01 14:31:00+05:30,2026-04-01 14:45:00+05:30,14,+1 (sell CE / buy PE),52000,1622.75,1600.05,1525.0,1711.75,39.5,-0.75,30,6283.5,328.86,5954.64,Revert,2026-04
20260401,2026-04-01 14:46:00+05:30,2026-04-01 14:56:00+05:30,10,+1 (sell CE / buy PE),52000,1513.0,1722.35,1544.35,1687.65,39.65,4.9,30,-1981.5,323.07,-2304.57,Revert,2026-04
20260401,2026-04-01 15:00:00+05:30,2026-04-01 15:03:00+05:30,3,+1 (sell CE / buy PE),52000,1545.05,1664.15,1495.5,1723.6,45.9,-1.3,30,3270.0,325.54,2944.46,Revert,2026-04
20260401,2026-04-01 15:05:00+05:30,2026-04-01 15:12:00+05:30,7,+1 (sell CE / buy PE),52000,1505.25,1716.35,1512.85,1713.55,28.7,1.7,30,-312.0,323.61,-635.61,Revert,2026-04
20260401,2026-04-01 15:13:00+05:30,2026-04-01 15:19:00+05:30,6,+1 (sell CE / buy PE),52000,1512.25,1713.6,1496.05,1717.75,28.65,3.3,30,610.5,323.99,286.51,Revert,2026-04
20260402,2026-04-02 09:31:00+05:30,2026-04-02 09:32:00+05:30,1,+1 (sell CE / buy PE),50400,1759.4,1680.95,1742.3,1709.0,34.45,-0.7,30,1354.5,340.62,1013.88,Revert,2026-04
20260402,2026-04-02 09:39:00+05:30,2026-04-02 09:45:00+05:30,6,+1 (sell CE / buy PE),50400,1789.6,1659.1,1777.9,1673.5,25.5,4.4,30,783.0,340.5,442.5,Revert,2026-04
20260402,2026-04-02 09:46:00+05:30,2026-04-02 09:51:00+05:30,5,+1 (sell CE / buy PE),50400,1759.0,1689.55,1755.0,1701.65,32.85,3.75,30,483.0,340.46,142.54,Revert,2026-04
20260402,2026-04-02 09:54:00+05:30,2026-04-02 10:24:00+05:30,30,+1 (sell CE / buy PE),50400,1736.75,1739.4,1685.4,1774.2,35.55,17.0,30,2584.5,343.09,2241.41,MaxHold,2026-04
20260402,2026-04-02 10:25:00+05:30,2026-04-02 10:32:00+05:30,7,+1 (sell CE / buy PE),50400,1701.95,1760.05,1693.7,1744.05,30.9,4.25,30,-232.5,339.74,-572.24,Revert,2026-04
20260402,2026-04-02 10:35:00+05:30,2026-04-02 10:38:00+05:30,3,+1 (sell CE / buy PE),50400,1672.0,1765.55,1685.95,1752.0,42.05,-0.65,30,-825.0,338.44,-1163.44,Revert,2026-04
20260402,2026-04-02 10:43:00+05:30,2026-04-02 10:45:00+05:30,2,+1 (sell CE / buy PE),50400,1696.65,1739.15,1688.5,1748.55,28.5,-2.85,30,526.5,339.34,187.16,Revert,2026-04
20260402,2026-04-02 10:46:00+05:30,2026-04-02 10:49:00+05:30,3,+1 (sell CE / buy PE),50400,1671.85,1749.0,1641.0,1795.0,42.65,1.8,30,2305.5,340.08,1965.42,Revert,2026-04
20260402,2026-04-02 10:50:00+05:30,2026-04-02 10:53:00+05:30,3,+1 (sell CE / buy PE),50400,1623.65,1798.3,1665.35,1801.0,25.35,4.35,30,-1170.0,338.64,-1508.64,Revert,2026-04
20260402,2026-04-02 10:54:00+05:30,2026-04-02 11:06:00+05:30,12,+1 (sell CE / buy PE),50400,1669.15,1756.75,1689.5,1727.1,42.8,-0.8,30,-1500.0,336.77,-1836.77,Revert,2026-04
20260402,2026-04-02 11:14:00+05:30,2026-04-02 11:21:00+05:30,7,+1 (sell CE / buy PE),50400,1689.85,1739.6,1684.2,1746.65,29.65,2.55,30,381.0,338.79,42.21,Revert,2026-04
20260402,2026-04-02 11:24:00+05:30,2026-04-02 11:26:00+05:30,2,+1 (sell CE / buy PE),50400,1696.45,1748.75,1692.6,1751.6,27.7,-4.6,30,201.0,339.69,-138.69,Revert,2026-04
20260402,2026-04-02 11:27:00+05:30,2026-04-02 11:33:00+05:30,6,+1 (sell CE / buy PE),50400,1692.15,1753.65,1679.6,1763.45,37.3,2.35,30,670.5,340.01,330.49,Revert,2026-04
20260402,2026-04-02 11:34:00+05:30,2026-04-02 11:45:00+05:30,11,+1 (sell CE / buy PE),50400,1679.4,1763.05,1690.3,1761.0,26.35,-3.5,30,-388.5,339.41,-727.91,Revert,2026-04
20260402,2026-04-02 11:46:00+05:30,2026-04-02 11:50:00+05:30,4,+1 (sell CE / buy PE),50400,1699.4,1754.5,1710.3,1740.3,28.1,4.2,30,-753.0,339.53,-1092.53,Revert,2026-04
20260402,2026-04-02 11:51:00+05:30,2026-04-02 11:53:00+05:30,2,+1 (sell CE / buy PE),50400,1703.55,1739.6,1700.95,1745.05,34.95,2.5,30,241.5,339.71,-98.21,Revert,2026-04
20260402,2026-04-02 11:54:00+05:30,2026-04-02 12:02:00+05:30,8,+1 (sell CE / buy PE),50400,1693.9,1736.85,1693.4,1742.0,32.65,-0.8,30,169.5,338.84,-169.34,Revert,2026-04
20260402,2026-04-02 12:03:00+05:30,2026-04-02 12:09:00+05:30,6,+1 (sell CE / buy PE),50400,1708.55,1728.5,1677.0,1756.9,30.05,0.1,30,1798.5,340.21,1458.29,Revert,2026-04
20260402,2026-04-02 12:10:00+05:30,2026-04-02 12:12:00+05:30,2,+1 (sell CE / buy PE),50400,1684.4,1754.0,1690.0,1736.0,30.4,3.4,30,-708.0,338.13,-1046.13,Revert,2026-04
20260402,2026-04-02 12:14:00+05:30,2026-04-02 12:21:00+05:30,7,+1 (sell CE / buy PE),50400,1688.5,1739.8,1653.5,1778.95,32.3,-4.45,30,2224.5,340.16,1884.34,Revert,2026-04
20260402,2026-04-02 12:23:00+05:30,2026-04-02 12:24:00+05:30,1,+1 (sell CE / buy PE),50400,1674.4,1761.7,1687.5,1754.7,36.3,2.8,30,-603.0,338.7,-941.7,Revert,2026-04
20260402,2026-04-02 12:25:00+05:30,2026-04-02 12:55:00+05:30,30,+1 (sell CE / buy PE),50400,1688.5,1758.6,1815.0,1630.0,49.9,51.0,30,-7653.0,334.01,-7987.01,MaxHold,2026-04
20260402,2026-04-02 12:55:00+05:30,2026-04-02 13:25:00+05:30,30,+1 (sell CE / buy PE),50400,1815.0,1630.0,1936.45,1555.0,51.0,39.05,30,-5893.5,336.88,-6230.38,MaxHold,2026-04
20260402,2026-04-02 13:25:00+05:30,2026-04-02 13:55:00+05:30,30,+1 (sell CE / buy PE),50400,1936.45,1555.0,2121.0,1415.5,39.05,39.1,30,-9721.5,337.33,-10058.83,MaxHold,2026-04
20260402,2026-04-02 13:55:00+05:30,2026-04-02 14:01:00+05:30,6,+1 (sell CE / buy PE),50400,2121.0,1415.5,2142.2,1382.3,39.1,2.1,30,-1632.0,344.45,-1976.45,Revert,2026-04
20260402,2026-04-02 14:02:00+05:30,2026-04-02 14:09:00+05:30,7,+1 (sell CE / buy PE),50400,2136.45,1393.95,2190.0,1368.45,42.5,-0.45,30,-2371.5,344.9,-2716.4,Revert,2026-04
20260402,2026-04-02 14:23:00+05:30,2026-04-02 14:27:00+05:30,4,+1 (sell CE / buy PE),50400,2327.65,1253.7,2310.45,1242.7,26.75,-2.25,30,186.0,348.4,-162.4,Revert,2026-04
20260402,2026-04-02 14:36:00+05:30,2026-04-02 14:39:00+05:30,3,+1 (sell CE / buy PE),50400,2374.2,1237.15,2234.85,1296.4,66.85,-0.95,30,5958.0,352.93,5605.07,Revert,2026-04
20260402,2026-04-02 14:40:00+05:30,2026-04-02 14:51:00+05:30,11,+1 (sell CE / buy PE),50400,2257.95,1293.9,2332.4,1240.6,28.85,-3.8,30,-3832.5,345.1,-4177.6,Revert,2026-04
20260402,2026-04-02 14:55:00+05:30,2026-04-02 14:57:00+05:30,2,+1 (sell CE / buy PE),50400,2330.0,1250.4,2332.0,1251.05,27.6,-3.65,30,-40.5,349.26,-389.76,Revert,2026-04
20260402,2026-04-02 14:59:00+05:30,2026-04-02 15:03:00+05:30,4,+1 (sell CE / buy PE),50400,2331.2,1240.55,2396.7,1194.65,30.85,-3.75,30,-3342.0,346.82,-3688.82,Revert,2026-04
20260402,2026-04-02 15:05:00+05:30,2026-04-02 15:07:00+05:30,2,+1 (sell CE / buy PE),50400,2485.0,1137.0,2554.2,1098.85,25.2,0.35,30,-3220.5,350.9,-3571.4,Revert,2026-04
20260402,2026-04-02 15:08:00+05:30,2026-04-02 15:17:00+05:30,9,-1 (buy CE / sell PE),50400,2563.95,1079.4,2603.9,1070.55,-60.05,4.95,30,1464.0,355.86,1108.14,Revert,2026-04
20260402,2026-04-02 15:18:00+05:30,2026-04-02 15:21:00+05:30,3,+1 (sell CE / buy PE),50400,2593.4,1081.95,2507.8,1120.35,28.65,-1.55,30,3720.0,357.01,3362.99,Revert,2026-04
20260402,2026-04-02 15:22:00+05:30,2026-04-02 15:23:00+05:30,1,-1 (buy CE / sell PE),50400,2467.9,1128.75,2507.05,1130.05,-42.45,0.0,30,1135.5,352.63,782.87,Revert,2026-04
20260406,2026-04-06 09:43:00+05:30,2026-04-06 09:46:00+05:30,3,-1 (buy CE / sell PE),51600,1740.8,1544.75,1786.4,1515.0,-26.55,-0.4,30,2260.5,330.44,1930.06,Revert,2026-04
20260406,2026-04-06 10:08:00+05:30,2026-04-06 10:10:00+05:30,2,-1 (buy CE / sell PE),51600,1671.55,1604.1,1623.2,1620.85,-25.15,-2.65,30,-1953.0,324.95,-2277.95,Revert,2026-04
20260406,2026-04-06 10:14:00+05:30,2026-04-06 10:18:00+05:30,4,+1 (sell CE / buy PE),51600,1696.5,1538.65,1659.2,1588.45,27.45,-3.45,30,2613.0,326.99,2286.01,Revert,2026-04
20260406,2026-04-06 10:46:00+05:30,2026-04-06 10:49:00+05:30,3,+1 (sell CE / buy PE),51600,1778.1,1474.8,1777.0,1474.1,32.7,3.5,30,12.0,325.84,-313.84,Revert,2026-04
20260406,2026-04-06 10:50:00+05:30,2026-04-06 10:53:00+05:30,3,+1 (sell CE / buy PE),51600,1790.0,1464.5,1723.95,1522.95,25.5,1.0,30,3735.0,328.48,3406.52,Revert,2026-04
20260406,2026-04-06 10:56:00+05:30,2026-04-06 11:01:00+05:30,5,+1 (sell CE / buy PE),51600,1756.15,1490.3,1720.0,1537.1,28.65,2.9,30,2488.5,327.64,2160.86,Revert,2026-04
20260406,2026-04-06 11:21:00+05:30,2026-04-06 11:45:00+05:30,24,+1 (sell CE / buy PE),51600,1735.0,1520.8,1742.1,1508.5,28.2,3.6,30,-582.0,325.49,-907.49,Revert,2026-04
20260406,2026-04-06 11:46:00+05:30,2026-04-06 11:50:00+05:30,4,+1 (sell CE / buy PE),51600,1765.5,1491.2,1776.2,1473.8,30.5,3.0,30,-843.0,325.3,-1168.3,Revert,2026-04
20260406,2026-04-06 11:56:00+05:30,2026-04-06 12:02:00+05:30,6,+1 (sell CE / buy PE),51600,1834.55,1438.5,1788.0,1477.3,26.85,-2.1,30,2560.5,328.93,2231.57,Revert,2026-04
20260406,2026-04-06 12:08:00+05:30,2026-04-06 12:10:00+05:30,2,+1 (sell CE / buy PE),51600,1815.0,1455.6,1780.6,1481.45,28.0,-4.85,30,1807.5,328.18,1479.32,Revert,2026-04
20260406,2026-04-06 12:26:00+05:30,2026-04-06 12:27:00+05:30,1,+1 (sell CE / buy PE),51600,1878.4,1409.95,1870.2,1405.65,29.45,4.55,30,117.0,328.06,-211.06,Revert,2026-04
20260406,2026-04-06 12:40:00+05:30,2026-04-06 12:42:00+05:30,2,+1 (sell CE / buy PE),51600,1820.8,1430.7,1795.9,1465.8,30.1,-2.5,30,1800.0,327.48,1472.52,Revert,2026-04
20260406,2026-04-06 12:43:00+05:30,2026-04-06 12:44:00+05:30,1,+1 (sell CE / buy PE),51600,1809.25,1442.85,1811.85,1443.8,54.0,-0.95,30,-49.5,325.92,-375.42,Revert,2026-04
20260406,2026-04-06 12:51:00+05:30,2026-04-06 13:07:00+05:30,16,+1 (sell CE / buy PE),51600,2013.45,1301.45,1996.25,1309.15,28.0,1.9,30,747.0,330.52,416.48,Revert,2026-04
20260406,2026-04-06 13:15:00+05:30,2026-04-06 13:17:00+05:30,2,+1 (sell CE / buy PE),51600,2076.7,1245.6,2143.95,1220.0,31.1,-0.05,30,-2785.5,330.27,-3115.77,Revert,2026-04
20260406,2026-04-06 13:18:00+05:30,2026-04-06 13:25:00+05:30,7,+1 (sell CE / buy PE),51600,2122.9,1221.1,2153.0,1210.35,27.2,-1.75,30,-1225.5,332.16,-1557.66,Revert,2026-04
20260406,2026-04-06 13:32:00+05:30,2026-04-06 13:35:00+05:30,3,+1 (sell CE / buy PE),51600,2174.8,1212.0,2192.4,1194.95,34.4,-2.55,30,-1039.5,334.68,-1374.18,Revert,2026-04
20260406,2026-04-06 13:40:00+05:30,2026-04-06 13:45:00+05:30,5,+1 (sell CE / buy PE),51600,2168.2,1200.65,2116.95,1225.45,46.15,-2.1,30,2281.5,334.88,1946.62,Revert,2026-04
20260406,2026-04-06 14:08:00+05:30,2026-04-06 14:21:00+05:30,13,+1 (sell CE / buy PE),51600,2169.85,1200.65,2225.9,1149.8,44.2,0.3,30,-3207.0,332.09,-3539.09,Revert,2026-04
20260406,2026-04-06 14:38:00+05:30,2026-04-06 14:45:00+05:30,7,-1 (buy CE / sell PE),51600,2231.75,1139.45,2226.3,1140.2,-31.5,3.3,30,-186.0,334.01,-520.01,Revert,2026-04
20260406,2026-04-06 14:48:00+05:30,2026-04-06 14:54:00+05:30,6,-1 (buy CE / sell PE),51600,2239.0,1144.3,2223.0,1144.05,-26.3,-2.05,30,-472.5,334.25,-806.75,Revert,2026-04
20260406,2026-04-06 14:55:00+05:30,2026-04-06 14:56:00+05:30,1,-1 (buy CE / sell PE),51600,2182.1,1163.0,2228.65,1145.1,-31.7,-4.45,30,1933.5,334.89,1598.61,Revert,2026-04
20260406,2026-04-06 14:58:00+05:30,2026-04-06 15:03:00+05:30,5,-1 (buy CE / sell PE),51600,2213.65,1149.5,2235.1,1117.45,-25.85,4.05,30,1605.0,334.54,1270.46,Revert,2026-04
20260406,2026-04-06 15:10:00+05:30,2026-04-06 15:11:00+05:30,1,-1 (buy CE / sell PE),51600,2349.9,1051.1,2381.5,1051.55,-31.2,0.75,30,934.5,338.26,596.24,Revert,2026-04
20260407,2026-04-07 09:41:00+05:30,2026-04-07 09:42:00+05:30,1,-1 (buy CE / sell PE),52400,1506.15,1564.2,1486.7,1585.0,-27.85,-3.5,30,-1207.5,312.06,-1519.56,Revert,2026-04
20260407,2026-04-07 10:07:00+05:30,2026-04-07 10:14:00+05:30,7,+1 (sell CE / buy PE),52400,1552.5,1514.1,1552.75,1521.9,27.6,0.85,30,226.5,313.09,-86.59,Revert,2026-04
20260407,2026-04-07 10:31:00+05:30,2026-04-07 10:34:00+05:30,3,+1 (sell CE / buy PE),52400,1566.75,1483.05,1529.5,1516.45,30.5,2.05,30,2119.5,312.86,1806.64,Revert,2026-04
20260407,2026-04-07 10:36:00+05:30,2026-04-07 10:45:00+05:30,9,+1 (sell CE / buy PE),52400,1497.45,1559.35,1570.0,1484.0,25.7,-1.0,30,-4437.0,308.58,-4745.58,Revert,2026-04
20260407,2026-04-07 10:48:00+05:30,2026-04-07 10:49:00+05:30,1,+1 (sell CE / buy PE),52400,1558.45,1488.2,1531.05,1532.05,26.85,4.0,30,2137.5,313.37,1824.13,Revert,2026-04
20260407,2026-04-07 11:09:00+05:30,2026-04-07 11:10:00+05:30,1,-1 (buy CE / sell PE),52400,1462.65,1593.55,1454.6,1610.0,-29.7,4.6,30,-735.0,311.65,-1046.65,Revert,2026-04
20260407,2026-04-07 11:14:00+05:30,2026-04-07 11:31:00+05:30,17,+1 (sell CE / buy PE),52400,1440.9,1630.65,1515.55,1512.0,31.85,2.55,30,-5799.0,307.16,-6106.16,Revert,2026-04
20260407,2026-04-07 11:44:00+05:30,2026-04-07 11:45:00+05:30,1,+1 (sell CE / buy PE),52400,1497.0,1527.6,1491.6,1544.35,37.6,-2.75,30,664.5,310.54,353.96,Revert,2026-04
20260407,2026-04-07 12:00:00+05:30,2026-04-07 12:07:00+05:30,7,+1 (sell CE / buy PE),52400,1563.8,1481.95,1522.7,1518.3,28.45,4.6,30,2323.5,312.69,2010.81,Revert,2026-04
20260407,2026-04-07 12:09:00+05:30,2026-04-07 12:15:00+05:30,6,+1 (sell CE / buy PE),52400,1539.0,1505.0,1515.0,1537.8,26.0,2.2,30,1704.0,312.59,1391.41,Revert,2026-04
20260407,2026-04-07 12:20:00+05:30,2026-04-07 12:23:00+05:30,3,+1 (sell CE / buy PE),52400,1496.0,1556.6,1474.0,1580.65,27.4,1.35,30,1381.5,312.73,1068.77,Revert,2026-04
20260407,2026-04-07 12:28:00+05:30,2026-04-07 12:29:00+05:30,1,+1 (sell CE / buy PE),52400,1492.05,1561.0,1493.9,1551.9,31.05,-2.0,30,-328.5,311.17,-639.67,Revert,2026-04
20260407,2026-04-07 12:31:00+05:30,2026-04-07 12:42:00+05:30,11,+1 (sell CE / buy PE),52400,1512.4,1537.95,1499.55,1559.65,28.05,-3.5,30,1036.5,312.55,723.95,Revert,2026-04
20260407,2026-04-07 12:45:00+05:30,2026-04-07 12:55:00+05:30,10,+1 (sell CE / buy PE),52400,1498.4,1551.7,1489.05,1549.45,26.3,-0.2,30,213.0,311.2,-98.2,Revert,2026-04
20260407,2026-04-07 12:59:00+05:30,2026-04-07 13:19:00+05:30,20,+1 (sell CE / buy PE),52400,1481.45,1579.85,1544.35,1497.55,25.4,2.8,30,-4356.0,308.36,-4664.36,Revert,2026-04
20260407,2026-04-07 13:26:00+05:30,2026-04-07 13:31:00+05:30,5,+1 (sell CE / buy PE),52400,1509.05,1534.0,1561.2,1472.15,29.85,1.05,30,-3420.0,308.1,-3728.1,Revert,2026-04
20260407,2026-04-07 13:34:00+05:30,2026-04-07 13:54:00+05:30,20,+1 (sell CE / buy PE),52400,1616.05,1430.4,1695.0,1356.8,34.25,-1.8,30,-4576.5,308.03,-4884.53,Revert,2026-04
20260407,2026-04-07 14:10:00+05:30,2026-04-07 14:17:00+05:30,7,-1 (buy CE / sell PE),52400,1649.9,1393.55,1656.6,1396.3,-29.25,0.3,30,118.5,311.41,-192.91,Revert,2026-04
20260407,2026-04-07 14:19:00+05:30,2026-04-07 14:23:00+05:30,4,+1 (sell CE / buy PE),52400,1645.0,1402.0,1635.45,1417.15,41.0,-1.7,30,741.0,311.98,429.02,Revert,2026-04
20260407,2026-04-07 14:24:00+05:30,2026-04-07 14:28:00+05:30,4,+1 (sell CE / buy PE),52400,1650.55,1399.5,1673.7,1391.05,28.45,2.65,30,-948.0,311.28,-1259.28,Revert,2026-04
20260407,2026-04-07 14:33:00+05:30,2026-04-07 14:46:00+05:30,13,+1 (sell CE / buy PE),52400,1681.9,1364.05,1660.0,1399.35,27.85,4.65,30,1716.0,312.9,1403.1,Revert,2026-04
20260407,2026-04-07 14:54:00+05:30,2026-04-07 14:55:00+05:30,1,+1 (sell CE / buy PE),52400,1710.45,1334.55,1739.05,1305.85,27.7,1.2,30,-1719.0,309.83,-2028.83,Revert,2026-04
20260408,2026-04-08 09:53:00+05:30,2026-04-08 09:58:00+05:30,5,-1 (buy CE / sell PE),55100,1260.25,997.1,1225.4,1021.7,-26.65,3.7,30,-1783.5,253.37,-2036.87,Revert,2026-04
20260408,2026-04-08 09:59:00+05:30,2026-04-08 10:00:00+05:30,1,-1 (buy CE / sell PE),55100,1222.25,1017.6,1256.55,1005.0,-25.35,1.55,30,1407.0,255.6,1151.4,Revert,2026-04
20260408,2026-04-08 10:03:00+05:30,2026-04-08 10:12:00+05:30,9,-1 (buy CE / sell PE),55100,1234.2,998.55,1236.05,1000.65,-26.35,-4.6,30,-7.5,253.43,-260.93,Revert,2026-04
20260408,2026-04-08 10:23:00+05:30,2026-04-08 10:28:00+05:30,5,-1 (buy CE / sell PE),55100,1250.65,984.5,1290.0,955.0,-30.85,-0.4,30,2065.5,255.33,1810.17,Revert,2026-04
20260408,2026-04-08 10:30:00+05:30,2026-04-08 10:52:00+05:30,22,-1 (buy CE / sell PE),55100,1306.5,939.95,1348.7,899.0,-29.85,-0.3,30,2494.5,256.15,2238.35,Revert,2026-04
20260408,2026-04-08 10:59:00+05:30,2026-04-08 11:04:00+05:30,5,-1 (buy CE / sell PE),55100,1392.2,867.2,1396.75,865.0,-32.4,0.55,30,202.5,255.42,-52.92,Revert,2026-04
20260408,2026-04-08 11:18:00+05:30,2026-04-08 11:32:00+05:30,14,-1 (buy CE / sell PE),55100,1398.35,871.5,1394.4,880.0,-32.75,3.2,30,-373.5,255.82,-629.32,Revert,2026-04
20260408,2026-04-08 11:44:00+05:30,2026-04-08 11:51:00+05:30,7,-1 (buy CE / sell PE),55100,1370.05,890.0,1339.9,903.1,-29.35,-0.4,30,-1297.5,253.68,-1551.18,Revert,2026-04
20260408,2026-04-08 11:58:00+05:30,2026-04-08 12:00:00+05:30,2,-1 (buy CE / sell PE),55100,1310.65,921.6,1310.95,915.6,-27.75,-4.65,30,189.0,253.19,-64.19,Revert,2026-04
20260408,2026-04-08 12:01:00+05:30,2026-04-08 12:05:00+05:30,4,-1 (buy CE / sell PE),55100,1314.95,913.95,1377.9,878.65,-27.0,-0.75,30,2947.5,256.17,2691.33,Revert,2026-04
20260408,2026-04-08 12:21:00+05:30,2026-04-08 12:31:00+05:30,10,-1 (buy CE / sell PE),55100,1360.3,886.0,1300.4,923.75,-25.7,-3.35,30,-2929.5,251.32,-3180.82,Revert,2026-04
20260408,2026-04-08 12:37:00+05:30,2026-04-08 12:41:00+05:30,4,-1 (buy CE / sell PE),55100,1315.0,926.5,1317.5,920.0,-26.5,-2.5,30,270.0,253.97,16.03,Revert,2026-04
20260408,2026-04-08 12:55:00+05:30,2026-04-08 13:00:00+05:30,5,-1 (buy CE / sell PE),55100,1394.05,864.2,1370.0,862.6,-26.35,3.6,30,-673.5,253.7,-927.2,Revert,2026-04
20260408,2026-04-08 13:11:00+05:30,2026-04-08 13:15:00+05:30,4,-1 (buy CE / sell PE),55100,1381.3,870.0,1373.1,875.15,-29.9,-2.05,30,-400.5,254.21,-654.71,Revert,2026-04
20260408,2026-04-08 13:19:00+05:30,2026-04-08 13:21:00+05:30,2,-1 (buy CE / sell PE),55100,1361.55,885.0,1359.75,883.15,-30.65,-3.4,30,1.5,254.15,-252.65,Revert,2026-04
20260408,2026-04-08 13:28:00+05:30,2026-04-08 13:54:00+05:30,26,-1 (buy CE / sell PE),55100,1385.65,874.7,1371.5,876.0,-27.85,-4.5,30,-463.5,254.46,-717.96,Revert,2026-04
20260408,2026-04-08 13:56:00+05:30,2026-04-08 13:58:00+05:30,2,-1 (buy CE / sell PE),55100,1388.45,867.0,1395.25,860.0,-30.95,-1.55,30,414.0,255.21,158.79,Revert,2026-04
20260408,2026-04-08 13:59:00+05:30,2026-04-08 14:03:00+05:30,4,-1 (buy CE / sell PE),55100,1397.6,859.85,1394.0,861.5,-29.65,1.5,30,-157.5,254.87,-412.37,Revert,2026-04
20260408,2026-04-08 14:09:00+05:30,2026-04-08 14:11:00+05:30,2,-1 (buy CE / sell PE),55100,1373.5,873.05,1385.3,865.3,-34.75,0.0,30,586.5,254.85,331.65,Revert,2026-04
20260408,2026-04-08 14:15:00+05:30,2026-04-08 14:16:00+05:30,1,-1 (buy CE / sell PE),55100,1396.75,877.6,1388.6,878.55,-29.85,4.85,30,-273.0,255.8,-528.8,Revert,2026-04
20260408,2026-04-08 14:26:00+05:30,2026-04-08 14:27:00+05:30,1,-1 (buy CE / sell PE),55100,1477.0,844.6,1489.95,823.0,-27.6,0.95,30,1036.5,260.07,776.43,Revert,2026-04
20260408,2026-04-08 14:29:00+05:30,2026-04-08 14:47:00+05:30,18,-1 (buy CE / sell PE),55100,1472.0,839.4,1610.55,765.0,-32.4,-2.65,30,6388.5,265.87,6122.63,Revert,2026-04
20260408,2026-04-08 14:51:00+05:30,2026-04-08 14:54:00+05:30,3,-1 (buy CE / sell PE),55100,1564.3,792.0,1563.0,782.6,-26.1,0.6,30,243.0,261.88,-18.88,Revert,2026-04
20260408,2026-04-08 15:04:00+05:30,2026-04-08 15:09:00+05:30,5,-1 (buy CE / sell PE),55100,1559.9,781.8,1562.75,774.55,-31.9,-1.8,30,303.0,261.11,41.89,Revert,2026-04
20260408,2026-04-08 15:12:00+05:30,2026-04-08 15:19:00+05:30,7,-1 (buy CE / sell PE),55100,1573.9,775.2,1595.0,760.7,-25.9,4.3,30,1068.0,262.59,805.41,Revert,2026-04
20260408,2026-04-08 15:23:00+05:30,2026-04-08 15:24:00+05:30,1,-1 (buy CE / sell PE),55100,1587.25,758.5,1595.0,756.2,-32.85,-12.8,30,301.5,261.75,39.75,EOD,2026-04
20260409,2026-04-09 09:33:00+05:30,2026-04-09 09:38:00+05:30,5,-1 (buy CE / sell PE),55600,1070.15,1147.0,1077.95,1144.2,-26.85,3.75,30,318.0,252.59,65.41,Revert,2026-04
20260409,2026-04-09 10:07:00+05:30,2026-04-09 10:18:00+05:30,11,-1 (buy CE / sell PE),55600,1036.45,1240.2,1149.05,1113.45,-27.15,-4.4,30,7180.5,261.19,6919.31,Revert,2026-04
20260409,2026-04-09 10:50:00+05:30,2026-04-09 10:55:00+05:30,5,-1 (buy CE / sell PE),55600,1099.2,1158.4,1118.0,1133.0,-25.2,4.0,30,1326.0,255.8,1070.2,Revert,2026-04
20260409,2026-04-09 11:06:00+05:30,2026-04-09 11:13:00+05:30,7,-1 (buy CE / sell PE),55600,1098.0,1154.2,1109.7,1135.4,-28.4,4.3,30,915.0,255.1,659.9,Revert,2026-04
20260409,2026-04-09 11:18:00+05:30,2026-04-09 11:22:00+05:30,4,-1 (buy CE / sell PE),55600,1084.15,1175.3,1079.95,1191.9,-25.95,-1.95,30,-624.0,255.18,-879.18,Revert,2026-04
20260409,2026-04-09 11:27:00+05:30,2026-04-09 11:36:00+05:30,9,-1 (buy CE / sell PE),55600,1070.8,1162.2,1066.95,1174.9,-36.4,-1.95,30,-496.5,253.26,-749.76,Revert,2026-04
20260409,2026-04-09 11:45:00+05:30,2026-04-09 11:46:00+05:30,1,-1 (buy CE / sell PE),55600,1039.9,1199.65,1055.2,1185.1,-28.95,-0.9,30,895.5,254.46,641.04,Revert,2026-04
20260409,2026-04-09 12:29:00+05:30,2026-04-09 12:37:00+05:30,8,-1 (buy CE / sell PE),55600,1037.0,1190.0,1007.75,1225.6,-26.2,2.15,30,-1945.5,251.68,-2197.18,Revert,2026-04
20260409,2026-04-09 12:54:00+05:30,2026-04-09 13:10:00+05:30,16,-1 (buy CE / sell PE),55600,974.55,1262.4,940.95,1310.95,-29.85,-0.2,30,-2464.5,252.31,-2716.81,Revert,2026-04
20260409,2026-04-09 13:37:00+05:30,2026-04-09 13:40:00+05:30,3,-1 (buy CE / sell PE),55600,896.0,1403.45,899.15,1402.65,-27.05,1.7,30,118.5,258.21,-139.71,Revert,2026-04
20260409,2026-04-09 13:50:00+05:30,2026-04-09 13:55:00+05:30,5,-1 (buy CE / sell PE),55600,905.85,1393.8,892.3,1392.1,-27.55,0.2,30,-355.5,257.25,-612.75,Revert,2026-04
20260409,2026-04-09 14:04:00+05:30,2026-04-09 14:08:00+05:30,4,+1 (sell CE / buy PE),55600,910.0,1356.75,919.0,1355.0,29.25,4.0,30,-322.5,255.73,-578.23,Revert,2026-04
20260409,2026-04-09 14:39:00+05:30,2026-04-09 14:46:00+05:30,7,-1 (buy CE / sell PE),55600,836.35,1484.95,818.0,1484.55,-25.6,3.45,30,-538.5,258.53,-797.03,Revert,2026-04
20260409,2026-04-09 15:00:00+05:30,2026-04-09 15:02:00+05:30,2,-1 (buy CE / sell PE),55600,823.3,1469.0,870.8,1374.85,-27.1,0.95,30,4249.5,258.99,3990.51,Revert,2026-04
20260409,2026-04-09 15:03:00+05:30,2026-04-09 15:09:00+05:30,6,-1 (buy CE / sell PE),55600,874.8,1375.0,876.95,1370.15,-31.8,-3.2,30,210.0,254.56,-44.56,Revert,2026-04
20260410,2026-04-10 09:40:00+05:30,2026-04-10 09:45:00+05:30,5,-1 (buy CE / sell PE),55800,1036.25,1026.25,1049.9,1006.25,-25.6,-0.55,30,1009.5,241.69,767.81,Revert,2026-04
20260410,2026-04-10 10:20:00+05:30,2026-04-10 10:26:00+05:30,6,-1 (buy CE / sell PE),55800,1163.8,924.3,1155.0,926.2,-25.5,-3.4,30,-321.0,242.52,-563.52,Revert,2026-04
20260410,2026-04-10 10:27:00+05:30,2026-04-10 10:29:00+05:30,2,-1 (buy CE / sell PE),55800,1135.0,933.0,1128.0,945.3,-27.6,2.7,30,-579.0,241.33,-820.33,Revert,2026-04
20260410,2026-04-10 10:33:00+05:30,2026-04-10 10:34:00+05:30,1,-1 (buy CE / sell PE),55800,1099.0,965.35,1118.7,948.05,-26.95,-1.95,30,1110.0,242.21,867.79,Revert,2026-04
20260410,2026-04-10 10:41:00+05:30,2026-04-10 10:44:00+05:30,3,-1 (buy CE / sell PE),55800,1118.1,956.25,1109.0,954.0,-26.55,5.0,30,-205.5,241.47,-446.97,Revert,2026-04
20260410,2026-04-10 10:50:00+05:30,2026-04-10 10:55:00+05:30,5,-1 (buy CE / sell PE),55800,1107.1,962.45,1089.35,967.6,-27.15,1.75,30,-687.0,240.73,-927.73,Revert,2026-04
20260410,2026-04-10 10:56:00+05:30,2026-04-10 10:58:00+05:30,2,-1 (buy CE / sell PE),55800,1084.0,968.9,1096.65,957.75,-27.9,3.9,30,714.0,241.07,472.93,Revert,2026-04
20260410,2026-04-10 11:01:00+05:30,2026-04-10 11:04:00+05:30,3,-1 (buy CE / sell PE),55800,1135.75,933.85,1125.4,953.45,-31.1,1.35,30,-898.5,241.35,-1139.85,Revert,2026-04
20260410,2026-04-10 11:06:00+05:30,2026-04-10 11:29:00+05:30,23,-1 (buy CE / sell PE),55800,1117.5,952.05,1086.25,979.0,-26.35,-4.75,30,-1746.0,240.24,-1986.24,Revert,2026-04
20260410,2026-04-10 11:32:00+05:30,2026-04-10 12:02:00+05:30,30,-1 (buy CE / sell PE),55800,1104.4,962.0,1084.0,971.0,-29.6,-6.2,30,-882.0,240.4,-1122.4,MaxHold,2026-04
20260410,2026-04-10 12:05:00+05:30,2026-04-10 12:25:00+05:30,20,-1 (buy CE / sell PE),55800,1098.35,959.2,1125.0,928.4,-25.85,-3.4,30,1723.5,241.94,1481.56,Revert,2026-04
20260410,2026-04-10 12:26:00+05:30,2026-04-10 12:29:00+05:30,3,-1 (buy CE / sell PE),55800,1116.35,934.85,1103.05,943.0,-33.5,-2.35,30,-643.5,239.72,-883.22,Revert,2026-04
20260410,2026-04-10 12:31:00+05:30,2026-04-10 12:54:00+05:30,23,-1 (buy CE / sell PE),55800,1100.0,953.05,1082.25,962.55,-36.25,-3.5,30,-817.5,239.61,-1057.11,Revert,2026-04
20260410,2026-04-10 12:56:00+05:30,2026-04-10 13:26:00+05:30,30,-1 (buy CE / sell PE),55800,1088.45,958.55,1125.0,933.4,-28.7,-8.6,30,1851.0,241.84,1609.16,MaxHold,2026-04
20260410,2026-04-10 13:29:00+05:30,2026-04-10 13:49:00+05:30,20,-1 (buy CE / sell PE),55800,1133.85,926.95,1114.35,937.5,-28.5,-4.15,30,-901.5,240.08,-1141.58,Revert,2026-04
20260410,2026-04-10 13:54:00+05:30,2026-04-10 14:24:00+05:30,30,-1 (buy CE / sell PE),55800,1128.45,927.45,1036.85,998.05,-26.8,-1.4,30,-4866.0,236.38,-5102.38,Revert,2026-04
20260410,2026-04-10 14:32:00+05:30,2026-04-10 14:56:00+05:30,24,-1 (buy CE / sell PE),55800,1048.0,1002.0,1086.0,954.25,-34.2,-3.45,30,2572.5,241.83,2330.67,Revert,2026-04
20260410,2026-04-10 15:01:00+05:30,2026-04-10 15:04:00+05:30,3,-1 (buy CE / sell PE),55800,1088.95,939.8,1116.75,910.1,-28.65,3.25,30,1725.0,239.98,1485.02,Revert,2026-04
20260410,2026-04-10 15:08:00+05:30,2026-04-10 15:24:00+05:30,16,-1 (buy CE / sell PE),55800,1148.05,884.35,1151.05,885.95,-26.3,-39.3,30,42.0,239.23,-197.23,EOD,2026-04
