date,leg,entry_bar,exit_bar,hold_bars,expiry_date,k0_strike,atm_strike,k2_strike,entry_k0,entry_k1,entry_k2,exit_k0,exit_k1,exit_k2,entry_bf,exit_bf,lot_size,gross_pnl,charges,net_pnl,exit_reason,month
20251208,PE,2025-12-08 14:49:00+05:30,2025-12-08 14:52:00+05:30,3,2025-12-30,59800,59900,60000,738.45,809.7,853.3,736.75,790.65,849.0,-27.65,4.45,35,1123.5,407.2,716.3,Revert,2025-12
20260121,PE,2026-01-21 15:04:00+05:30,2026-01-21 15:05:00+05:30,1,2026-01-27,59300,59400,59500,567.35,648.0,706.15,574.0,634.2,711.75,-22.5,17.35,30,1195.5,324.79,870.71,Revert,2026-01
20260122,PE,2026-01-22 11:16:00+05:30,2026-01-22 11:17:00+05:30,1,2026-01-27,59500,59600,59700,621.1,708.65,775.0,640.0,705.85,782.7,-21.2,11.0,30,966.0,343.27,622.73,Revert,2026-01
20260122,PE,2026-01-22 13:18:00+05:30,2026-01-22 13:19:00+05:30,1,2026-01-27,59500,59600,59700,586.65,669.55,732.35,567.0,636.95,709.95,-20.1,3.05,30,694.5,327.46,367.04,Revert,2026-01
20260122,PE,2026-01-22 13:31:00+05:30,2026-01-22 13:32:00+05:30,1,2026-01-27,59500,59600,59700,566.35,652.0,713.2,563.9,632.0,710.8,-24.45,10.7,30,1054.5,324.64,729.86,Revert,2026-01
20260122,PE,2026-01-22 14:05:00+05:30,2026-01-22 14:06:00+05:30,1,2026-01-27,59500,59600,59700,497.55,576.45,633.6,510.3,575.4,645.7,-21.75,5.2,30,808.5,305.55,502.95,Revert,2026-01
20260127,CE,2026-01-27 12:34:00+05:30,2026-01-27 12:36:00+05:30,2,2026-01-27,58100,58200,58300,561.85,500.2,413.5,574.05,477.2,393.65,-25.05,13.3,30,1150.5,281.14,869.36,Revert,2026-01
20260127,CE,2026-01-27 13:16:00+05:30,2026-01-27 13:17:00+05:30,1,2026-01-27,58100,58200,58300,621.4,545.7,450.0,612.15,500.9,412.0,-20.0,22.35,30,1270.5,291.58,978.92,Revert,2026-01
20260128,PE,2026-01-28 14:16:00+05:30,2026-01-28 14:17:00+05:30,1,2026-02-24,59800,59900,60000,1006.8,1068.85,1110.0,1017.2,1065.2,1123.25,-20.9,10.05,30,928.5,445.63,482.87,Revert,2026-01
20260128,PE,2026-01-28 14:37:00+05:30,2026-01-28 14:39:00+05:30,2,2026-02-24,59800,59900,60000,962.0,1026.7,1068.4,958.25,1006.0,1056.0,-23.0,2.25,30,757.5,430.73,326.77,Revert,2026-01
20260128,PE,2026-01-28 14:49:00+05:30,2026-01-28 14:50:00+05:30,1,2026-02-24,59800,59900,60000,915.0,979.85,1013.0,917.1,953.65,1011.05,-31.7,20.85,30,1576.5,417.57,1158.93,Revert,2026-01
20260201,PE,2026-02-01 12:25:00+05:30,2026-02-01 12:26:00+05:30,1,2026-02-24,59800,59900,60000,1168.75,1245.4,1292.75,1215.95,1264.7,1335.55,-29.3,22.1,30,1542.0,499.74,1042.26,Revert,2026-02
20260201,PE,2026-02-01 12:28:00+05:30,2026-02-01 12:29:00+05:30,1,2026-02-24,59800,59900,60000,1212.85,1294.35,1342.05,1290.7,1356.6,1441.0,-33.8,18.5,30,1569.0,519.52,1049.48,Revert,2026-02
20260201,PE,2026-02-01 12:31:00+05:30,2026-02-01 12:32:00+05:30,1,2026-02-24,59800,59900,60000,1888.75,2000.4,2016.85,1516.65,1574.35,1643.4,-95.2,11.35,30,3196.5,649.76,2546.74,Revert,2026-02
20260201,PE,2026-02-01 12:34:00+05:30,2026-02-01 12:35:00+05:30,1,2026-02-24,59800,59900,60000,1569.3,1649.65,1702.95,1425.1,1470.0,1550.1,-27.05,35.2,30,1867.5,587.28,1280.22,Revert,2026-02
20260201,PE,2026-02-01 12:36:00+05:30,2026-02-01 12:37:00+05:30,1,2026-02-24,59800,59900,60000,1322.5,1403.65,1457.45,1316.45,1377.6,1460.55,-27.35,21.8,30,1474.5,538.34,936.16,Revert,2026-02
20260201,PE,2026-02-01 12:41:00+05:30,2026-02-01 12:42:00+05:30,1,2026-02-24,59800,59900,60000,1259.7,1333.75,1376.05,1256.4,1292.25,1351.15,-31.75,23.05,30,1644.0,516.26,1127.74,Revert,2026-02
20260201,PE,2026-02-01 12:49:00+05:30,2026-02-01 12:52:00+05:30,3,2026-02-24,59800,59900,60000,1300.0,1371.9,1416.0,1230.0,1275.65,1338.0,-27.8,16.7,30,1335.0,519.01,815.99,Revert,2026-02
20260201,PE,2026-02-01 12:53:00+05:30,2026-02-01 13:00:00+05:30,7,2026-02-24,59800,59900,60000,1269.6,1335.05,1378.8,1188.5,1240.65,1303.55,-21.7,10.75,30,973.5,508.52,464.98,Revert,2026-02
20260201,PE,2026-02-01 13:01:00+05:30,2026-02-01 13:02:00+05:30,1,2026-02-24,59800,59900,60000,1133.8,1219.35,1246.6,1177.1,1234.45,1297.2,-58.3,5.4,30,1911.0,490.37,1420.63,Revert,2026-02
20260201,PE,2026-02-01 13:18:00+05:30,2026-02-01 13:20:00+05:30,2,2026-02-24,59800,59900,60000,1174.15,1250.5,1305.55,1180.25,1239.05,1300.0,-21.3,2.15,30,703.5,495.77,207.73,Revert,2026-02
20260201,PE,2026-02-01 13:21:00+05:30,2026-02-01 13:22:00+05:30,1,2026-02-24,59800,59900,60000,1131.3,1208.45,1258.35,1131.5,1185.55,1242.7,-27.25,3.1,30,910.5,482.15,428.35,Revert,2026-02
20260201,PE,2026-02-01 13:43:00+05:30,2026-02-01 13:45:00+05:30,2,2026-02-24,59800,59900,60000,1241.9,1331.3,1349.55,1204.85,1255.85,1319.9,-71.15,13.05,30,2526.0,509.62,2016.38,Revert,2026-02
20260201,PE,2026-02-01 13:55:00+05:30,2026-02-01 13:58:00+05:30,3,2026-02-24,59800,59900,60000,1274.3,1351.95,1364.35,1226.95,1267.05,1360.1,-65.25,52.95,30,3546.0,516.53,3029.47,Revert,2026-02
20260201,PE,2026-02-01 14:00:00+05:30,2026-02-01 14:03:00+05:30,3,2026-02-24,59800,59900,60000,1201.2,1298.25,1332.0,1235.15,1272.2,1332.1,-63.3,22.85,30,2584.5,507.91,2076.59,Revert,2026-02
20260201,PE,2026-02-01 14:18:00+05:30,2026-02-01 14:20:00+05:30,2,2026-02-24,59800,59900,60000,1283.85,1360.05,1410.65,1224.15,1292.55,1369.5,-25.6,8.55,30,1024.5,519.29,505.21,Revert,2026-02
20260201,PE,2026-02-01 14:23:00+05:30,2026-02-01 14:32:00+05:30,9,2026-02-24,59800,59900,60000,1230.0,1311.05,1369.9,1230.2,1266.1,1341.4,-22.2,39.4,30,1848.0,510.38,1337.62,Revert,2026-02
20260201,PE,2026-02-01 14:33:00+05:30,2026-02-01 14:39:00+05:30,6,2026-02-24,59800,59900,60000,1219.5,1291.3,1332.95,1228.9,1286.2,1345.0,-30.15,1.5,30,949.5,508.13,441.37,Revert,2026-02
20260201,PE,2026-02-01 15:04:00+05:30,2026-02-01 15:09:00+05:30,5,2026-02-24,59800,59900,60000,1335.0,1414.55,1473.8,1437.85,1500.0,1578.0,-20.3,15.85,30,1084.5,557.07,527.43,Revert,2026-02
20260201,PE,2026-02-01 15:20:00+05:30,2026-02-01 15:22:00+05:30,2,2026-02-24,59800,59900,60000,1590.0,1664.55,1719.05,1561.35,1620.0,1716.0,-20.05,37.35,30,1722.0,610.97,1111.03,Revert,2026-02
20260201,PE,2026-02-01 15:23:00+05:30,2026-02-01 15:24:00+05:30,1,2026-02-24,59800,59900,60000,1574.9,1654.0,1712.8,1585.0,1660.0,1725.0,-20.3,-10.0,30,309.0,612.43,-303.43,EOD,2026-02
20260203,PE,2026-02-03 10:16:00+05:30,2026-02-03 10:17:00+05:30,1,2026-02-24,60200,60300,60400,870.4,931.1,970.0,872.45,919.45,972.35,-21.8,5.9,30,831.0,405.03,425.97,Revert,2026-02
20260225,PE,2026-02-25 13:39:00+05:30,2026-02-25 13:44:00+05:30,5,2026-03-30,61500,61600,61700,990.0,1054.6,1080.0,992.0,1044.0,1100.2,-39.2,4.2,30,1302.0,440.0,862.0,Revert,2026-02
20260304,PE,2026-03-04 10:43:00+05:30,2026-03-04 10:44:00+05:30,1,2026-03-30,59100,59200,59300,1174.05,1234.05,1269.5,1165.05,1210.55,1260.55,-24.55,4.5,30,871.5,489.47,382.03,Revert,2026-03
20260304,PE,2026-03-04 11:43:00+05:30,2026-03-04 11:44:00+05:30,1,2026-03-30,59100,59200,59300,1212.7,1273.55,1312.25,1235.95,1274.0,1329.75,-22.15,17.7,30,1195.5,504.91,690.59,Revert,2026-03
20260305,PE,2026-03-05 13:35:00+05:30,2026-03-05 13:39:00+05:30,4,2026-03-30,59100,59200,59300,1026.1,1073.45,1100.7,1047.95,1092.75,1138.0,-20.1,0.45,30,616.5,449.67,166.83,Revert,2026-03
20260305,PE,2026-03-05 14:23:00+05:30,2026-03-05 14:24:00+05:30,1,2026-03-30,59100,59200,59300,1089.9,1160.0,1176.55,1034.05,1077.5,1123.1,-53.55,2.15,30,1671.0,459.46,1211.54,Revert,2026-03
20260306,PE,2026-03-06 14:01:00+05:30,2026-03-06 14:03:00+05:30,2,2026-03-30,58800,58900,59000,1189.2,1246.1,1279.95,1191.35,1230.35,1285.0,-23.05,15.65,30,1161.0,494.66,666.34,Revert,2026-03
20260306,PE,2026-03-06 15:16:00+05:30,2026-03-06 15:17:00+05:30,1,2026-03-30,58800,58900,59000,1555.9,1623.15,1665.0,1515.0,1564.55,1620.8,-25.4,6.7,30,963.0,595.35,367.65,Revert,2026-03
20260306,PE,2026-03-06 15:23:00+05:30,2026-03-06 15:24:00+05:30,1,2026-03-30,58800,58900,59000,1481.2,1549.2,1596.85,1498.25,1529.6,1609.85,-20.35,48.9,30,2077.5,582.35,1495.15,Revert,2026-03
20260309,CE,2026-03-09 10:58:00+05:30,2026-03-09 10:59:00+05:30,1,2026-03-30,55800,55900,56000,1607.3,1560.9,1486.75,1633.3,1543.2,1507.65,-27.75,54.55,30,2469.0,586.17,1882.83,Revert,2026-03
20260309,CE,2026-03-09 12:34:00+05:30,2026-03-09 12:35:00+05:30,1,2026-03-30,55800,55900,56000,1559.0,1520.0,1445.1,1561.65,1503.05,1451.25,-35.9,6.8,30,1281.0,571.78,709.22,Revert,2026-03
20260309,CE,2026-03-09 13:03:00+05:30,2026-03-09 13:04:00+05:30,1,2026-03-30,55800,55900,56000,1652.15,1605.65,1535.55,1668.95,1607.6,1547.95,-23.6,1.7,30,759.0,598.72,160.28,Revert,2026-03
20260309,CE,2026-03-09 13:21:00+05:30,2026-03-09 13:22:00+05:30,1,2026-03-30,55800,55900,56000,1610.55,1585.0,1497.65,1621.05,1560.55,1504.0,-61.8,3.95,30,1972.5,588.7,1383.8,Revert,2026-03
20260309,CE,2026-03-09 13:23:00+05:30,2026-03-09 13:25:00+05:30,2,2026-03-30,55800,55900,56000,1631.2,1582.85,1511.35,1618.45,1563.25,1511.9,-23.15,3.85,30,810.0,589.29,220.71,Revert,2026-03
20260309,CE,2026-03-09 13:41:00+05:30,2026-03-09 13:46:00+05:30,5,2026-03-30,55800,55900,56000,1691.8,1645.0,1574.1,1643.65,1576.95,1517.7,-24.1,7.45,30,946.5,600.28,346.22,Revert,2026-03
20260309,PE,2026-03-09 11:14:00+05:30,2026-03-09 11:15:00+05:30,1,2026-03-30,55800,55900,56000,1416.0,1472.55,1502.5,1432.55,1468.5,1513.1,-26.6,8.65,30,1057.5,560.34,497.16,Revert,2026-03
20260309,PE,2026-03-09 12:21:00+05:30,2026-03-09 12:22:00+05:30,1,2026-03-30,55800,55900,56000,1372.9,1428.55,1460.5,1390.5,1435.35,1480.55,-23.7,0.35,30,721.5,548.92,172.58,Revert,2026-03
20260309,PE,2026-03-09 13:38:00+05:30,2026-03-09 13:39:00+05:30,1,2026-03-30,55800,55900,56000,1321.3,1370.1,1398.35,1325.05,1355.9,1401.75,-20.55,15.0,30,1066.5,530.18,536.32,Revert,2026-03
20260310,CE,2026-03-10 13:36:00+05:30,2026-03-10 13:37:00+05:30,1,2026-03-30,56700,56800,56900,1349.0,1296.7,1222.6,1355.5,1284.3,1229.0,-21.8,15.9,30,1131.0,509.57,621.43,Revert,2026-03
20260310,CE,2026-03-10 14:21:00+05:30,2026-03-10 14:23:00+05:30,2,2026-03-30,56700,56800,56900,1391.0,1345.0,1265.0,1407.9,1342.4,1280.15,-34.0,3.25,30,1117.5,523.82,593.68,Revert,2026-03
20260311,CE,2026-03-11 11:41:00+05:30,2026-03-11 11:43:00+05:30,2,2026-03-30,56800,56900,57000,918.65,883.0,824.75,926.4,876.0,828.65,-22.6,3.05,30,769.5,391.83,377.67,Revert,2026-03
20260311,PE,2026-03-11 11:43:00+05:30,2026-03-11 11:46:00+05:30,3,2026-03-30,56800,56900,57000,1362.55,1421.25,1458.1,1374.6,1421.7,1473.8,-21.85,5.0,30,805.5,546.23,259.27,Revert,2026-03
20260311,PE,2026-03-11 12:13:00+05:30,2026-03-11 12:15:00+05:30,2,2026-03-30,56800,56900,57000,1337.55,1410.0,1456.8,1355.75,1402.0,1460.0,-25.65,11.75,30,1122.0,542.16,579.84,Revert,2026-03
20260311,PE,2026-03-11 12:34:00+05:30,2026-03-11 12:35:00+05:30,1,2026-03-30,56800,56900,57000,1356.9,1420.5,1461.95,1385.85,1431.3,1484.0,-22.15,7.25,30,882.0,547.61,334.39,Revert,2026-03
20260311,PE,2026-03-11 13:08:00+05:30,2026-03-11 13:09:00+05:30,1,2026-03-30,56800,56900,57000,1403.75,1463.25,1497.55,1408.85,1454.6,1510.2,-25.2,9.85,30,1051.5,557.12,494.38,Revert,2026-03
20260311,PE,2026-03-11 13:49:00+05:30,2026-03-11 13:50:00+05:30,1,2026-03-30,56800,56900,57000,1463.9,1528.45,1572.1,1483.9,1528.45,1588.2,-20.9,15.2,30,1083.0,577.28,505.72,Revert,2026-03
20260311,PE,2026-03-11 14:43:00+05:30,2026-03-11 14:45:00+05:30,2,2026-03-30,56800,56900,57000,1460.0,1535.0,1562.7,1482.9,1529.3,1587.6,-47.3,11.9,30,1776.0,577.79,1198.21,Revert,2026-03
20260312,CE,2026-03-12 12:24:00+05:30,2026-03-12 12:25:00+05:30,1,2026-03-30,55100,55200,55300,1435.0,1393.5,1329.9,1446.85,1380.0,1320.0,-22.1,6.85,30,868.5,536.45,332.05,Revert,2026-03
20260312,CE,2026-03-12 13:50:00+05:30,2026-03-12 13:51:00+05:30,1,2026-03-30,55100,55200,55300,1554.0,1499.5,1423.1,1546.9,1470.0,1414.5,-21.9,21.4,30,1299.0,565.18,733.82,Revert,2026-03
20260312,CE,2026-03-12 13:55:00+05:30,2026-03-12 13:56:00+05:30,1,2026-03-30,55100,55200,55300,1511.0,1457.55,1382.15,1514.6,1444.5,1387.8,-21.95,13.4,30,1060.5,555.12,505.38,Revert,2026-03
20260312,CE,2026-03-12 14:13:00+05:30,2026-03-12 14:14:00+05:30,1,2026-03-30,55100,55200,55300,1436.0,1389.5,1322.95,1497.95,1432.9,1371.65,-20.05,3.8,30,715.5,543.26,172.24,Revert,2026-03
20260312,PE,2026-03-12 10:28:00+05:30,2026-03-12 10:29:00+05:30,1,2026-03-30,55100,55200,55300,1107.9,1160.5,1191.4,1094.25,1135.2,1181.55,-21.7,5.4,30,813.0,468.36,344.64,Revert,2026-03
20260313,CE,2026-03-13 11:14:00+05:30,2026-03-13 11:15:00+05:30,1,2026-03-30,54600,54700,54800,1048.7,1010.95,951.2,1042.05,990.0,941.55,-22.0,3.6,30,768.0,426.3,341.7,Revert,2026-03
20260313,PE,2026-03-13 09:32:00+05:30,2026-03-13 09:34:00+05:30,2,2026-03-30,54600,54700,54800,1114.45,1167.1,1197.05,1110.05,1151.0,1192.8,-22.7,0.85,30,706.5,471.28,235.22,Revert,2026-03
20260313,PE,2026-03-13 10:28:00+05:30,2026-03-13 10:32:00+05:30,4,2026-03-30,54600,54700,54800,1330.0,1393.7,1424.35,1334.75,1379.55,1425.65,-33.05,1.3,30,1030.5,535.94,494.56,Revert,2026-03
20260313,PE,2026-03-13 11:41:00+05:30,2026-03-13 11:45:00+05:30,4,2026-03-30,54600,54700,54800,1242.5,1302.05,1335.0,1244.55,1287.4,1331.2,-26.6,0.95,30,826.5,509.85,316.65,Revert,2026-03
20260313,PE,2026-03-13 11:50:00+05:30,2026-03-13 11:52:00+05:30,2,2026-03-30,54600,54700,54800,1245.1,1301.0,1335.45,1261.0,1305.65,1352.3,-21.45,2.0,30,703.5,512.43,191.07,Revert,2026-03
20260313,PE,2026-03-13 11:54:00+05:30,2026-03-13 11:55:00+05:30,1,2026-03-30,54600,54700,54800,1250.55,1306.1,1334.25,1267.95,1310.0,1362.95,-27.4,10.9,30,1149.0,514.21,634.79,Revert,2026-03
20260313,PE,2026-03-13 12:05:00+05:30,2026-03-13 12:08:00+05:30,3,2026-03-30,54600,54700,54800,1344.35,1402.4,1430.0,1344.65,1379.95,1419.15,-30.45,3.9,30,1030.5,537.42,493.08,Revert,2026-03
20260313,PE,2026-03-13 12:26:00+05:30,2026-03-13 12:28:00+05:30,2,2026-03-30,54600,54700,54800,1440.65,1507.85,1547.9,1416.0,1472.85,1530.1,-27.15,0.4,30,826.5,565.5,261.0,Revert,2026-03
20260313,PE,2026-03-13 12:29:00+05:30,2026-03-13 12:31:00+05:30,2,2026-03-30,54600,54700,54800,1422.05,1486.25,1530.1,1532.0,1584.0,1637.45,-20.35,1.45,30,654.0,578.4,75.6,Revert,2026-03
20260313,PE,2026-03-13 12:41:00+05:30,2026-03-13 12:44:00+05:30,3,2026-03-30,54600,54700,54800,1569.9,1640.0,1673.2,1546.9,1596.2,1661.1,-36.9,15.6,30,1575.0,602.61,972.39,Revert,2026-03
20260313,PE,2026-03-13 12:58:00+05:30,2026-03-13 13:01:00+05:30,3,2026-03-30,54600,54700,54800,1447.4,1517.0,1549.35,1451.8,1500.7,1559.75,-37.25,10.15,30,1422.0,571.19,850.81,Revert,2026-03
20260313,PE,2026-03-13 13:09:00+05:30,2026-03-13 13:11:00+05:30,2,2026-03-30,54600,54700,54800,1482.05,1550.25,1590.4,1489.85,1521.6,1577.45,-28.05,24.1,30,1564.5,579.82,984.68,Revert,2026-03
20260313,PE,2026-03-13 13:13:00+05:30,2026-03-13 13:14:00+05:30,1,2026-03-30,54600,54700,54800,1484.0,1563.65,1610.1,1514.2,1565.45,1623.5,-33.2,6.8,30,1200.0,586.91,613.09,Revert,2026-03
20260313,PE,2026-03-13 13:20:00+05:30,2026-03-13 13:21:00+05:30,1,2026-03-30,54600,54700,54800,1505.8,1571.25,1613.25,1501.6,1551.7,1607.5,-23.45,5.7,30,874.5,586.1,288.4,Revert,2026-03
20260313,PE,2026-03-13 13:49:00+05:30,2026-03-13 13:51:00+05:30,2,2026-03-30,54600,54700,54800,1563.85,1624.25,1664.35,1595.0,1638.45,1702.35,-20.3,20.45,30,1222.5,606.88,615.62,Revert,2026-03
20260313,PE,2026-03-13 13:52:00+05:30,2026-03-13 13:56:00+05:30,4,2026-03-30,54600,54700,54800,1575.8,1649.45,1672.2,1599.9,1644.65,1708.7,-50.9,19.3,30,2106.0,610.87,1495.13,Revert,2026-03
20260313,PE,2026-03-13 14:05:00+05:30,2026-03-13 14:06:00+05:30,1,2026-03-30,54600,54700,54800,1552.55,1626.85,1679.4,1530.8,1574.25,1633.7,-21.75,16.0,30,1132.5,597.84,534.66,Revert,2026-03
20260313,PE,2026-03-13 14:19:00+05:30,2026-03-13 14:20:00+05:30,1,2026-03-30,54600,54700,54800,1429.45,1531.0,1558.15,1399.9,1443.1,1500.8,-74.4,14.5,30,2667.0,564.73,2102.27,Revert,2026-03
20260313,PE,2026-03-13 14:31:00+05:30,2026-03-13 14:33:00+05:30,2,2026-03-30,54600,54700,54800,1390.7,1450.0,1484.0,1343.85,1391.05,1447.15,-25.3,8.9,30,1026.0,546.14,479.86,Revert,2026-03
20260313,PE,2026-03-13 14:47:00+05:30,2026-03-13 14:48:00+05:30,1,2026-03-30,54600,54700,54800,1487.15,1539.3,1570.8,1460.0,1504.55,1550.35,-20.65,1.25,30,657.0,574.62,82.38,Revert,2026-03
20260313,PE,2026-03-13 14:53:00+05:30,2026-03-13 14:57:00+05:30,4,2026-03-30,54600,54700,54800,1478.55,1544.95,1590.05,1559.6,1592.7,1638.4,-21.3,12.6,30,1017.0,588.62,428.38,Revert,2026-03
20260313,PE,2026-03-13 15:00:00+05:30,2026-03-13 15:04:00+05:30,4,2026-03-30,54600,54700,54800,1488.05,1548.55,1584.8,1560.0,1609.95,1668.05,-24.25,8.15,30,972.0,591.29,380.71,Revert,2026-03
20260316,CE,2026-03-16 13:05:00+05:30,2026-03-16 13:07:00+05:30,2,2026-03-30,54000,54100,54200,1053.4,1013.55,948.15,1059.35,1003.0,956.25,-25.55,9.6,30,1054.5,428.82,625.68,Revert,2026-03
20260316,PE,2026-03-16 10:36:00+05:30,2026-03-16 10:37:00+05:30,1,2026-03-30,54000,54100,54200,1251.25,1309.5,1343.7,1253.35,1302.2,1351.4,-24.05,0.35,30,732.0,513.02,218.98,Revert,2026-03
20260316,PE,2026-03-16 12:57:00+05:30,2026-03-16 12:59:00+05:30,2,2026-03-30,54000,54100,54200,1267.65,1312.8,1335.55,1249.35,1298.0,1355.05,-22.4,8.4,30,924.0,513.38,410.62,Revert,2026-03
20260316,PE,2026-03-16 13:16:00+05:30,2026-03-16 13:17:00+05:30,1,2026-03-30,54000,54100,54200,1228.0,1291.3,1332.8,1223.05,1254.65,1308.45,-21.8,22.2,30,1320.0,504.95,815.05,Revert,2026-03
20260316,PE,2026-03-16 13:27:00+05:30,2026-03-16 13:28:00+05:30,1,2026-03-30,54000,54100,54200,1227.8,1271.25,1291.45,1220.85,1271.0,1326.9,-23.25,5.75,30,870.0,503.45,366.55,Revert,2026-03
20260316,PE,2026-03-16 13:30:00+05:30,2026-03-16 13:31:00+05:30,1,2026-03-30,54000,54100,54200,1199.4,1262.6,1288.05,1222.0,1245.05,1316.2,-37.75,48.1,30,2575.5,500.77,2074.73,Revert,2026-03
20260316,PE,2026-03-16 14:02:00+05:30,2026-03-16 14:04:00+05:30,2,2026-03-30,54000,54100,54200,1228.5,1282.85,1312.6,1235.3,1276.95,1327.85,-24.6,9.25,30,1015.5,506.14,509.36,Revert,2026-03
20260317,CE,2026-03-17 13:54:00+05:30,2026-03-17 13:59:00+05:30,5,2026-03-30,54200,54300,54400,1268.25,1215.85,1137.2,1267.1,1200.85,1139.2,-26.25,4.6,30,925.5,485.48,440.02,Revert,2026-03
20260317,CE,2026-03-17 14:18:00+05:30,2026-03-17 14:19:00+05:30,1,2026-03-30,54200,54300,54400,1290.0,1238.75,1160.0,1291.0,1219.2,1153.05,-27.5,5.65,30,994.5,491.39,503.11,Revert,2026-03
20260320,PE,2026-03-20 10:19:00+05:30,2026-03-20 10:20:00+05:30,1,2026-03-30,54300,54400,54500,1037.45,1097.4,1129.9,1046.8,1085.9,1138.8,-27.45,13.8,30,1237.5,452.77,784.73,Revert,2026-03
20260320,PE,2026-03-20 10:23:00+05:30,2026-03-20 10:25:00+05:30,2,2026-03-30,54300,54400,54500,1030.8,1091.6,1126.4,1016.85,1064.65,1112.75,-26.0,0.3,30,789.0,448.16,340.84,Revert,2026-03
20260320,PE,2026-03-20 11:07:00+05:30,2026-03-20 11:11:00+05:30,4,2026-03-30,54300,54400,54500,936.55,998.0,1024.45,964.95,1008.8,1055.4,-35.0,2.75,30,1132.5,426.91,705.59,Revert,2026-03
20260320,PE,2026-03-20 12:20:00+05:30,2026-03-20 12:21:00+05:30,1,2026-03-30,54300,54400,54500,1192.1,1264.3,1309.15,1207.65,1256.0,1307.9,-27.35,3.55,30,927.0,500.15,426.85,Revert,2026-03
20260320,PE,2026-03-20 12:47:00+05:30,2026-03-20 12:48:00+05:30,1,2026-03-30,54300,54400,54500,1112.75,1193.6,1212.85,1128.0,1170.65,1220.0,-61.6,6.7,30,2049.0,477.66,1571.34,Revert,2026-03
20260320,PE,2026-03-20 13:02:00+05:30,2026-03-20 13:03:00+05:30,1,2026-03-30,54300,54400,54500,1106.1,1168.7,1206.05,1101.0,1148.05,1201.3,-25.25,6.2,30,943.5,471.36,472.14,Revert,2026-03
20260320,PE,2026-03-20 13:25:00+05:30,2026-03-20 13:33:00+05:30,8,2026-03-30,54300,54400,54500,1040.7,1107.3,1140.6,1065.5,1109.85,1159.95,-33.3,5.75,30,1171.5,457.05,714.45,Revert,2026-03
20260320,PE,2026-03-20 14:03:00+05:30,2026-03-20 14:06:00+05:30,3,2026-03-30,54300,54400,54500,1122.95,1182.1,1220.15,1128.7,1158.55,1229.6,-21.1,41.2,30,1869.0,476.83,1392.17,Revert,2026-03
20260320,PE,2026-03-20 14:17:00+05:30,2026-03-20 14:18:00+05:30,1,2026-03-30,54300,54400,54500,1173.95,1247.15,1280.0,1158.85,1208.75,1263.5,-40.35,4.85,30,1356.0,490.88,865.12,Revert,2026-03
20260320,PE,2026-03-20 14:19:00+05:30,2026-03-20 14:21:00+05:30,2,2026-03-30,54300,54400,54500,1154.1,1230.0,1275.35,1180.1,1230.1,1288.05,-30.55,7.95,30,1155.0,491.79,663.21,Revert,2026-03
20260320,PE,2026-03-20 14:47:00+05:30,2026-03-20 14:51:00+05:30,4,2026-03-30,54300,54400,54500,1335.95,1407.45,1454.6,1361.6,1400.2,1486.25,-24.35,47.45,30,2154.0,543.62,1610.38,Revert,2026-03
20260320,PE,2026-03-20 14:53:00+05:30,2026-03-20 14:55:00+05:30,2,2026-03-30,54300,54400,54500,1354.45,1423.95,1468.15,1386.0,1429.6,1500.0,-25.3,26.8,30,1563.0,548.95,1014.05,Revert,2026-03
20260320,PE,2026-03-20 15:21:00+05:30,2026-03-20 15:22:00+05:30,1,2026-03-30,54300,54400,54500,1308.3,1400.0,1428.25,1350.75,1407.05,1465.0,-63.45,1.65,30,1953.0,540.36,1412.64,Revert,2026-03
20260323,CE,2026-03-23 13:52:00+05:30,2026-03-23 13:53:00+05:30,1,2026-03-30,52200,52300,52400,957.7,908.8,837.0,944.4,893.75,851.5,-22.9,8.4,30,939.0,398.33,540.67,Revert,2026-03
20260323,PE,2026-03-23 11:22:00+05:30,2026-03-23 11:30:00+05:30,8,2026-03-30,52200,52300,52400,1274.5,1326.85,1332.0,1230.1,1273.7,1322.1,-47.2,4.8,30,1560.0,511.37,1048.63,Revert,2026-03
20260323,PE,2026-03-23 11:38:00+05:30,2026-03-23 11:39:00+05:30,1,2026-03-30,52200,52300,52400,1314.5,1380.0,1417.75,1287.4,1337.85,1400.0,-27.75,11.7,30,1183.5,528.73,654.77,Revert,2026-03
20260323,PE,2026-03-23 11:40:00+05:30,2026-03-23 11:42:00+05:30,2,2026-03-30,52200,52300,52400,1279.35,1335.15,1341.8,1280.95,1334.15,1388.85,-49.15,1.5,30,1519.5,520.94,998.56,Revert,2026-03
20260323,PE,2026-03-23 11:44:00+05:30,2026-03-23 11:46:00+05:30,2,2026-03-30,52200,52300,52400,1315.9,1387.3,1426.2,1325.55,1372.5,1430.2,-32.5,10.75,30,1297.5,534.58,762.92,Revert,2026-03
20260323,PE,2026-03-23 12:19:00+05:30,2026-03-23 12:20:00+05:30,1,2026-03-30,52200,52300,52400,1320.9,1384.95,1417.7,1315.5,1368.65,1430.0,-31.3,8.2,30,1185.0,533.57,651.43,Revert,2026-03
20260323,PE,2026-03-23 12:43:00+05:30,2026-03-23 12:45:00+05:30,2,2026-03-30,52200,52300,52400,1321.8,1389.3,1424.65,1312.9,1354.55,1403.45,-32.15,7.25,30,1182.0,532.11,649.89,Revert,2026-03
20260323,PE,2026-03-23 12:49:00+05:30,2026-03-23 12:51:00+05:30,2,2026-03-30,52200,52300,52400,1281.45,1339.2,1373.5,1302.0,1346.5,1391.15,-23.45,0.15,30,708.0,523.55,184.45,Revert,2026-03
20260323,PE,2026-03-23 12:52:00+05:30,2026-03-23 12:53:00+05:30,1,2026-03-30,52200,52300,52400,1325.7,1378.7,1391.15,1331.55,1376.75,1436.8,-40.55,14.85,30,1662.0,534.09,1127.91,Revert,2026-03
20260323,PE,2026-03-23 12:59:00+05:30,2026-03-23 13:00:00+05:30,1,2026-03-30,52200,52300,52400,1346.7,1421.55,1460.0,1368.5,1413.5,1465.65,-36.4,7.15,30,1306.5,545.03,761.47,Revert,2026-03
20260323,PE,2026-03-23 13:02:00+05:30,2026-03-23 13:03:00+05:30,1,2026-03-30,52200,52300,52400,1379.1,1435.5,1465.65,1374.85,1428.15,1487.65,-26.25,6.2,30,973.5,549.18,424.32,Revert,2026-03
20260323,PE,2026-03-23 13:10:00+05:30,2026-03-23 13:11:00+05:30,1,2026-03-30,52200,52300,52400,1373.05,1425.6,1452.6,1396.45,1440.95,1495.25,-25.55,9.8,30,1060.5,549.81,510.69,Revert,2026-03
20260323,PE,2026-03-23 13:24:00+05:30,2026-03-23 13:25:00+05:30,1,2026-03-30,52200,52300,52400,1342.75,1405.05,1436.35,1349.1,1391.5,1450.75,-31.0,16.85,30,1435.5,540.18,895.32,Revert,2026-03
20260323,PE,2026-03-23 13:26:00+05:30,2026-03-23 13:28:00+05:30,2,2026-03-30,52200,52300,52400,1330.35,1396.05,1430.0,1339.15,1378.65,1436.2,-31.75,18.05,30,1494.0,537.13,956.87,Revert,2026-03
20260323,PE,2026-03-23 13:33:00+05:30,2026-03-23 13:34:00+05:30,1,2026-03-30,52200,52300,52400,1289.6,1353.25,1384.45,1278.65,1334.75,1410.0,-32.45,19.15,30,1548.0,524.85,1023.15,Revert,2026-03
20260323,PE,2026-03-23 13:35:00+05:30,2026-03-23 13:36:00+05:30,1,2026-03-30,52200,52300,52400,1279.55,1335.5,1369.45,1265.35,1315.0,1367.0,-22.0,2.35,30,730.5,518.68,211.82,Revert,2026-03
20260323,PE,2026-03-23 13:52:00+05:30,2026-03-23 13:53:00+05:30,1,2026-03-30,52200,52300,52400,1190.0,1257.85,1304.15,1211.3,1248.75,1298.45,-21.55,12.25,30,1014.0,498.78,515.22,Revert,2026-03
20260323,PE,2026-03-23 13:54:00+05:30,2026-03-23 13:56:00+05:30,2,2026-03-30,52200,52300,52400,1220.0,1276.8,1298.45,1210.85,1253.65,1298.45,-35.15,2.0,30,1114.5,501.4,613.1,Revert,2026-03
20260323,PE,2026-03-23 13:58:00+05:30,2026-03-23 14:00:00+05:30,2,2026-03-30,52200,52300,52400,1212.6,1266.6,1298.9,1209.45,1253.55,1330.0,-21.7,32.35,30,1621.5,501.86,1119.64,Revert,2026-03
20260323,PE,2026-03-23 14:05:00+05:30,2026-03-23 14:07:00+05:30,2,2026-03-30,52200,52300,52400,1137.0,1188.0,1213.2,1126.85,1169.75,1219.8,-25.8,7.15,30,988.5,477.24,511.26,Revert,2026-03
20260323,PE,2026-03-23 14:12:00+05:30,2026-03-23 14:14:00+05:30,2,2026-03-30,52200,52300,52400,1143.5,1201.3,1235.85,1158.15,1205.15,1253.6,-23.25,1.45,30,741.0,483.88,257.12,Revert,2026-03
20260323,PE,2026-03-23 14:18:00+05:30,2026-03-23 14:21:00+05:30,3,2026-03-30,52200,52300,52400,1143.7,1199.6,1232.85,1140.25,1188.85,1240.25,-22.65,2.8,30,763.5,481.4,282.1,Revert,2026-03
20260323,PE,2026-03-23 14:47:00+05:30,2026-03-23 14:49:00+05:30,2,2026-03-30,52200,52300,52400,1284.45,1343.0,1369.65,1279.7,1320.9,1384.05,-31.9,21.95,30,1615.5,521.59,1093.91,Revert,2026-03
20260323,PE,2026-03-23 15:03:00+05:30,2026-03-23 15:09:00+05:30,6,2026-03-30,52200,52300,52400,1332.85,1383.7,1404.8,1351.4,1398.35,1453.3,-29.75,8.0,30,1132.5,537.63,594.87,Revert,2026-03
20260323,PE,2026-03-23 15:21:00+05:30,2026-03-23 15:22:00+05:30,1,2026-03-30,52200,52300,52400,1506.0,1563.25,1599.75,1502.2,1555.2,1620.7,-20.75,12.5,30,997.5,585.89,411.61,Revert,2026-03
20260324,CE,2026-03-24 12:39:00+05:30,2026-03-24 12:40:00+05:30,1,2026-03-30,52500,52600,52700,952.6,910.7,844.2,970.85,912.85,863.7,-24.6,8.85,30,1003.5,401.32,602.18,Revert,2026-03
20260324,CE,2026-03-24 13:46:00+05:30,2026-03-24 13:47:00+05:30,1,2026-03-30,52500,52600,52700,1101.6,1062.65,989.6,1075.05,1008.45,954.75,-34.1,12.9,30,1410.0,436.66,973.34,Revert,2026-03
20260324,CE,2026-03-24 13:56:00+05:30,2026-03-24 13:57:00+05:30,1,2026-03-30,52500,52600,52700,1038.7,989.85,918.9,1044.55,985.2,930.25,-22.1,4.4,30,795.0,422.66,372.34,Revert,2026-03
20260324,PE,2026-03-24 09:53:00+05:30,2026-03-24 09:55:00+05:30,2,2026-03-30,52500,52600,52700,1041.25,1110.75,1157.35,1009.1,1070.0,1149.9,-22.9,19.0,30,1257.0,452.77,804.23,Revert,2026-03
20260324,PE,2026-03-24 10:08:00+05:30,2026-03-24 10:14:00+05:30,6,2026-03-30,52500,52600,52700,1142.65,1207.75,1247.4,1104.55,1158.45,1215.15,-25.45,2.8,30,847.5,478.2,369.3,Revert,2026-03
20260324,PE,2026-03-24 10:21:00+05:30,2026-03-24 10:24:00+05:30,3,2026-03-30,52500,52600,52700,1040.0,1115.85,1168.45,1003.55,1050.75,1111.2,-23.25,13.25,30,1095.0,450.42,644.58,Revert,2026-03
20260324,PE,2026-03-24 10:46:00+05:30,2026-03-24 10:47:00+05:30,1,2026-03-30,52500,52600,52700,1164.45,1228.55,1257.55,1153.35,1197.3,1265.0,-35.1,23.75,30,1765.5,487.76,1277.74,Revert,2026-03
20260324,PE,2026-03-24 10:50:00+05:30,2026-03-24 10:53:00+05:30,3,2026-03-30,52500,52600,52700,1089.65,1170.1,1221.6,1169.05,1232.0,1298.1,-28.95,3.15,30,963.0,483.28,479.72,Revert,2026-03
20260324,PE,2026-03-24 11:01:00+05:30,2026-03-24 11:02:00+05:30,1,2026-03-30,52500,52600,52700,1180.55,1268.65,1298.35,1187.5,1238.15,1298.5,-58.4,9.7,30,2043.0,498.16,1544.84,Revert,2026-03
20260324,PE,2026-03-24 11:06:00+05:30,2026-03-24 11:08:00+05:30,2,2026-03-30,52500,52600,52700,1182.25,1247.25,1291.7,1147.8,1208.35,1285.0,-20.55,16.1,30,1099.5,491.75,607.75,Revert,2026-03
20260324,PE,2026-03-24 11:13:00+05:30,2026-03-24 11:15:00+05:30,2,2026-03-30,52500,52600,52700,1140.15,1210.5,1247.6,1123.7,1180.75,1244.15,-33.25,6.35,30,1188.0,481.86,706.14,Revert,2026-03
20260324,PE,2026-03-24 11:18:00+05:30,2026-03-24 11:19:00+05:30,1,2026-03-30,52500,52600,52700,1094.9,1173.5,1216.55,1099.0,1147.2,1203.75,-35.55,8.35,30,1317.0,471.9,845.1,Revert,2026-03
20260324,PE,2026-03-24 11:25:00+05:30,2026-03-24 11:27:00+05:30,2,2026-03-30,52500,52600,52700,1110.0,1225.55,1265.85,1107.4,1164.8,1231.5,-75.25,9.3,30,2536.5,481.34,2055.16,Revert,2026-03
20260324,PE,2026-03-24 11:36:00+05:30,2026-03-24 11:40:00+05:30,4,2026-03-30,52500,52600,52700,1065.8,1129.5,1164.6,1084.55,1115.0,1164.6,-28.6,19.15,30,1432.5,461.78,970.72,Revert,2026-03
20260324,PE,2026-03-24 11:41:00+05:30,2026-03-24 11:43:00+05:30,2,2026-03-30,52500,52600,52700,1103.15,1157.0,1164.6,1120.35,1163.35,1223.7,-46.25,17.35,30,1908.0,472.23,1435.77,Revert,2026-03
20260324,PE,2026-03-24 11:48:00+05:30,2026-03-24 11:52:00+05:30,4,2026-03-30,52500,52600,52700,1072.25,1133.05,1164.7,1069.0,1126.9,1184.9,-29.15,0.1,30,877.5,462.87,414.63,Revert,2026-03
20260324,PE,2026-03-24 12:30:00+05:30,2026-03-24 12:31:00+05:30,1,2026-03-30,52500,52600,52700,928.35,999.1,1039.05,921.85,968.75,1023.75,-30.8,8.1,30,1167.0,421.73,745.27,Revert,2026-03
20260325,CE,2026-03-25 12:01:00+05:30,2026-03-25 12:02:00+05:30,1,2026-03-30,53500,53600,53700,1043.35,990.75,917.1,1047.6,983.8,921.0,-21.05,1.0,30,661.5,422.41,239.09,Revert,2026-03
20260330,PE,2026-03-30 15:07:00+05:30,2026-03-30 15:11:00+05:30,4,2026-03-30,51000,51100,51200,821.2,945.35,1046.1,720.5,818.3,923.0,-23.4,6.9,30,909.0,392.7,516.3,Revert,2026-03
20260401,CE,2026-04-01 10:30:00+05:30,2026-04-01 10:31:00+05:30,1,2026-04-28,51900,52000,52100,1449.6,1407.95,1343.65,1464.95,1408.05,1359.15,-22.65,8.0,30,919.5,542.55,376.95,Revert,2026-04
20260401,CE,2026-04-01 10:38:00+05:30,2026-04-01 10:40:00+05:30,2,2026-04-28,51900,52000,52100,1441.4,1406.9,1346.0,1447.2,1400.15,1355.0,-26.4,1.9,30,849.0,540.88,308.12,Revert,2026-04
20260401,CE,2026-04-01 11:30:00+05:30,2026-04-01 11:31:00+05:30,1,2026-04-28,51900,52000,52100,1530.0,1490.6,1430.0,1559.4,1507.15,1462.5,-21.2,7.6,30,864.0,568.42,295.58,Revert,2026-04
20260401,CE,2026-04-01 11:51:00+05:30,2026-04-01 11:52:00+05:30,1,2026-04-28,51900,52000,52100,1521.75,1477.2,1411.5,1538.8,1483.0,1432.1,-21.15,4.9,30,781.5,562.92,218.58,Revert,2026-04
20260401,CE,2026-04-01 14:31:00+05:30,2026-04-01 14:33:00+05:30,2,2026-04-28,51900,52000,52100,1661.3,1622.75,1560.9,1648.7,1590.75,1534.95,-23.3,2.15,30,763.5,598.78,164.72,Revert,2026-04
20260401,CE,2026-04-01 14:52:00+05:30,2026-04-01 14:53:00+05:30,1,2026-04-28,51900,52000,52100,1540.75,1505.65,1430.35,1560.55,1510.0,1467.7,-40.2,8.25,30,1453.5,570.75,882.75,Revert,2026-04
20260401,CE,2026-04-01 14:59:00+05:30,2026-04-01 15:01:00+05:30,2,2026-04-28,51900,52000,52100,1565.0,1522.6,1454.3,1589.0,1533.05,1480.0,-25.9,2.9,30,864.0,576.33,287.67,Revert,2026-04
20260401,PE,2026-04-01 09:39:00+05:30,2026-04-01 09:42:00+05:30,3,2026-04-28,51900,52000,52100,1730.1,1785.45,1817.35,1679.8,1717.45,1756.85,-23.45,1.75,30,756.0,639.95,116.05,Revert,2026-04
20260401,PE,2026-04-01 09:43:00+05:30,2026-04-01 09:44:00+05:30,1,2026-04-28,51900,52000,52100,1687.05,1760.65,1812.85,1712.55,1738.0,1812.85,-21.4,49.4,30,2124.0,642.12,1481.88,Revert,2026-04
20260401,PE,2026-04-01 09:58:00+05:30,2026-04-01 10:00:00+05:30,2,2026-04-28,51900,52000,52100,1650.05,1694.5,1716.55,1602.85,1657.4,1716.55,-22.4,4.6,30,810.0,618.64,191.36,Revert,2026-04
20260401,PE,2026-04-01 10:07:00+05:30,2026-04-01 10:10:00+05:30,3,2026-04-28,51900,52000,52100,1644.75,1696.45,1721.9,1696.95,1737.8,1780.0,-26.25,1.35,30,828.0,630.12,197.88,Revert,2026-04
20260401,PE,2026-04-01 10:17:00+05:30,2026-04-01 10:19:00+05:30,2,2026-04-28,51900,52000,52100,1683.65,1738.55,1767.0,1693.85,1743.95,1804.15,-26.45,10.1,30,1096.5,637.49,459.01,Revert,2026-04
20260401,PE,2026-04-01 10:26:00+05:30,2026-04-01 10:27:00+05:30,1,2026-04-28,51900,52000,52100,1820.65,1887.9,1932.0,1829.5,1870.35,1914.65,-23.15,3.45,30,798.0,676.4,121.6,Revert,2026-04
20260401,PE,2026-04-01 11:15:00+05:30,2026-04-01 11:18:00+05:30,3,2026-04-28,51900,52000,52100,1800.45,1862.0,1896.2,1799.5,1846.95,1903.05,-27.35,8.65,30,1080.0,669.62,410.38,Revert,2026-04
20260401,PE,2026-04-01 11:26:00+05:30,2026-04-01 11:27:00+05:30,1,2026-04-28,51900,52000,52100,1727.65,1795.0,1840.0,1746.5,1770.05,1829.05,-22.35,35.45,30,1734.0,650.75,1083.25,Revert,2026-04
20260401,PE,2026-04-01 11:54:00+05:30,2026-04-01 11:55:00+05:30,1,2026-04-28,51900,52000,52100,1735.4,1788.0,1816.65,1738.95,1777.0,1820.0,-23.95,4.95,30,867.0,648.97,218.03,Revert,2026-04
20260401,PE,2026-04-01 13:31:00+05:30,2026-04-01 13:34:00+05:30,3,2026-04-28,51900,52000,52100,1518.75,1572.15,1605.35,1522.4,1565.8,1619.7,-20.2,10.5,30,921.0,588.55,332.45,Revert,2026-04
20260401,PE,2026-04-01 14:18:00+05:30,2026-04-01 14:19:00+05:30,1,2026-04-28,51900,52000,52100,1548.5,1608.75,1637.8,1546.5,1590.0,1638.2,-31.2,4.7,30,1077.0,596.73,480.27,Revert,2026-04
20260401,PE,2026-04-01 14:22:00+05:30,2026-04-01 14:23:00+05:30,1,2026-04-28,51900,52000,52100,1564.9,1629.4,1663.0,1573.5,1610.25,1657.2,-30.9,10.2,30,1233.0,602.87,630.13,Revert,2026-04
20260401,PE,2026-04-01 14:33:00+05:30,2026-04-01 14:35:00+05:30,2,2026-04-28,51900,52000,52100,1588.0,1630.9,1653.65,1589.75,1632.95,1677.3,-20.15,1.15,30,639.0,605.94,33.06,Revert,2026-04
20260401,PE,2026-04-01 14:37:00+05:30,2026-04-01 14:43:00+05:30,6,2026-04-28,51900,52000,52100,1618.2,1674.05,1706.6,1629.05,1675.0,1727.15,-23.3,6.2,30,885.0,618.31,266.69,Revert,2026-04
20260401,PE,2026-04-01 15:02:00+05:30,2026-04-01 15:03:00+05:30,1,2026-04-28,51900,52000,52100,1626.05,1693.0,1737.0,1678.95,1723.6,1768.85,-22.95,0.6,30,706.5,627.61,78.89,Revert,2026-04
20260402,CE,2026-04-02 12:16:00+05:30,2026-04-02 12:19:00+05:30,3,2026-04-28,50300,50400,50500,1733.05,1690.5,1627.25,1732.85,1677.75,1624.9,-20.7,2.25,30,688.5,620.85,67.65,Revert,2026-04
20260402,CE,2026-04-02 12:25:00+05:30,2026-04-02 12:27:00+05:30,2,2026-04-28,50300,50400,50500,1728.9,1688.5,1618.1,1749.2,1675.05,1618.5,-30.0,17.6,30,1428.0,620.94,807.06,Revert,2026-04
20260402,CE,2026-04-02 12:48:00+05:30,2026-04-02 12:49:00+05:30,1,2026-04-28,50300,50400,50500,1884.05,1837.8,1768.5,1865.6,1812.0,1759.3,-23.05,0.9,30,718.5,660.81,57.69,Revert,2026-04
20260402,CE,2026-04-02 13:35:00+05:30,2026-04-02 13:42:00+05:30,7,2026-04-28,50300,50400,50500,2077.15,2028.15,1953.5,2197.95,2130.0,2066.75,-25.65,4.7,30,910.5,733.35,177.15,Revert,2026-04
20260402,CE,2026-04-02 13:53:00+05:30,2026-04-02 13:54:00+05:30,1,2026-04-28,50300,50400,50500,2213.95,2174.1,2102.2,2213.95,2119.1,2059.25,-32.05,35.0,30,2011.5,754.23,1257.27,Revert,2026-04
20260402,CE,2026-04-02 13:58:00+05:30,2026-04-02 14:00:00+05:30,2,2026-04-28,50300,50400,50500,2110.15,2074.3,2010.15,2190.3,2108.0,2064.65,-28.3,38.95,30,2017.5,738.73,1278.77,Revert,2026-04
20260402,CE,2026-04-02 14:02:00+05:30,2026-04-02 14:07:00+05:30,5,2026-04-28,50300,50400,50500,2181.0,2136.45,2065.05,2214.85,2135.35,2077.65,-26.85,21.8,30,1459.5,750.5,709.0,Revert,2026-04
20260402,CE,2026-04-02 14:08:00+05:30,2026-04-02 14:12:00+05:30,4,2026-04-28,50300,50400,50500,2219.8,2175.15,2095.25,2332.9,2256.1,2199.0,-35.25,19.7,30,1648.5,772.96,875.54,Revert,2026-04
20260402,CE,2026-04-02 14:17:00+05:30,2026-04-02 14:18:00+05:30,1,2026-04-28,50300,50400,50500,2366.7,2333.95,2262.0,2366.7,2301.75,2245.3,-39.2,8.5,30,1431.0,801.36,629.64,Revert,2026-04
20260402,CE,2026-04-02 14:23:00+05:30,2026-04-02 14:25:00+05:30,2,2026-04-28,50300,50400,50500,2368.6,2327.65,2260.0,2439.6,2345.2,2264.6,-26.7,13.8,30,1215.0,807.12,407.88,Revert,2026-04
20260402,CE,2026-04-02 14:32:00+05:30,2026-04-02 14:34:00+05:30,2,2026-04-28,50300,50400,50500,2422.75,2377.25,2309.5,2452.15,2379.95,2313.6,-22.25,5.85,30,843.0,818.73,24.27,Revert,2026-04
20260402,CE,2026-04-02 14:36:00+05:30,2026-04-02 14:38:00+05:30,2,2026-04-28,50300,50400,50500,2401.25,2374.2,2266.75,2330.5,2245.0,2189.7,-80.4,30.2,30,3318.0,799.7,2518.3,Revert,2026-04
20260402,CE,2026-04-02 14:40:00+05:30,2026-04-02 14:42:00+05:30,2,2026-04-28,50300,50400,50500,2317.35,2257.95,2171.1,2269.0,2200.1,2132.4,-27.45,1.2,30,859.5,775.81,83.69,Revert,2026-04
20260402,CE,2026-04-02 14:45:00+05:30,2026-04-02 14:46:00+05:30,1,2026-04-28,50300,50400,50500,2265.05,2235.2,2156.6,2352.5,2282.85,2220.0,-48.75,6.8,30,1666.5,784.38,882.12,Revert,2026-04
20260402,CE,2026-04-02 14:55:00+05:30,2026-04-02 14:56:00+05:30,1,2026-04-28,50300,50400,50500,2382.0,2330.0,2254.05,2401.15,2330.0,2267.3,-23.95,8.45,30,972.0,805.02,166.98,Revert,2026-04
20260402,CE,2026-04-02 14:58:00+05:30,2026-04-02 14:59:00+05:30,1,2026-04-28,50300,50400,50500,2374.55,2324.9,2253.35,2405.0,2331.2,2263.0,-21.9,5.6,30,825.0,804.33,20.67,Revert,2026-04
20260402,CE,2026-04-02 15:01:00+05:30,2026-04-02 15:03:00+05:30,2,2026-04-28,50300,50400,50500,2433.85,2403.6,2319.6,2462.7,2396.7,2345.65,-53.75,14.95,30,2061.0,824.96,1236.04,Revert,2026-04
20260402,CE,2026-04-02 15:07:00+05:30,2026-04-02 15:08:00+05:30,1,2026-04-28,50300,50400,50500,2609.05,2554.2,2474.6,2658.85,2563.95,2524.0,-24.75,54.95,30,2391.0,872.9,1518.1,Revert,2026-04
20260402,CE,2026-04-02 15:18:00+05:30,2026-04-02 15:21:00+05:30,3,2026-04-28,50300,50400,50500,2660.85,2593.4,2503.45,2577.85,2507.8,2440.15,-22.5,2.4,30,747.0,867.49,-120.49,Revert,2026-04
20260402,PE,2026-04-02 10:15:00+05:30,2026-04-02 10:17:00+05:30,2,2026-04-28,50300,50400,50500,1689.65,1746.4,1775.0,1736.8,1771.4,1823.8,-28.15,17.8,30,1378.5,642.93,735.57,Revert,2026-04
20260402,PE,2026-04-02 10:53:00+05:30,2026-04-02 10:54:00+05:30,1,2026-04-28,50300,50400,50500,1722.45,1801.0,1807.0,1715.35,1756.75,1812.0,-72.55,13.85,30,2592.0,647.79,1944.21,Revert,2026-04
20260402,PE,2026-04-02 11:18:00+05:30,2026-04-02 11:19:00+05:30,1,2026-04-28,50300,50400,50500,1696.3,1757.05,1786.85,1705.1,1739.6,1801.05,-30.95,26.95,30,1737.0,640.41,1096.59,Revert,2026-04
20260402,PE,2026-04-02 13:59:00+05:30,2026-04-02 14:03:00+05:30,4,2026-04-28,50300,50400,50500,1360.45,1410.0,1436.4,1354.35,1384.15,1424.0,-23.15,10.05,30,996.0,539.56,456.44,Revert,2026-04
20260402,PE,2026-04-02 14:47:00+05:30,2026-04-02 14:50:00+05:30,3,2026-04-28,50300,50400,50500,1259.3,1307.15,1327.9,1226.45,1263.65,1304.9,-27.1,4.05,30,934.5,507.37,427.13,Revert,2026-04
20260402,PE,2026-04-02 14:57:00+05:30,2026-04-02 14:59:00+05:30,2,2026-04-28,50300,50400,50500,1204.15,1251.05,1273.35,1204.0,1240.55,1281.05,-24.6,3.95,30,856.5,496.12,360.38,Revert,2026-04
20260406,CE,2026-04-06 11:25:00+05:30,2026-04-06 11:26:00+05:30,1,2026-04-28,51500,51600,51700,1768.7,1722.55,1652.85,1776.95,1719.35,1667.85,-23.55,6.1,30,889.5,631.52,257.98,Revert,2026-04
20260406,CE,2026-04-06 13:13:00+05:30,2026-04-06 13:14:00+05:30,1,2026-04-28,51500,51600,51700,2147.8,2100.0,2030.3,2170.65,2110.05,2055.0,-21.9,5.55,30,823.5,740.84,82.66,Revert,2026-04
20260406,CE,2026-04-06 13:19:00+05:30,2026-04-06 13:24:00+05:30,5,2026-04-28,51500,51600,51700,2191.5,2142.65,2069.85,2220.25,2150.0,2085.0,-23.95,5.25,30,876.0,752.55,123.45,Revert,2026-04
20260406,CE,2026-04-06 13:31:00+05:30,2026-04-06 13:38:00+05:30,7,2026-04-28,51500,51600,51700,2215.9,2164.6,2089.5,2235.8,2169.5,2119.5,-23.8,16.3,30,1203.0,759.09,443.91,Revert,2026-04
20260406,CE,2026-04-06 13:40:00+05:30,2026-04-06 13:43:00+05:30,3,2026-04-28,51500,51600,51700,2220.0,2168.2,2088.6,2170.25,2110.1,2052.65,-27.8,2.7,30,915.0,750.31,164.69,Revert,2026-04
20260406,CE,2026-04-06 13:49:00+05:30,2026-04-06 13:50:00+05:30,1,2026-04-28,51500,51600,51700,2165.0,2110.0,2033.85,2193.95,2129.0,2073.45,-21.15,9.4,30,916.5,745.19,171.31,Revert,2026-04
20260406,CE,2026-04-06 14:08:00+05:30,2026-04-06 14:10:00+05:30,2,2026-04-28,51500,51600,51700,2209.0,2169.85,2090.0,2204.7,2138.4,2076.75,-40.7,4.65,30,1360.5,754.51,605.99,Revert,2026-04
20260406,CE,2026-04-06 14:23:00+05:30,2026-04-06 14:27:00+05:30,4,2026-04-28,51500,51600,51700,2301.85,2262.0,2172.55,2290.45,2222.55,2160.05,-49.6,5.4,30,1650.0,779.52,870.48,Revert,2026-04
20260406,CE,2026-04-06 14:28:00+05:30,2026-04-06 14:29:00+05:30,1,2026-04-28,51500,51600,51700,2251.75,2222.55,2140.0,2264.85,2192.85,2140.0,-53.35,19.15,30,2175.0,770.42,1404.58,Revert,2026-04
20260406,CE,2026-04-06 14:51:00+05:30,2026-04-06 14:54:00+05:30,3,2026-04-28,51500,51600,51700,2291.8,2242.4,2172.6,2288.05,2223.0,2173.15,-20.4,15.2,30,1068.0,777.76,290.24,Revert,2026-04
20260406,CE,2026-04-06 15:05:00+05:30,2026-04-06 15:06:00+05:30,1,2026-04-28,51500,51600,51700,2364.75,2300.0,2204.05,2385.0,2308.2,2255.0,-31.2,23.6,30,1644.0,798.42,845.58,Revert,2026-04
20260406,CE,2026-04-06 15:09:00+05:30,2026-04-06 15:10:00+05:30,1,2026-04-28,51500,51600,51700,2423.6,2363.9,2283.8,2433.2,2349.9,2295.05,-20.4,28.45,30,1465.5,813.88,651.62,Revert,2026-04
20260406,CE,2026-04-06 15:23:00+05:30,2026-04-06 15:24:00+05:30,1,2026-04-28,51500,51600,51700,2448.55,2388.65,2304.0,2436.85,2369.8,2301.4,-24.75,-1.35,30,702.0,818.46,-116.46,EOD,2026-04
20260407,CE,2026-04-07 09:42:00+05:30,2026-04-07 09:44:00+05:30,2,2026-04-28,52300,52400,52500,1531.2,1486.7,1421.3,1503.3,1445.55,1393.35,-20.9,5.55,30,793.5,558.98,234.52,Revert,2026-04
20260407,CE,2026-04-07 11:40:00+05:30,2026-04-07 11:43:00+05:30,3,2026-04-28,52300,52400,52500,1560.1,1521.65,1451.95,1555.5,1497.0,1444.65,-31.25,6.15,30,1122.0,571.17,550.83,Revert,2026-04
20260407,CE,2026-04-07 11:44:00+05:30,2026-04-07 11:46:00+05:30,2,2026-04-28,52300,52400,52500,1539.1,1497.0,1426.5,1533.45,1476.0,1425.0,-28.4,6.45,30,1045.5,564.73,480.77,Revert,2026-04
20260407,CE,2026-04-07 13:47:00+05:30,2026-04-07 13:49:00+05:30,2,2026-04-28,52300,52400,52500,1749.9,1699.0,1626.0,1735.1,1672.95,1619.7,-22.1,8.9,30,930.0,621.74,308.26,Revert,2026-04
20260407,PE,2026-04-07 10:16:00+05:30,2026-04-07 10:17:00+05:30,1,2026-04-28,52300,52400,52500,1460.0,1526.5,1548.1,1433.35,1473.25,1515.2,-44.9,2.05,30,1408.5,568.06,840.44,Revert,2026-04
20260407,PE,2026-04-07 11:07:00+05:30,2026-04-07 11:09:00+05:30,2,2026-04-28,52300,52400,52500,1548.9,1606.05,1640.0,1554.6,1593.55,1638.15,-23.2,5.65,30,865.5,597.01,268.49,Revert,2026-04
20260407,PE,2026-04-07 13:05:00+05:30,2026-04-07 13:11:00+05:30,6,2026-04-28,52300,52400,52500,1521.5,1577.0,1610.5,1516.5,1558.9,1606.95,-22.0,5.65,30,829.5,587.96,241.54,Revert,2026-04
20260407,PE,2026-04-07 13:13:00+05:30,2026-04-07 13:19:00+05:30,6,2026-04-28,52300,52400,52500,1492.55,1550.0,1583.0,1455.9,1497.55,1548.05,-24.45,8.85,30,999.0,575.54,423.46,Revert,2026-04
20260408,CE,2026-04-08 13:18:00+05:30,2026-04-08 13:19:00+05:30,1,2026-04-28,55000,55100,55200,1429.75,1382.65,1304.35,1426.05,1361.55,1300.0,-31.2,2.95,30,1024.5,531.93,492.57,Revert,2026-04
20260408,CE,2026-04-08 13:52:00+05:30,2026-04-08 13:53:00+05:30,1,2026-04-28,55000,55100,55200,1451.15,1400.1,1321.8,1443.9,1371.5,1313.65,-27.25,14.55,30,1254.0,536.55,717.45,Revert,2026-04
20260408,CE,2026-04-08 14:20:00+05:30,2026-04-08 14:22:00+05:30,2,2026-04-28,55000,55100,55200,1489.8,1440.0,1359.0,1523.0,1455.95,1390.1,-31.2,1.2,30,972.0,553.43,418.57,Revert,2026-04
20260408,CE,2026-04-08 15:21:00+05:30,2026-04-08 15:23:00+05:30,2,2026-04-28,55000,55100,55200,1629.6,1579.15,1498.65,1657.75,1587.25,1522.35,-30.05,5.6,30,1069.5,592.19,477.31,Revert,2026-04
20260408,PE,2026-04-08 10:37:00+05:30,2026-04-08 10:38:00+05:30,1,2026-04-28,55000,55100,55200,895.55,946.55,972.25,912.9,948.0,987.85,-25.3,4.75,30,901.5,411.18,490.32,Revert,2026-04
20260408,PE,2026-04-08 14:49:00+05:30,2026-04-08 14:50:00+05:30,1,2026-04-28,55000,55100,55200,756.15,796.8,815.6,759.8,791.25,826.25,-21.85,3.55,30,762.0,367.54,394.46,Revert,2026-04
20260409,CE,2026-04-09 12:03:00+05:30,2026-04-09 12:04:00+05:30,1,2026-04-28,55500,55600,55700,1078.8,1039.0,975.1,1082.05,1027.1,974.25,-24.1,2.1,30,786.0,435.46,350.54,Revert,2026-04
20260409,PE,2026-04-09 10:54:00+05:30,2026-04-09 10:55:00+05:30,1,2026-04-28,55500,55600,55700,1119.35,1174.15,1203.85,1095.0,1133.0,1177.5,-25.1,6.5,30,948.0,470.01,477.99,Revert,2026-04
20260409,PE,2026-04-09 12:54:00+05:30,2026-04-09 12:55:00+05:30,1,2026-04-28,55500,55600,55700,1208.95,1262.4,1295.0,1211.55,1256.7,1303.15,-20.85,1.3,30,664.5,499.94,164.56,Revert,2026-04
20260409,PE,2026-04-09 14:03:00+05:30,2026-04-09 14:04:00+05:30,1,2026-04-28,55500,55600,55700,1325.75,1396.4,1439.8,1324.3,1356.75,1425.0,-27.25,35.8,30,1891.5,535.15,1356.35,Revert,2026-04
20260409,PE,2026-04-09 14:24:00+05:30,2026-04-09 14:26:00+05:30,2,2026-04-28,55500,55600,55700,1411.3,1471.45,1511.45,1442.8,1492.15,1548.2,-20.15,6.7,30,805.5,563.52,241.98,Revert,2026-04
20260409,PE,2026-04-09 15:04:00+05:30,2026-04-09 15:07:00+05:30,3,2026-04-28,55500,55600,55700,1372.15,1419.6,1433.5,1349.5,1398.05,1450.1,-33.55,3.5,30,1111.5,542.38,569.12,Revert,2026-04
20260413,CE,2026-04-13 11:52:00+05:30,2026-04-13 11:53:00+05:30,1,2026-04-28,54600,54700,54800,1477.0,1427.6,1355.4,1476.85,1412.5,1351.55,-22.8,3.4,30,786.0,545.72,240.28,Revert,2026-04
20260413,CE,2026-04-13 12:33:00+05:30,2026-04-13 12:34:00+05:30,1,2026-04-28,54600,54700,54800,1699.75,1634.85,1548.9,1691.3,1618.5,1557.4,-21.05,11.7,30,982.5,605.04,377.46,Revert,2026-04
20260413,CE,2026-04-13 12:35:00+05:30,2026-04-13 12:37:00+05:30,2,2026-04-28,54600,54700,54800,1695.0,1638.8,1554.0,1716.3,1628.9,1585.0,-28.6,43.5,30,2163.0,608.81,1554.19,Revert,2026-04
20260413,CE,2026-04-13 12:54:00+05:30,2026-04-13 12:56:00+05:30,2,2026-04-28,54600,54700,54800,1691.0,1645.0,1559.1,1650.95,1583.95,1520.0,-39.9,3.05,30,1288.5,600.81,687.69,Revert,2026-04
20260413,CE,2026-04-13 13:01:00+05:30,2026-04-13 13:02:00+05:30,1,2026-04-28,54600,54700,54800,1663.1,1613.5,1530.95,1662.05,1573.0,1506.7,-32.95,22.75,30,1671.0,596.0,1075.0,Revert,2026-04
20260413,CE,2026-04-13 13:03:00+05:30,2026-04-13 13:04:00+05:30,1,2026-04-28,54600,54700,54800,1602.5,1547.8,1464.55,1625.7,1551.0,1494.9,-28.55,18.6,30,1414.5,583.34,831.16,Revert,2026-04
20260413,CE,2026-04-13 13:45:00+05:30,2026-04-13 13:47:00+05:30,2,2026-04-28,54600,54700,54800,1744.35,1685.05,1600.1,1740.0,1665.0,1598.4,-25.65,8.4,30,1021.5,618.55,402.95,Revert,2026-04
20260413,CE,2026-04-13 13:58:00+05:30,2026-04-13 14:00:00+05:30,2,2026-04-28,54600,54700,54800,1873.0,1818.6,1720.8,1880.5,1794.05,1724.6,-43.4,17.0,30,1812.0,656.18,1155.82,Revert,2026-04
20260413,CE,2026-04-13 14:06:00+05:30,2026-04-13 14:08:00+05:30,2,2026-04-28,54600,54700,54800,1809.55,1755.0,1676.0,1835.6,1746.7,1695.0,-24.45,37.2,30,1849.5,641.81,1207.69,Revert,2026-04
20260413,CE,2026-04-13 14:15:00+05:30,2026-04-13 14:16:00+05:30,1,2026-04-28,54600,54700,54800,1799.0,1725.85,1630.1,1790.05,1710.35,1637.25,-22.6,6.6,30,876.0,630.75,245.25,Revert,2026-04
20260413,CE,2026-04-13 14:19:00+05:30,2026-04-13 14:23:00+05:30,4,2026-04-28,54600,54700,54800,1802.6,1752.75,1668.65,1824.0,1754.35,1684.7,-34.25,0.0,30,1027.5,640.3,387.2,Revert,2026-04
20260413,CE,2026-04-13 14:35:00+05:30,2026-04-13 14:36:00+05:30,1,2026-04-28,54600,54700,54800,1870.65,1809.0,1726.4,1870.65,1784.95,1716.45,-20.95,17.2,30,1144.5,653.83,490.67,Revert,2026-04
20260413,CE,2026-04-13 14:40:00+05:30,2026-04-13 14:44:00+05:30,4,2026-04-28,54600,54700,54800,1865.0,1813.2,1724.0,1859.15,1782.0,1710.9,-37.4,6.05,30,1303.5,653.15,650.35,Revert,2026-04
20260413,CE,2026-04-13 14:56:00+05:30,2026-04-13 14:58:00+05:30,2,2026-04-28,54600,54700,54800,1875.0,1808.25,1718.6,1874.8,1796.65,1735.5,-22.9,17.0,30,1197.0,655.35,541.65,Revert,2026-04
20260413,CE,2026-04-13 15:01:00+05:30,2026-04-13 15:03:00+05:30,2,2026-04-28,54600,54700,54800,1796.25,1729.9,1640.0,1857.05,1769.5,1711.9,-23.55,29.95,30,1605.0,641.08,963.92,Revert,2026-04
20260413,PE,2026-04-13 15:11:00+05:30,2026-04-13 15:12:00+05:30,1,2026-04-28,54600,54700,54800,686.95,724.65,742.15,692.0,715.0,742.0,-20.2,4.0,30,726.0,346.46,379.54,Revert,2026-04
