date,entry_bar,exit_bar,hold_bars,direction,atm_strike,synth_strike,entry_ce,entry_pe,entry_sce,entry_spe,exit_ce,exit_pe,exit_sce,exit_spe,entry_spread,exit_spread,arb_gross,synth_gross,lot_size,gross_pnl,charges,net_pnl,exit_reason,month
20251208,2025-12-08 14:15:00+05:30,2025-12-08 14:18:00+05:30,3,+1 (sell CE / buy CE@ATM-100),59900,59800,427.0,851.0,468.95,800.0,424.0,861.55,465.05,799.8,25.0,4.45,474.25,-129.5,35,344.75,400.66,-55.91,Revert,2025-12
20251208,2025-12-08 14:30:00+05:30,2025-12-08 14:37:00+05:30,7,+1 (sell CE / buy CE@ATM-100),59900,59800,440.55,839.0,481.0,786.9,439.55,846.0,483.7,784.0,27.55,3.95,280.0,196.0,35,476.0,400.89,75.11,Revert,2025-12
20251208,2025-12-08 14:43:00+05:30,2025-12-08 14:52:00+05:30,9,+1 (sell CE / buy CE@ATM-100),59900,59800,442.75,835.05,487.55,783.7,462.9,790.65,506.4,736.75,25.1,3.45,-2259.25,2303.0,35,43.75,398.3,-354.55,Revert,2025-12
20251208,2025-12-08 14:55:00+05:30,2025-12-08 15:24:00+05:30,29,+1 (sell CE / buy CE@ATM-100),59900,59800,459.55,802.5,502.0,749.85,439.0,820.0,482.8,759.0,25.05,12.0,1331.75,-992.25,35,339.5,397.22,-57.72,EOD,2025-12
20251209,2025-12-09 09:51:00+05:30,2025-12-09 09:52:00+05:30,1,+1 (sell CE / buy CE@ATM-100),59300,59200,631.95,634.85,685.05,590.0,635.75,635.0,684.0,590.3,25.5,3.55,-127.75,-47.25,35,-175.0,399.84,-574.84,Revert,2025-12
20251209,2025-12-09 11:01:00+05:30,2025-12-09 11:04:00+05:30,3,+1 (sell CE / buy CE@ATM-100),59300,59200,762.9,501.6,820.8,463.8,769.1,502.7,828.3,464.55,26.1,10.8,-178.5,236.25,35,57.75,401.13,-343.38,EOD,2025-12
20251210,2025-12-10 11:19:00+05:30,2025-12-10 11:22:00+05:30,3,+1 (sell CE / buy CE@ATM-100),59600,59500,492.55,673.85,537.15,623.55,476.15,702.85,521.45,650.9,25.5,2.9,1589.0,-1506.75,35,82.25,383.08,-300.83,Revert,2025-12
20251210,2025-12-10 11:39:00+05:30,2025-12-10 11:59:00+05:30,20,+1 (sell CE / buy CE@ATM-100),59600,59500,442.85,756.4,485.7,700.2,451.2,743.0,493.55,688.0,25.45,3.4,-761.25,701.75,35,-59.5,386.39,-445.89,Revert,2025-12
20251210,2025-12-10 12:04:00+05:30,2025-12-10 12:07:00+05:30,3,+1 (sell CE / buy CE@ATM-100),59600,59500,449.1,750.2,491.75,688.75,461.95,720.85,506.5,666.75,26.3,3.1,-1477.0,1286.25,35,-190.75,385.26,-576.01,Revert,2025-12
20251210,2025-12-10 12:31:00+05:30,2025-12-10 12:48:00+05:30,17,+1 (sell CE / buy CE@ATM-100),59600,59500,417.3,806.1,457.55,751.5,426.9,797.85,468.0,736.0,25.2,3.25,-624.75,908.25,35,283.5,390.81,-107.31,Revert,2025-12
20251210,2025-12-10 13:07:00+05:30,2025-12-10 13:12:00+05:30,5,+1 (sell CE / buy CE@ATM-100),59600,59500,441.7,757.0,485.3,700.0,442.4,759.65,486.5,701.85,25.1,0.75,68.25,-22.75,35,45.5,387.03,-341.53,Revert,2025-12
20251210,2025-12-10 13:17:00+05:30,2025-12-10 13:21:00+05:30,4,+1 (sell CE / buy CE@ATM-100),59600,59500,437.35,771.45,480.45,711.2,454.35,734.45,502.1,676.1,30.9,2.3,-1890.0,1986.25,35,96.25,386.78,-290.53,Revert,2025-12
20251210,2025-12-10 14:29:00+05:30,2025-12-10 14:32:00+05:30,3,+1 (sell CE / buy CE@ATM-100),59600,59500,413.15,809.85,450.0,749.75,423.1,781.3,464.55,728.0,25.5,4.8,-1347.5,1270.5,35,-77.0,388.82,-465.82,Revert,2025-12
20251210,2025-12-10 14:39:00+05:30,2025-12-10 15:02:00+05:30,23,+1 (sell CE / buy CE@ATM-100),59600,59500,429.9,765.05,472.65,709.6,448.65,737.45,493.5,682.35,26.85,3.4,-1622.25,1683.5,35,61.25,385.58,-324.33,Revert,2025-12
20251210,2025-12-10 15:07:00+05:30,2025-12-10 15:24:00+05:30,17,+1 (sell CE / buy CE@ATM-100),59600,59500,437.5,755.5,478.85,703.25,426.55,794.55,471.0,737.3,27.4,22.4,1750.0,-1466.5,35,283.5,388.46,-104.96,EOD,2025-12
20251211,2025-12-11 09:37:00+05:30,2025-12-11 09:42:00+05:30,5,+1 (sell CE / buy CE@ATM-100),59400,59300,513.95,635.75,559.0,591.0,465.5,694.9,509.3,647.4,27.0,2.8,3766.0,-3713.5,35,52.5,380.49,-327.99,Revert,2025-12
20251212,2025-12-12 10:30:00+05:30,2025-12-12 10:31:00+05:30,1,+1 (sell CE / buy CE@ATM-100),59700,59600,464.0,568.0,512.8,518.4,467.65,564.6,516.8,515.95,25.0,-2.95,-246.75,225.75,35,-21.0,360.16,-381.16,Revert,2025-12
20251219,2025-12-19 10:10:00+05:30,2025-12-19 10:13:00+05:30,3,+1 (sell CE / buy CE@ATM-100),59300,59200,364.65,430.8,416.25,380.5,351.8,446.95,400.5,395.95,27.85,3.85,1015.0,-1092.0,35,-77.0,321.06,-398.06,Revert,2025-12
20260105,2026-01-05 11:15:00+05:30,2026-01-05 11:19:00+05:30,4,-1 (buy CE / sell CE@ATM-100),60400,60300,635.25,567.1,692.95,523.25,624.05,574.2,681.5,531.4,-28.25,-2.15,-549.0,588.0,30,39.0,360.68,-321.68,Revert,2026-01
20260116,2026-01-16 13:49:00+05:30,2026-01-16 14:19:00+05:30,30,-1 (buy CE / sell CE@ATM-100),59900,59800,608.35,364.05,674.25,326.2,595.7,364.3,654.5,323.8,-26.1,-9.2,-387.0,520.5,30,133.5,328.07,-194.57,MaxHold,2026-01
20260116,2026-01-16 14:38:00+05:30,2026-01-16 15:05:00+05:30,27,-1 (buy CE / sell CE@ATM-100),59900,59800,590.05,357.25,670.2,319.0,608.95,356.95,669.65,318.8,-34.0,-5.0,576.0,10.5,30,586.5,327.68,258.82,Revert,2026-01
20260122,2026-01-22 12:07:00+05:30,2026-01-22 12:09:00+05:30,2,+1 (sell CE / buy CE@ATM-100),59600,59500,172.95,685.6,203.0,620.35,174.95,674.3,206.45,609.65,26.55,-3.35,-399.0,424.5,30,25.5,307.92,-282.42,Revert,2026-01
20260123,2026-01-23 11:41:00+05:30,2026-01-23 11:43:00+05:30,2,+1 (sell CE / buy CE@ATM-100),59300,59200,197.6,406.25,239.85,349.55,205.45,390.85,250.85,332.1,26.35,-0.4,-697.5,853.5,30,156.0,273.33,-117.33,Revert,2026-01
20260127,2026-01-27 10:11:00+05:30,2026-01-27 10:12:00+05:30,1,+1 (sell CE / buy CE@ATM-100),58200,58100,495.25,76.95,577.25,60.05,499.95,76.55,583.4,59.7,27.7,-3.0,-153.0,195.0,30,42.0,275.26,-233.26,Revert,2026-01
20260127,2026-01-27 10:53:00+05:30,2026-01-27 10:54:00+05:30,1,-1 (buy CE / sell CE@ATM-100),58200,58100,309.1,124.15,381.85,93.9,335.95,109.15,411.45,83.45,-53.65,-0.4,1255.5,-1201.5,30,54.0,254.63,-200.63,Revert,2026-01
20260127,2026-01-27 12:16:00+05:30,2026-01-27 12:17:00+05:30,1,-1 (buy CE / sell CE@ATM-100),58200,58100,519.0,27.7,614.8,20.4,538.15,27.4,630.35,19.6,-28.3,-4.05,583.5,-490.5,30,93.0,274.17,-181.17,Revert,2026-01
20260127,2026-01-27 13:34:00+05:30,2026-01-27 13:36:00+05:30,2,-1 (buy CE / sell CE@ATM-100),58200,58100,565.25,11.15,666.1,7.95,518.65,14.15,617.2,9.95,-25.9,1.1,-1488.0,1527.0,30,39.0,274.6,-235.6,Revert,2026-01
20260127,2026-01-27 14:59:00+05:30,2026-01-27 15:03:00+05:30,4,-1 (buy CE / sell CE@ATM-100),58200,58100,843.45,1.35,989.75,1.45,866.5,0.85,958.25,0.95,-32.9,-4.35,706.5,930.0,30,1636.5,320.33,1316.17,Revert,2026-01
20260129,2026-01-29 10:41:00+05:30,2026-01-29 10:55:00+05:30,14,-1 (buy CE / sell CE@ATM-100),59700,59600,947.3,848.65,1011.45,803.0,1016.05,800.65,1075.4,760.4,-28.75,-0.0,3502.5,-3196.5,30,306.0,447.46,-141.46,Revert,2026-01
20260129,2026-01-29 13:28:00+05:30,2026-01-29 13:30:00+05:30,2,-1 (buy CE / sell CE@ATM-100),59700,59600,1073.35,698.95,1134.55,659.95,1082.35,690.0,1144.25,654.6,-25.8,2.95,538.5,-451.5,30,87.0,442.85,-355.85,Revert,2026-01
20260129,2026-01-29 14:35:00+05:30,2026-01-29 14:41:00+05:30,6,-1 (buy CE / sell CE@ATM-100),59700,59600,1138.85,660.8,1200.8,625.8,1170.0,657.2,1229.5,621.85,-26.15,-2.8,1042.5,-979.5,30,63.0,448.77,-385.77,Revert,2026-01
20260129,2026-01-29 14:42:00+05:30,2026-01-29 14:59:00+05:30,17,-1 (buy CE / sell CE@ATM-100),59700,59600,1171.25,658.55,1230.45,622.35,1150.0,653.65,1211.65,622.0,-26.5,1.35,-490.5,553.5,30,63.0,449.31,-386.31,Revert,2026-01
20260129,2026-01-29 15:05:00+05:30,2026-01-29 15:14:00+05:30,9,-1 (buy CE / sell CE@ATM-100),59700,59600,1135.15,661.0,1200.95,625.55,1131.75,671.0,1189.1,633.05,-25.65,0.75,-402.0,580.5,30,178.5,446.82,-268.32,Revert,2026-01
20260129,2026-01-29 15:17:00+05:30,2026-01-29 15:24:00+05:30,7,-1 (buy CE / sell CE@ATM-100),59700,59600,1157.2,657.3,1222.8,622.9,1172.6,653.0,1235.05,618.2,-25.5,-17.6,591.0,-508.5,30,82.5,450.0,-367.5,EOD,2026-01
20260130,2026-01-30 09:31:00+05:30,2026-01-30 09:33:00+05:30,2,-1 (buy CE / sell CE@ATM-100),59900,59800,864.9,899.1,923.65,849.75,867.55,898.65,924.1,852.4,-28.6,-1.1,93.0,66.0,30,159.0,440.84,-281.84,Revert,2026-01
20260130,2026-01-30 09:40:00+05:30,2026-01-30 09:58:00+05:30,18,-1 (buy CE / sell CE@ATM-100),59900,59800,896.0,880.2,950.3,833.0,974.8,802.85,1031.2,757.65,-25.2,-1.05,4684.5,-4687.5,30,-3.0,442.36,-445.36,Revert,2026-01
20260130,2026-01-30 10:33:00+05:30,2026-01-30 10:41:00+05:30,8,-1 (buy CE / sell CE@ATM-100),59900,59800,970.85,827.8,1027.3,782.95,996.0,802.5,1056.05,758.9,-25.55,-0.7,1513.5,-1584.0,30,-70.5,445.74,-516.24,Revert,2026-01
20260130,2026-01-30 12:12:00+05:30,2026-01-30 12:14:00+05:30,2,-1 (buy CE / sell CE@ATM-100),59900,59800,960.0,856.5,1014.9,810.65,974.0,841.6,1029.0,796.05,-25.9,-3.4,867.0,-861.0,30,6.0,447.94,-441.94,Revert,2026-01
20260130,2026-01-30 12:48:00+05:30,2026-01-30 13:07:00+05:30,19,-1 (buy CE / sell CE@ATM-100),59900,59800,957.85,846.0,1016.95,802.9,905.8,902.1,959.4,856.4,-26.15,-4.3,-3244.5,3331.5,30,87.0,446.74,-359.74,Revert,2026-01
20260130,2026-01-30 14:17:00+05:30,2026-01-30 14:45:00+05:30,28,-1 (buy CE / sell CE@ATM-100),59900,59800,943.1,824.7,1003.55,780.55,877.0,873.3,930.4,833.0,-27.4,0.7,-3441.0,3768.0,30,327.0,440.45,-113.45,Revert,2026-01
20260201,2026-02-01 12:19:00+05:30,2026-02-01 12:20:00+05:30,1,+1 (sell CE / buy CE@ATM-100),59900,59800,627.2,1106.15,672.8,1050.9,588.55,1198.05,627.0,1149.75,25.85,1.7,3916.5,-4339.5,30,-423.0,438.29,-861.29,Revert,2026-02
20260201,2026-02-01 12:23:00+05:30,2026-02-01 12:24:00+05:30,1,+1 (sell CE / buy CE@ATM-100),59900,59800,534.1,1261.2,576.0,1241.8,521.15,1310.7,557.85,1244.85,39.7,4.65,1873.5,-636.0,30,1237.5,447.6,789.9,Revert,2026-02
20260201,2026-02-01 12:31:00+05:30,2026-02-01 12:34:00+05:30,3,-1 (buy CE / sell CE@ATM-100),59900,59800,346.25,2000.4,373.95,1888.75,452.15,1649.65,488.0,1569.3,-36.15,-3.9,13699.5,-13005.0,30,694.5,501.31,193.19,Revert,2026-02
20260201,2026-02-01 12:35:00+05:30,2026-02-01 12:41:00+05:30,6,+1 (sell CE / buy CE@ATM-100),59900,59800,476.25,1470.0,513.7,1425.1,542.15,1333.75,579.7,1259.7,45.25,3.4,-6064.5,6942.0,30,877.5,459.88,417.62,Revert,2026-02
20260201,2026-02-01 12:48:00+05:30,2026-02-01 12:50:00+05:30,2,+1 (sell CE / buy CE@ATM-100),59900,59800,518.35,1273.65,562.2,1251.0,527.4,1345.6,569.75,1279.9,54.7,3.4,1887.0,-640.5,30,1246.5,450.46,796.04,Revert,2026-02
20260201,2026-02-01 12:51:00+05:30,2026-02-01 12:55:00+05:30,4,-1 (buy CE / sell CE@ATM-100),59900,59800,530.0,1371.8,571.95,1300.0,534.3,1302.0,572.85,1235.0,-32.8,-2.7,2223.0,-1977.0,30,246.0,452.93,-206.93,Revert,2026-02
20260201,2026-02-01 12:56:00+05:30,2026-02-01 12:59:00+05:30,3,-1 (buy CE / sell CE@ATM-100),59900,59800,543.8,1302.0,585.2,1202.8,569.8,1218.95,615.0,1161.55,-28.2,-4.15,3271.5,-2131.5,30,1140.0,445.8,694.2,Revert,2026-02
20260201,2026-02-01 13:04:00+05:30,2026-02-01 13:06:00+05:30,2,-1 (buy CE / sell CE@ATM-100),59900,59800,553.65,1236.6,595.25,1178.75,546.8,1261.55,585.75,1200.65,-27.35,3.05,-954.0,942.0,30,-12.0,443.53,-455.53,Revert,2026-02
20260201,2026-02-01 13:25:00+05:30,2026-02-01 13:31:00+05:30,6,+1 (sell CE / buy CE@ATM-100),59900,59800,553.65,1237.15,595.0,1187.25,540.3,1300.7,580.0,1230.0,26.1,3.4,2307.0,-1732.5,30,574.5,446.27,128.23,Revert,2026-02
20260201,2026-02-01 13:32:00+05:30,2026-02-01 14:01:00+05:30,29,+1 (sell CE / buy CE@ATM-100),59900,59800,528.0,1265.0,567.25,1230.0,539.2,1298.25,578.7,1225.75,44.4,1.55,661.5,471.0,30,1132.5,446.97,685.53,Revert,2026-02
20260201,2026-02-01 14:04:00+05:30,2026-02-01 14:24:00+05:30,20,+1 (sell CE / buy CE@ATM-100),59900,59800,521.25,1298.1,558.35,1225.55,538.55,1307.1,579.45,1236.25,29.15,2.45,-249.0,312.0,30,63.0,447.34,-384.34,Revert,2026-02
20260201,2026-02-01 14:30:00+05:30,2026-02-01 14:31:00+05:30,1,+1 (sell CE / buy CE@ATM-100),59900,59800,527.55,1299.4,563.2,1191.5,538.45,1299.15,575.1,1230.2,28.15,-2.9,-334.5,-804.0,30,-1138.5,445.03,-1583.53,Revert,2026-02
20260201,2026-02-01 14:32:00+05:30,2026-02-01 14:36:00+05:30,4,+1 (sell CE / buy CE@ATM-100),59900,59800,536.75,1266.1,575.15,1230.2,550.15,1254.35,585.1,1193.85,44.25,1.0,-754.5,1389.0,30,634.5,445.16,189.34,Revert,2026-02
20260201,2026-02-01 14:40:00+05:30,2026-02-01 14:48:00+05:30,8,+1 (sell CE / buy CE@ATM-100),59900,59800,530.05,1286.3,567.3,1235.0,503.25,1370.0,543.85,1307.2,39.75,4.05,3315.0,-2869.5,30,445.5,450.41,-4.91,Revert,2026-02
20260201,2026-02-01 14:49:00+05:30,2026-02-01 15:17:00+05:30,28,+1 (sell CE / buy CE@ATM-100),59900,59800,493.45,1387.4,530.7,1332.5,398.0,1637.55,426.45,1560.55,26.85,3.25,10368.0,-9969.0,30,399.0,465.45,-66.45,Revert,2026-02
20260201,2026-02-01 15:18:00+05:30,2026-02-01 15:24:00+05:30,6,+1 (sell CE / buy CE@ATM-100),59900,59800,397.0,1644.25,427.0,1571.4,385.0,1660.0,415.05,1585.0,25.55,25.0,832.5,-766.5,30,66.0,476.52,-410.52,EOD,2026-02
20260203,2026-02-03 10:16:00+05:30,2026-02-03 10:26:00+05:30,10,-1 (buy CE / sell CE@ATM-100),60300,60200,720.1,931.1,772.65,870.4,774.55,874.05,823.9,829.4,-26.6,-0.7,3345.0,-2767.5,30,577.5,423.93,153.57,Revert,2026-02
20260203,2026-02-03 11:19:00+05:30,2026-02-03 11:33:00+05:30,14,-1 (buy CE / sell CE@ATM-100),60300,60200,787.45,815.1,842.55,767.7,838.9,749.3,891.55,706.8,-27.45,-1.0,3517.5,-3297.0,30,220.5,416.67,-196.17,Revert,2026-02
20260203,2026-02-03 12:16:00+05:30,2026-02-03 12:21:00+05:30,5,-1 (buy CE / sell CE@ATM-100),60300,60200,800.2,783.85,858.1,737.8,802.0,778.2,857.0,738.0,-25.85,-2.2,223.5,39.0,30,262.5,415.12,-152.62,Revert,2026-02
20260204,2026-02-04 09:57:00+05:30,2026-02-04 10:25:00+05:30,28,-1 (buy CE / sell CE@ATM-100),60300,60200,747.6,682.7,803.65,639.85,742.4,675.75,798.3,632.05,-25.1,-1.35,52.5,-73.5,30,-21.0,392.4,-413.4,Revert,2026-02
20260204,2026-02-04 10:27:00+05:30,2026-02-04 10:35:00+05:30,8,-1 (buy CE / sell CE@ATM-100),60300,60200,737.0,681.7,795.0,637.1,716.7,691.3,772.8,648.8,-25.9,-4.8,-897.0,1017.0,30,120.0,391.01,-271.01,Revert,2026-02
20260204,2026-02-04 12:16:00+05:30,2026-02-04 12:24:00+05:30,8,-1 (buy CE / sell CE@ATM-100),60300,60200,721.9,648.75,777.15,606.3,706.65,655.35,762.65,612.0,-26.65,-1.7,-655.5,606.0,30,-49.5,384.14,-433.64,Revert,2026-02
20260204,2026-02-04 12:44:00+05:30,2026-02-04 12:51:00+05:30,7,-1 (buy CE / sell CE@ATM-100),60300,60200,695.0,656.6,749.75,613.6,668.0,682.7,722.0,638.2,-31.6,-2.3,-1593.0,1570.5,30,-22.5,381.85,-404.35,Revert,2026-02
20260209,2026-02-09 11:48:00+05:30,2026-02-09 11:55:00+05:30,7,-1 (buy CE / sell CE@ATM-100),60800,60700,493.4,576.55,546.5,527.7,474.45,587.0,525.7,539.0,-25.15,-2.55,-882.0,963.0,30,81.0,340.81,-259.81,Revert,2026-02
20260209,2026-02-09 12:16:00+05:30,2026-02-09 12:17:00+05:30,1,-1 (buy CE / sell CE@ATM-100),60800,60700,491.75,566.6,545.15,518.8,495.55,561.0,549.55,515.05,-28.25,-4.85,282.0,-244.5,30,37.5,339.82,-302.32,Revert,2026-02
20260209,2026-02-09 14:12:00+05:30,2026-02-09 14:19:00+05:30,7,-1 (buy CE / sell CE@ATM-100),60800,60700,468.45,580.2,520.9,530.65,485.0,560.2,538.0,512.2,-28.35,0.8,1096.5,-1066.5,30,30.0,338.11,-308.11,Revert,2026-02
20260209,2026-02-09 14:37:00+05:30,2026-02-09 15:07:00+05:30,30,-1 (buy CE / sell CE@ATM-100),60800,60700,476.45,573.35,528.45,525.0,481.4,580.0,535.0,530.4,-26.1,-5.8,-51.0,-34.5,30,-85.5,339.25,-424.75,MaxHold,2026-02
20260210,2026-02-10 15:02:00+05:30,2026-02-10 15:07:00+05:30,5,-1 (buy CE / sell CE@ATM-100),60800,60700,444.35,516.45,498.6,468.4,434.45,527.4,489.0,478.6,-26.9,-2.95,-625.5,594.0,30,-31.5,326.03,-357.53,Revert,2026-02
20260211,2026-02-11 13:57:00+05:30,2026-02-11 14:17:00+05:30,20,-1 (buy CE / sell CE@ATM-100),60700,60600,482.5,410.95,539.05,368.05,509.8,392.7,565.8,353.1,-27.45,-2.9,1366.5,-1251.0,30,115.5,317.76,-202.26,Revert,2026-02
20260216,2026-02-16 15:14:00+05:30,2026-02-16 15:15:00+05:30,1,-1 (buy CE / sell CE@ATM-100),60400,60300,793.1,244.65,871.75,221.45,791.7,245.15,866.05,221.15,-27.75,-4.45,-57.0,162.0,30,105.0,340.28,-235.28,Revert,2026-02
20260220,2026-02-20 14:05:00+05:30,2026-02-20 14:07:00+05:30,2,+1 (sell CE / buy CE@ATM-100),60900,60800,547.3,205.15,620.95,177.95,574.1,195.0,648.0,168.3,32.75,0.5,-1108.5,1101.0,30,-7.5,300.41,-307.91,Revert,2026-02
20260223,2026-02-23 12:29:00+05:30,2026-02-23 12:30:00+05:30,1,-1 (buy CE / sell CE@ATM-100),61400,61300,128.4,453.75,162.85,386.1,121.3,473.75,154.1,406.8,-25.35,2.35,-813.0,883.5,30,70.5,270.23,-199.73,Revert,2026-02
20260223,2026-02-23 12:46:00+05:30,2026-02-23 12:49:00+05:30,3,-1 (buy CE / sell CE@ATM-100),61400,61300,156.45,383.8,197.05,323.8,145.25,402.1,181.8,338.15,-31.55,-0.25,-885.0,888.0,30,3.0,264.54,-261.54,Revert,2026-02
20260224,2026-02-24 14:22:00+05:30,2026-02-24 14:24:00+05:30,2,-1 (buy CE / sell CE@ATM-100),61200,61100,57.2,126.1,103.1,72.75,23.8,189.2,50.55,116.45,-28.9,3.8,-2895.0,2887.5,30,-7.5,215.1,-222.6,Revert,2026-02
20260226,2026-02-26 10:55:00+05:30,2026-02-26 10:56:00+05:30,1,-1 (buy CE / sell CE@ATM-100),61500,61400,768.65,870.1,820.0,819.7,763.6,880.0,816.0,831.65,-31.45,-2.4,-448.5,478.5,30,30.0,422.59,-392.59,Revert,2026-02
20260302,2026-03-02 11:08:00+05:30,2026-03-02 11:12:00+05:30,4,+1 (sell CE / buy CE@ATM-100),60600,60500,733.6,1051.2,779.9,1006.5,713.55,1071.8,765.9,1020.0,28.8,3.35,1219.5,-825.0,30,394.5,443.24,-48.74,Revert,2026-03
20260302,2026-03-02 11:51:00+05:30,2026-03-02 11:53:00+05:30,2,+1 (sell CE / buy CE@ATM-100),60600,60500,711.0,1076.2,758.0,1034.5,705.7,1098.15,755.8,1047.8,27.8,3.15,817.5,-465.0,30,352.5,444.8,-92.3,Revert,2026-03
20260302,2026-03-02 12:08:00+05:30,2026-03-02 12:09:00+05:30,1,+1 (sell CE / buy CE@ATM-100),60600,60500,700.25,1112.75,745.75,1064.95,695.85,1122.75,742.2,1068.05,25.5,4.5,432.0,-199.5,30,232.5,447.03,-214.53,Revert,2026-03
20260302,2026-03-02 12:47:00+05:30,2026-03-02 12:50:00+05:30,3,+1 (sell CE / buy CE@ATM-100),60600,60500,685.7,1184.05,730.3,1144.2,681.9,1210.0,728.4,1154.2,30.45,0.1,892.5,-357.0,30,535.5,456.73,78.77,Revert,2026-03
20260302,2026-03-02 13:02:00+05:30,2026-03-02 13:32:00+05:30,30,+1 (sell CE / buy CE@ATM-100),60600,60500,695.9,1190.0,736.7,1135.5,639.6,1275.05,682.0,1219.35,25.3,14.55,4240.5,-4156.5,30,84.0,458.37,-374.37,MaxHold,2026-03
20260302,2026-03-02 13:39:00+05:30,2026-03-02 14:05:00+05:30,26,+1 (sell CE / buy CE@ATM-100),60600,60500,651.95,1261.8,695.6,1207.85,664.35,1231.85,710.5,1178.75,29.55,4.5,-1270.5,1320.0,30,49.5,459.36,-409.86,Revert,2026-03
20260302,2026-03-02 14:08:00+05:30,2026-03-02 14:12:00+05:30,4,+1 (sell CE / buy CE@ATM-100),60600,60500,681.9,1191.3,731.1,1154.6,710.45,1186.0,759.0,1132.9,42.6,3.25,-1015.5,1488.0,30,472.5,457.7,14.8,Revert,2026-03
20260302,2026-03-02 14:31:00+05:30,2026-03-02 14:35:00+05:30,4,+1 (sell CE / buy CE@ATM-100),60600,60500,696.75,1219.0,739.3,1168.55,728.05,1149.4,774.0,1094.35,30.95,-1.35,-3027.0,3267.0,30,240.0,458.31,-218.31,Revert,2026-03
20260302,2026-03-02 14:49:00+05:30,2026-03-02 14:50:00+05:30,1,+1 (sell CE / buy CE@ATM-100),60600,60500,744.15,1088.95,793.9,1035.4,743.3,1090.55,795.05,1038.2,25.8,0.55,73.5,-49.5,30,24.0,449.62,-425.62,Revert,2026-03
20260302,2026-03-02 14:57:00+05:30,2026-03-02 15:04:00+05:30,7,+1 (sell CE / buy CE@ATM-100),60600,60500,724.8,1109.25,771.75,1073.2,709.65,1122.15,756.7,1073.2,35.55,4.7,841.5,-451.5,30,390.0,450.29,-60.29,Revert,2026-03
20260302,2026-03-02 15:23:00+05:30,2026-03-02 15:24:00+05:30,1,+1 (sell CE / buy CE@ATM-100),60600,60500,739.2,1103.0,788.2,1054.5,736.95,1104.45,785.4,1049.2,27.6,17.7,111.0,75.0,30,186.0,450.86,-264.86,EOD,2026-03
20260304,2026-03-04 09:32:00+05:30,2026-03-04 09:35:00+05:30,3,+1 (sell CE / buy CE@ATM-100),59200,59100,1084.8,1127.55,1139.35,1079.4,1054.35,1179.8,1108.8,1134.1,25.85,1.95,2481.0,-2557.5,30,-76.5,505.72,-582.22,Revert,2026-03
20260304,2026-03-04 09:46:00+05:30,2026-03-04 10:16:00+05:30,30,+1 (sell CE / buy CE@ATM-100),59200,59100,1048.35,1179.0,1099.6,1138.75,1026.75,1171.2,1076.65,1127.0,29.35,12.15,414.0,-336.0,30,78.0,504.38,-426.38,MaxHold,2026-03
20260304,2026-03-04 10:17:00+05:30,2026-03-04 10:20:00+05:30,3,+1 (sell CE / buy CE@ATM-100),59200,59100,1012.55,1184.7,1065.15,1144.2,1031.45,1167.65,1085.0,1125.55,34.05,3.4,-1078.5,1155.0,30,76.5,502.56,-426.06,Revert,2026-03
20260304,2026-03-04 10:25:00+05:30,2026-03-04 10:31:00+05:30,6,+1 (sell CE / buy CE@ATM-100),59200,59100,1022.7,1169.4,1076.85,1124.5,1018.0,1168.55,1070.3,1120.5,25.1,1.45,115.5,-76.5,30,39.0,500.91,-461.91,Revert,2026-03
20260304,2026-03-04 10:32:00+05:30,2026-03-04 11:02:00+05:30,30,+1 (sell CE / buy CE@ATM-100),59200,59100,1015.95,1173.0,1066.95,1126.15,1006.55,1189.1,1059.2,1145.4,26.75,25.85,765.0,-810.0,30,-45.0,501.26,-546.26,MaxHold,2026-03
20260304,2026-03-04 11:02:00+05:30,2026-03-04 11:10:00+05:30,8,+1 (sell CE / buy CE@ATM-100),59200,59100,1006.55,1189.1,1059.2,1145.4,1028.8,1171.0,1082.6,1124.4,25.85,0.4,-1210.5,1332.0,30,121.5,502.27,-380.77,Revert,2026-03
20260304,2026-03-04 11:16:00+05:30,2026-03-04 11:35:00+05:30,19,+1 (sell CE / buy CE@ATM-100),59200,59100,1009.9,1209.45,1061.5,1168.75,987.05,1264.55,1036.95,1208.1,26.05,-0.3,2338.5,-1917.0,30,421.5,507.44,-85.94,Revert,2026-03
20260304,2026-03-04 11:36:00+05:30,2026-03-04 11:39:00+05:30,3,+1 (sell CE / buy CE@ATM-100),59200,59100,987.0,1243.2,1040.0,1195.05,986.35,1261.7,1040.05,1210.0,27.2,-3.15,574.5,-447.0,30,127.5,507.83,-380.33,Revert,2026-03
20260304,2026-03-04 11:44:00+05:30,2026-03-04 12:04:00+05:30,20,+1 (sell CE / buy CE@ATM-100),59200,59100,988.05,1274.0,1030.1,1235.95,991.35,1270.55,1040.0,1215.9,34.05,1.6,-202.5,898.5,30,696.0,511.19,184.81,Revert,2026-03
20260304,2026-03-04 12:12:00+05:30,2026-03-04 12:30:00+05:30,18,+1 (sell CE / buy CE@ATM-100),59200,59100,984.7,1267.9,1034.35,1231.05,976.7,1291.05,1027.35,1232.55,28.4,-3.35,934.5,-255.0,30,679.5,511.17,168.33,Revert,2026-03
20260304,2026-03-04 12:37:00+05:30,2026-03-04 12:39:00+05:30,2,+1 (sell CE / buy CE@ATM-100),59200,59100,992.4,1257.8,1041.05,1217.65,984.95,1274.35,1037.1,1225.9,31.0,4.8,720.0,-366.0,30,354.0,510.41,-156.41,Revert,2026-03
20260304,2026-03-04 12:41:00+05:30,2026-03-04 12:42:00+05:30,1,+1 (sell CE / buy CE@ATM-100),59200,59100,982.8,1274.35,1033.55,1233.95,973.95,1290.85,1026.0,1240.0,28.25,3.1,760.5,-408.0,30,352.5,511.27,-158.77,Revert,2026-03
20260304,2026-03-04 13:00:00+05:30,2026-03-04 13:09:00+05:30,9,+1 (sell CE / buy CE@ATM-100),59200,59100,1008.75,1212.0,1061.55,1171.0,1021.75,1212.15,1075.45,1161.65,29.35,-3.8,-385.5,697.5,30,312.0,506.58,-194.58,Revert,2026-03
20260304,2026-03-04 13:17:00+05:30,2026-03-04 13:19:00+05:30,2,+1 (sell CE / buy CE@ATM-100),59200,59100,1032.2,1182.95,1079.75,1139.6,1022.0,1192.85,1074.75,1149.35,27.85,1.75,603.0,-442.5,30,160.5,504.66,-344.16,Revert,2026-03
20260304,2026-03-04 13:22:00+05:30,2026-03-04 13:29:00+05:30,7,+1 (sell CE / buy CE@ATM-100),59200,59100,1022.7,1178.25,1080.0,1139.3,1030.4,1192.35,1084.9,1144.4,25.65,0.05,192.0,-6.0,30,186.0,504.63,-318.63,Revert,2026-03
20260304,2026-03-04 13:36:00+05:30,2026-03-04 14:04:00+05:30,28,+1 (sell CE / buy CE@ATM-100),59200,59100,1036.2,1187.45,1090.15,1143.25,1050.2,1181.5,1101.9,1134.15,27.55,3.7,-598.5,625.5,30,27.0,506.39,-479.39,Revert,2026-03
20260304,2026-03-04 14:08:00+05:30,2026-03-04 14:38:00+05:30,30,+1 (sell CE / buy CE@ATM-100),59200,59100,1072.3,1160.35,1126.35,1118.15,1156.15,1116.25,1223.95,1071.55,25.15,11.9,-3838.5,4326.0,30,487.5,511.0,-23.5,MaxHold,2026-03
20260304,2026-03-04 14:42:00+05:30,2026-03-04 14:51:00+05:30,9,+1 (sell CE / buy CE@ATM-100),59200,59100,1187.25,1095.15,1246.9,1056.55,1235.85,1072.15,1295.65,1033.7,25.3,3.3,-2148.0,2148.0,30,0.0,516.98,-516.98,Revert,2026-03
20260304,2026-03-04 14:58:00+05:30,2026-03-04 15:24:00+05:30,26,+1 (sell CE / buy CE@ATM-100),59200,59100,1216.45,1090.25,1269.75,1051.75,1073.1,1162.65,1129.45,1123.35,35.2,27.45,6472.5,-6357.0,30,115.5,513.28,-397.78,EOD,2026-03
20260305,2026-03-05 09:33:00+05:30,2026-03-05 09:43:00+05:30,10,+1 (sell CE / buy CE@ATM-100),59200,59100,1064.0,984.05,1125.2,951.85,1074.75,980.0,1135.3,942.55,28.55,4.95,-444.0,582.0,30,138.0,482.73,-344.73,Revert,2026-03
20260305,2026-03-05 10:00:00+05:30,2026-03-05 10:01:00+05:30,1,+1 (sell CE / buy CE@ATM-100),59200,59100,1067.6,995.6,1128.5,957.85,1037.25,1005.55,1111.55,965.6,25.4,0.5,1209.0,-741.0,30,468.0,483.39,-15.39,Revert,2026-03
20260305,2026-03-05 10:06:00+05:30,2026-03-05 10:11:00+05:30,5,+1 (sell CE / buy CE@ATM-100),59200,59100,1075.0,982.05,1134.35,943.25,1063.35,986.15,1125.9,941.75,27.95,2.0,472.5,-208.5,30,264.0,482.61,-218.61,Revert,2026-03
20260305,2026-03-05 10:12:00+05:30,2026-03-05 10:13:00+05:30,1,+1 (sell CE / buy CE@ATM-100),59200,59100,1069.95,980.5,1129.65,945.35,1061.55,990.0,1122.05,946.0,29.45,1.35,537.0,-247.5,30,289.5,482.39,-192.89,Revert,2026-03
20260305,2026-03-05 10:17:00+05:30,2026-03-05 10:19:00+05:30,2,+1 (sell CE / buy CE@ATM-100),59200,59100,1080.0,972.0,1138.4,935.0,1054.3,998.15,1111.35,953.85,28.0,-0.05,1555.5,-1377.0,30,178.5,482.24,-303.74,Revert,2026-03
20260305,2026-03-05 10:56:00+05:30,2026-03-05 10:57:00+05:30,1,+1 (sell CE / buy CE@ATM-100),59200,59100,1063.75,976.0,1122.85,938.85,1056.0,985.3,1113.7,944.85,26.75,4.3,511.5,-454.5,30,57.0,480.66,-423.66,Revert,2026-03
20260305,2026-03-05 11:14:00+05:30,2026-03-05 11:28:00+05:30,14,+1 (sell CE / buy CE@ATM-100),59200,59100,1120.0,916.0,1180.0,882.1,1053.05,969.85,1109.0,929.75,25.6,3.8,3624.0,-3559.5,30,64.5,479.19,-414.69,Revert,2026-03
20260305,2026-03-05 12:01:00+05:30,2026-03-05 12:21:00+05:30,20,+1 (sell CE / buy CE@ATM-100),59200,59100,949.3,1093.25,1000.65,1050.0,981.15,1036.35,1039.55,995.85,25.25,-0.0,-2662.5,2791.5,30,129.0,478.75,-349.75,Revert,2026-03
20260305,2026-03-05 12:46:00+05:30,2026-03-05 12:48:00+05:30,2,+1 (sell CE / buy CE@ATM-100),59200,59100,947.95,1058.0,1001.55,1024.35,945.7,1057.8,1000.4,1014.55,28.75,2.5,61.5,259.5,30,321.0,475.48,-154.48,Revert,2026-03
20260305,2026-03-05 13:24:00+05:30,2026-03-05 13:25:00+05:30,1,+1 (sell CE / buy CE@ATM-100),59200,59100,979.1,1014.8,1032.25,976.45,983.5,1014.0,1040.55,978.55,30.3,3.5,-156.0,186.0,30,30.0,474.16,-444.16,Revert,2026-03
20260305,2026-03-05 13:43:00+05:30,2026-03-05 13:44:00+05:30,1,+1 (sell CE / buy CE@ATM-100),59200,59100,919.6,1082.8,975.2,1043.0,914.0,1095.7,968.45,1051.1,26.8,3.3,555.0,-445.5,30,109.5,475.31,-365.81,Revert,2026-03
20260305,2026-03-05 14:09:00+05:30,2026-03-05 14:11:00+05:30,2,+1 (sell CE / buy CE@ATM-100),59200,59100,870.0,1155.8,927.45,1117.8,870.0,1173.2,925.45,1120.7,33.6,-0.6,522.0,-147.0,30,375.0,479.44,-104.44,Revert,2026-03
20260305,2026-03-05 14:12:00+05:30,2026-03-05 14:14:00+05:30,2,+1 (sell CE / buy CE@ATM-100),59200,59100,876.5,1177.2,924.25,1125.95,868.6,1179.3,919.45,1128.3,28.3,-1.5,300.0,-214.5,30,85.5,480.62,-395.12,Revert,2026-03
20260305,2026-03-05 14:28:00+05:30,2026-03-05 14:38:00+05:30,10,+1 (sell CE / buy CE@ATM-100),59200,59100,923.25,1038.7,980.0,1002.0,934.45,1002.2,995.1,964.15,25.55,-0.15,-1431.0,1588.5,30,157.5,467.88,-310.38,Revert,2026-03
20260305,2026-03-05 14:46:00+05:30,2026-03-05 14:50:00+05:30,4,+1 (sell CE / buy CE@ATM-100),59200,59100,1018.6,910.8,1075.4,872.8,1050.0,865.2,1112.8,826.65,26.6,3.4,-2310.0,2506.5,30,196.5,464.08,-267.58,Revert,2026-03
20260305,2026-03-05 14:55:00+05:30,2026-03-05 15:08:00+05:30,13,+1 (sell CE / buy CE@ATM-100),59200,59100,1159.8,758.6,1219.7,724.8,1091.2,837.7,1163.35,795.8,28.2,2.3,4431.0,-3820.5,30,610.5,465.05,145.45,Revert,2026-03
20260305,2026-03-05 15:17:00+05:30,2026-03-05 15:18:00+05:30,1,+1 (sell CE / buy CE@ATM-100),59200,59100,1058.25,910.0,1119.35,868.95,1034.05,938.25,1096.4,897.4,26.45,-4.2,1573.5,-1542.0,30,31.5,470.73,-439.23,Revert,2026-03
20260305,2026-03-05 15:19:00+05:30,2026-03-05 15:24:00+05:30,5,+1 (sell CE / buy CE@ATM-100),59200,59100,1032.95,939.7,1080.0,899.2,986.35,967.3,1046.25,926.25,25.25,12.85,2226.0,-1824.0,30,402.0,469.41,-67.41,EOD,2026-03
20260306,2026-03-06 10:38:00+05:30,2026-03-06 10:41:00+05:30,3,+1 (sell CE / buy CE@ATM-100),58900,58800,966.5,1125.9,1020.0,1082.05,966.15,1132.0,1020.5,1084.6,27.6,-0.65,193.5,-61.5,30,132.0,487.71,-355.71,Revert,2026-03
20260306,2026-03-06 11:22:00+05:30,2026-03-06 11:24:00+05:30,2,+1 (sell CE / buy CE@ATM-100),58900,58800,954.3,1138.8,1008.75,1099.15,944.65,1158.75,996.3,1115.95,30.3,2.7,888.0,-877.5,30,10.5,488.29,-477.79,Revert,2026-03
20260306,2026-03-06 12:07:00+05:30,2026-03-06 12:10:00+05:30,3,+1 (sell CE / buy CE@ATM-100),58900,58800,954.15,1136.1,1003.9,1092.75,952.0,1124.25,1007.1,1084.45,25.45,2.95,-291.0,345.0,30,54.0,486.12,-432.12,Revert,2026-03
20260306,2026-03-06 12:11:00+05:30,2026-03-06 12:29:00+05:30,18,+1 (sell CE / buy CE@ATM-100),58900,58800,955.25,1123.85,1011.05,1085.0,903.3,1231.0,958.25,1180.1,26.4,2.3,4773.0,-4437.0,30,336.0,489.64,-153.64,Revert,2026-03
20260306,2026-03-06 12:51:00+05:30,2026-03-06 12:52:00+05:30,1,+1 (sell CE / buy CE@ATM-100),58900,58800,937.95,1148.95,993.95,1111.5,935.0,1162.15,992.1,1113.8,29.0,-1.15,484.5,-124.5,30,360.0,487.79,-127.79,Revert,2026-03
20260306,2026-03-06 13:04:00+05:30,2026-03-06 13:28:00+05:30,24,+1 (sell CE / buy CE@ATM-100),58900,58800,921.8,1184.0,976.0,1140.0,920.35,1189.35,971.55,1139.25,25.6,-0.2,204.0,-111.0,30,93.0,489.27,-396.27,Revert,2026-03
20260306,2026-03-06 13:33:00+05:30,2026-03-06 14:01:00+05:30,28,+1 (sell CE / buy CE@ATM-100),58900,58800,918.85,1203.05,967.75,1162.6,918.45,1246.1,971.45,1189.2,25.8,3.35,1303.5,-687.0,30,616.5,494.46,122.04,Revert,2026-03
20260306,2026-03-06 14:03:00+05:30,2026-03-06 14:07:00+05:30,4,+1 (sell CE / buy CE@ATM-100),58900,58800,915.6,1230.35,969.4,1191.35,906.95,1257.4,959.8,1210.25,33.05,-0.85,1071.0,-855.0,30,216.0,496.43,-280.43,Revert,2026-03
20260306,2026-03-06 14:18:00+05:30,2026-03-06 14:26:00+05:30,8,+1 (sell CE / buy CE@ATM-100),58900,58800,925.0,1198.1,978.5,1146.0,922.2,1204.7,976.4,1158.9,25.9,4.1,282.0,-450.0,30,-168.0,491.48,-659.48,Revert,2026-03
20260306,2026-03-06 14:35:00+05:30,2026-03-06 15:05:00+05:30,30,+1 (sell CE / buy CE@ATM-100),58900,58800,897.4,1241.25,949.0,1199.0,761.8,1496.1,807.2,1455.25,31.15,35.9,11713.5,-11941.5,30,-228.0,502.01,-730.01,MaxHold,2026-03
20260306,2026-03-06 15:05:00+05:30,2026-03-06 15:24:00+05:30,19,+1 (sell CE / buy CE@ATM-100),58900,58800,761.8,1496.1,807.2,1455.25,729.85,1529.6,771.55,1498.25,35.9,58.65,1963.5,-2359.5,30,-396.0,510.52,-906.52,EOD,2026-03
20260309,2026-03-09 09:31:00+05:30,2026-03-09 09:41:00+05:30,10,+1 (sell CE / buy CE@ATM-100),55900,55800,1472.9,1401.5,1525.5,1358.0,1431.6,1537.2,1487.2,1499.45,31.0,4.8,5310.0,-5392.5,30,-82.5,605.53,-688.03,Revert,2026-03
20260309,2026-03-09 09:45:00+05:30,2026-03-09 09:55:00+05:30,10,+1 (sell CE / buy CE@ATM-100),55900,55800,1358.45,1671.35,1418.9,1620.6,1412.25,1572.45,1467.55,1524.95,31.7,-0.4,-4581.0,4329.0,30,-252.0,617.26,-869.26,Revert,2026-03
20260309,2026-03-09 10:19:00+05:30,2026-03-09 10:35:00+05:30,16,+1 (sell CE / buy CE@ATM-100),55900,55800,1396.1,1579.1,1438.4,1541.45,1338.85,1638.0,1398.1,1596.6,35.0,0.85,3484.5,-2863.5,30,621.0,613.63,7.37,Revert,2026-03
20260309,2026-03-09 10:37:00+05:30,2026-03-09 10:42:00+05:30,5,+1 (sell CE / buy CE@ATM-100),55900,55800,1389.85,1586.5,1436.45,1552.8,1363.4,1615.0,1408.55,1566.9,45.15,-1.0,1648.5,-1260.0,30,388.5,613.21,-224.71,Revert,2026-03
20260309,2026-03-09 10:50:00+05:30,2026-03-09 11:06:00+05:30,16,+1 (sell CE / buy CE@ATM-100),55900,55800,1423.95,1557.5,1474.1,1525.5,1539.5,1374.95,1600.25,1338.3,26.45,4.55,-8943.0,9400.5,30,457.5,610.22,-152.72,Revert,2026-03
20260309,2026-03-09 12:18:00+05:30,2026-03-09 12:21:00+05:30,3,+1 (sell CE / buy CE@ATM-100),55900,55800,1525.05,1405.05,1580.0,1374.75,1505.15,1428.55,1574.0,1372.9,26.0,4.2,1302.0,-124.5,30,1177.5,608.31,569.19,Revert,2026-03
20260309,2026-03-09 13:26:00+05:30,2026-03-09 13:33:00+05:30,7,+1 (sell CE / buy CE@ATM-100),55900,55800,1595.3,1384.85,1660.1,1347.45,1656.35,1325.25,1717.6,1287.25,28.45,2.7,-3619.5,3531.0,30,-88.5,614.8,-703.3,Revert,2026-03
20260309,2026-03-09 13:35:00+05:30,2026-03-09 13:36:00+05:30,1,+1 (sell CE / buy CE@ATM-100),55900,55800,1632.0,1345.1,1686.7,1307.05,1612.5,1377.65,1666.0,1339.2,29.1,3.45,1561.5,-1585.5,30,-24.0,614.57,-638.57,Revert,2026-03
20260309,2026-03-09 13:37:00+05:30,2026-03-09 14:01:00+05:30,24,+1 (sell CE / buy CE@ATM-100),55900,55800,1626.0,1360.0,1682.0,1320.85,1535.0,1448.5,1598.7,1397.0,26.0,3.9,5385.0,-4783.5,30,601.5,615.09,-13.59,Revert,2026-03
20260309,2026-03-09 14:02:00+05:30,2026-03-09 14:09:00+05:30,7,+1 (sell CE / buy CE@ATM-100),55900,55800,1520.3,1460.8,1577.8,1414.75,1540.05,1442.8,1601.85,1396.45,25.9,-0.95,-1132.5,1270.5,30,138.0,614.28,-476.28,Revert,2026-03
20260309,2026-03-09 14:10:00+05:30,2026-03-09 14:11:00+05:30,1,+1 (sell CE / buy CE@ATM-100),55900,55800,1547.35,1417.85,1605.1,1381.55,1535.8,1449.5,1586.6,1395.5,27.5,4.5,1296.0,-973.5,30,322.5,613.15,-290.65,Revert,2026-03
20260309,2026-03-09 14:23:00+05:30,2026-03-09 14:26:00+05:30,3,+1 (sell CE / buy CE@ATM-100),55900,55800,1525.1,1433.0,1580.25,1393.85,1551.05,1402.0,1601.25,1360.0,27.7,-0.95,-1708.5,1645.5,30,-63.0,610.28,-673.28,Revert,2026-03
20260309,2026-03-09 14:27:00+05:30,2026-03-09 14:43:00+05:30,16,+1 (sell CE / buy CE@ATM-100),55900,55800,1546.05,1390.75,1607.0,1353.8,1571.0,1346.5,1640.0,1310.45,25.3,-2.7,-2076.0,2290.5,30,214.5,607.6,-393.1,Revert,2026-03
20260309,2026-03-09 14:47:00+05:30,2026-03-09 14:57:00+05:30,10,+1 (sell CE / buy CE@ATM-100),55900,55800,1642.45,1281.55,1703.0,1236.4,1617.05,1266.5,1676.9,1233.05,26.5,3.15,310.5,-682.5,30,-372.0,603.31,-975.31,Revert,2026-03
20260309,2026-03-09 14:59:00+05:30,2026-03-09 15:00:00+05:30,1,+1 (sell CE / buy CE@ATM-100),55900,55800,1630.0,1262.5,1692.2,1226.0,1592.85,1292.45,1658.9,1251.7,27.5,5.0,2013.0,-1770.0,30,243.0,601.97,-358.97,Revert,2026-03
20260309,2026-03-09 15:02:00+05:30,2026-03-09 15:07:00+05:30,5,+1 (sell CE / buy CE@ATM-100),55900,55800,1631.7,1245.55,1685.7,1209.9,1630.1,1232.35,1695.75,1191.15,32.15,-2.25,-348.0,864.0,30,516.0,599.17,-83.17,Revert,2026-03
20260309,2026-03-09 15:09:00+05:30,2026-03-09 15:17:00+05:30,8,+1 (sell CE / buy CE@ATM-100),55900,55800,1658.65,1230.1,1720.35,1194.1,1667.1,1230.25,1734.2,1190.65,25.55,-2.75,-249.0,519.0,30,270.0,602.66,-332.66,Revert,2026-03
20260310,2026-03-10 09:36:00+05:30,2026-03-10 09:43:00+05:30,7,+1 (sell CE / buy CE@ATM-100),56800,56700,1116.4,1206.6,1171.35,1164.35,1142.15,1172.15,1203.15,1132.5,30.6,0.2,-1806.0,1909.5,30,103.5,520.1,-416.6,Revert,2026-03
20260310,2026-03-10 09:54:00+05:30,2026-03-10 09:57:00+05:30,3,+1 (sell CE / buy CE@ATM-100),56800,56700,1178.05,1127.8,1229.9,1092.4,1155.8,1174.6,1206.8,1134.75,25.25,4.2,2071.5,-1963.5,30,108.0,519.8,-411.8,Revert,2026-03
20260310,2026-03-10 10:06:00+05:30,2026-03-10 10:12:00+05:30,6,+1 (sell CE / buy CE@ATM-100),56800,56700,1184.2,1145.05,1242.0,1103.6,1206.4,1118.75,1267.95,1078.25,26.75,0.65,-1455.0,1539.0,30,84.0,521.42,-437.42,Revert,2026-03
20260310,2026-03-10 10:28:00+05:30,2026-03-10 10:42:00+05:30,14,+1 (sell CE / buy CE@ATM-100),56800,56700,1286.35,1022.85,1349.9,987.15,1309.1,984.0,1370.8,943.35,32.5,4.1,-1848.0,1941.0,30,93.0,518.13,-425.13,Revert,2026-03
20260310,2026-03-10 10:56:00+05:30,2026-03-10 10:59:00+05:30,3,+1 (sell CE / buy CE@ATM-100),56800,56700,1257.65,1005.3,1318.0,965.25,1275.4,1000.55,1340.0,964.0,26.95,-0.15,-675.0,697.5,30,22.5,513.55,-491.05,Revert,2026-03
20260310,2026-03-10 11:05:00+05:30,2026-03-10 11:09:00+05:30,4,+1 (sell CE / buy CE@ATM-100),56800,56700,1279.75,995.45,1339.05,954.8,1295.45,979.95,1357.4,938.35,26.1,-4.1,-936.0,1044.0,30,108.0,514.11,-406.11,Revert,2026-03
20260310,2026-03-10 11:13:00+05:30,2026-03-10 11:16:00+05:30,3,+1 (sell CE / buy CE@ATM-100),56800,56700,1300.3,967.7,1365.65,931.5,1304.95,959.55,1374.65,923.85,28.8,0.6,-384.0,499.5,30,115.5,513.69,-398.19,Revert,2026-03
20260310,2026-03-10 12:45:00+05:30,2026-03-10 12:47:00+05:30,2,+1 (sell CE / buy CE@ATM-100),56800,56700,1205.0,1022.5,1264.6,983.65,1222.55,1003.35,1286.25,967.0,30.9,3.2,-1101.0,1149.0,30,48.0,507.47,-459.47,Revert,2026-03
20260310,2026-03-10 13:01:00+05:30,2026-03-10 13:02:00+05:30,1,+1 (sell CE / buy CE@ATM-100),56800,56700,1303.0,926.05,1362.15,886.0,1305.75,925.35,1365.0,891.8,26.55,-3.0,-103.5,-88.5,30,-192.0,507.66,-699.66,Revert,2026-03
20260310,2026-03-10 13:03:00+05:30,2026-03-10 13:06:00+05:30,3,+1 (sell CE / buy CE@ATM-100),56800,56700,1334.15,914.15,1396.45,876.15,1284.35,958.75,1351.55,923.15,26.0,0.2,2832.0,-2757.0,30,75.0,510.47,-435.47,Revert,2026-03
20260310,2026-03-10 13:30:00+05:30,2026-03-10 13:31:00+05:30,1,+1 (sell CE / buy CE@ATM-100),56800,56700,1320.0,925.45,1380.0,896.1,1303.1,935.7,1366.35,900.95,44.55,-1.8,814.5,-555.0,30,259.5,510.22,-250.72,Revert,2026-03
20260310,2026-03-10 13:43:00+05:30,2026-03-10 13:45:00+05:30,2,+1 (sell CE / buy CE@ATM-100),56800,56700,1320.0,925.0,1386.65,888.5,1292.0,939.15,1360.3,900.4,25.2,2.85,1264.5,-1147.5,30,117.0,509.55,-392.55,Revert,2026-03
20260310,2026-03-10 14:06:00+05:30,2026-03-10 14:09:00+05:30,3,+1 (sell CE / buy CE@ATM-100),56800,56700,1319.2,922.95,1385.7,889.75,1380.25,901.8,1433.25,871.35,27.05,-0.15,-2466.0,1978.5,30,-487.5,512.39,-999.89,Revert,2026-03
20260310,2026-03-10 14:21:00+05:30,2026-03-10 14:25:00+05:30,4,+1 (sell CE / buy CE@ATM-100),56800,56700,1345.0,900.1,1391.0,865.0,1338.8,899.0,1405.15,862.6,34.7,3.8,153.0,496.5,30,649.5,509.76,139.74,Revert,2026-03
20260311,2026-03-11 10:20:00+05:30,2026-03-11 10:21:00+05:30,1,+1 (sell CE / buy CE@ATM-100),56900,56800,1042.7,1115.55,1095.0,1082.05,1029.0,1135.0,1085.05,1089.6,28.75,3.8,994.5,-525.0,30,469.5,497.79,-28.29,Revert,2026-03
20260311,2026-03-11 12:07:00+05:30,2026-03-11 12:09:00+05:30,2,+1 (sell CE / buy CE@ATM-100),56900,56800,875.7,1411.0,918.15,1367.05,880.0,1410.0,929.05,1360.55,28.7,4.8,-159.0,522.0,30,363.0,514.7,-151.7,Revert,2026-03
20260311,2026-03-11 12:14:00+05:30,2026-03-11 12:17:00+05:30,3,-1 (buy CE / sell CE@ATM-100),56900,56800,877.55,1410.0,935.0,1349.2,888.8,1385.05,941.3,1333.15,-26.45,-2.25,1086.0,-670.5,30,415.5,513.62,-98.12,Revert,2026-03
20260311,2026-03-11 12:54:00+05:30,2026-03-11 12:58:00+05:30,4,+1 (sell CE / buy CE@ATM-100),56900,56800,884.95,1389.0,930.0,1349.65,876.4,1434.1,919.3,1382.9,25.75,2.3,1609.5,-1318.5,30,291.0,515.17,-224.17,Revert,2026-03
20260311,2026-03-11 13:15:00+05:30,2026-03-11 13:21:00+05:30,6,+1 (sell CE / buy CE@ATM-100),56900,56800,835.35,1534.2,883.0,1503.65,843.05,1539.5,897.2,1488.4,44.55,0.95,-72.0,883.5,30,811.5,528.3,283.2,Revert,2026-03
20260311,2026-03-11 13:31:00+05:30,2026-03-11 13:35:00+05:30,4,+1 (sell CE / buy CE@ATM-100),56900,56800,879.95,1446.0,922.05,1421.4,857.3,1499.35,908.0,1448.65,33.95,0.95,2280.0,-1239.0,30,1041.0,523.42,517.58,Revert,2026-03
20260311,2026-03-11 13:36:00+05:30,2026-03-11 13:38:00+05:30,2,+1 (sell CE / buy CE@ATM-100),56900,56800,857.3,1478.9,908.05,1446.55,845.7,1531.25,895.35,1480.3,28.4,4.45,1918.5,-1393.5,30,525.0,525.2,-0.2,Revert,2026-03
20260311,2026-03-11 13:44:00+05:30,2026-03-11 13:46:00+05:30,2,+1 (sell CE / buy CE@ATM-100),56900,56800,853.75,1506.0,900.6,1466.85,834.95,1551.25,886.1,1495.6,32.35,2.7,1921.5,-1297.5,30,624.0,527.12,96.88,Revert,2026-03
20260311,2026-03-11 13:55:00+05:30,2026-03-11 13:56:00+05:30,1,+1 (sell CE / buy CE@ATM-100),56900,56800,859.3,1475.55,905.0,1437.3,858.4,1502.7,905.0,1445.4,30.35,1.1,841.5,-243.0,30,598.5,523.31,75.19,Revert,2026-03
20260311,2026-03-11 14:26:00+05:30,2026-03-11 14:35:00+05:30,9,+1 (sell CE / buy CE@ATM-100),56900,56800,783.65,1587.75,830.1,1536.4,796.0,1559.05,840.7,1498.25,25.9,0.75,-1231.5,1462.5,30,231.0,524.58,-293.58,Revert,2026-03
20260311,2026-03-11 14:39:00+05:30,2026-03-11 14:42:00+05:30,3,+1 (sell CE / buy CE@ATM-100),56900,56800,812.6,1506.35,862.6,1463.0,803.2,1523.4,853.05,1463.1,25.25,-0.2,793.5,-289.5,30,504.0,519.63,-15.63,Revert,2026-03
20260311,2026-03-11 14:47:00+05:30,2026-03-11 14:59:00+05:30,12,+1 (sell CE / buy CE@ATM-100),56900,56800,798.3,1509.9,846.95,1474.0,771.15,1642.0,818.0,1595.65,36.2,-0.65,4777.5,-4518.0,30,259.5,525.46,-265.96,Revert,2026-03
20260311,2026-03-11 15:02:00+05:30,2026-03-11 15:03:00+05:30,1,+1 (sell CE / buy CE@ATM-100),56900,56800,774.0,1583.9,818.95,1534.05,776.3,1586.45,822.3,1530.2,28.5,-0.55,7.5,216.0,30,223.5,524.37,-300.87,Revert,2026-03
20260311,2026-03-11 15:16:00+05:30,2026-03-11 15:24:00+05:30,8,+1 (sell CE / buy CE@ATM-100),56900,56800,715.45,1640.0,754.0,1587.75,710.0,1672.25,750.8,1611.35,40.25,17.75,1131.0,-804.0,30,327.0,525.0,-198.0,EOD,2026-03
20260312,2026-03-12 11:07:00+05:30,2026-03-12 11:11:00+05:30,4,+1 (sell CE / buy CE@ATM-100),55200,55100,1402.85,1049.7,1464.45,1012.2,1400.0,1051.65,1460.6,1016.15,27.35,-0.85,144.0,-234.0,30,-90.0,539.49,-629.49,Revert,2026-03
20260312,2026-03-12 11:45:00+05:30,2026-03-12 11:46:00+05:30,1,+1 (sell CE / buy CE@ATM-100),55200,55100,1320.0,1107.9,1378.65,1072.65,1312.9,1120.25,1370.3,1084.15,27.5,1.65,583.5,-595.5,30,-12.0,536.32,-548.32,Revert,2026-03
20260312,2026-03-12 12:09:00+05:30,2026-03-12 12:11:00+05:30,2,+1 (sell CE / buy CE@ATM-100),55200,55100,1303.5,1077.5,1366.55,1041.25,1277.0,1107.15,1335.55,1066.35,26.0,-3.15,1684.5,-1683.0,30,1.5,529.5,-528.0,Revert,2026-03
20260312,2026-03-12 12:14:00+05:30,2026-03-12 12:15:00+05:30,1,+1 (sell CE / buy CE@ATM-100),55200,55100,1349.95,1045.3,1404.65,1010.05,1337.65,1051.45,1392.45,1015.2,31.05,-3.6,553.5,-520.5,30,33.0,530.65,-497.65,Revert,2026-03
20260312,2026-03-12 13:33:00+05:30,2026-03-12 13:36:00+05:30,3,+1 (sell CE / buy CE@ATM-100),55200,55100,1500.7,890.0,1575.05,858.8,1490.6,899.05,1565.0,865.05,30.7,3.15,574.5,-489.0,30,85.5,532.03,-446.53,Revert,2026-03
20260313,2026-03-13 10:28:00+05:30,2026-03-13 10:33:00+05:30,5,-1 (buy CE / sell CE@ATM-100),54700,54600,1033.95,1393.7,1090.0,1330.0,1010.75,1412.35,1062.95,1365.0,-27.55,3.4,-1255.5,1861.5,30,606.0,534.35,71.65,Revert,2026-03
20260313,2026-03-13 13:18:00+05:30,2026-03-13 13:22:00+05:30,4,+1 (sell CE / buy CE@ATM-100),54700,54600,906.15,1550.55,956.3,1519.95,912.25,1566.35,963.0,1507.1,33.8,1.9,291.0,586.5,30,877.5,541.06,336.44,Revert,2026-03
20260313,2026-03-13 13:26:00+05:30,2026-03-13 13:50:00+05:30,24,+1 (sell CE / buy CE@ATM-100),54700,54600,904.05,1596.2,946.2,1547.85,880.95,1624.25,931.45,1561.85,25.85,3.5,1534.5,-862.5,30,672.0,544.86,127.14,Revert,2026-03
20260313,2026-03-13 13:54:00+05:30,2026-03-13 14:02:00+05:30,8,+1 (sell CE / buy CE@ATM-100),54700,54600,888.3,1651.75,930.0,1599.9,886.4,1635.6,939.65,1581.9,30.55,4.0,-427.5,829.5,30,402.0,548.96,-146.96,Revert,2026-03
20260313,2026-03-13 14:15:00+05:30,2026-03-13 14:16:00+05:30,1,+1 (sell CE / buy CE@ATM-100),54700,54600,925.3,1549.85,968.3,1493.15,915.2,1555.55,966.1,1496.8,25.25,-0.35,474.0,-175.5,30,298.5,540.23,-241.73,Revert,2026-03
20260313,2026-03-13 14:17:00+05:30,2026-03-13 14:31:00+05:30,14,+1 (sell CE / buy CE@ATM-100),54700,54600,919.15,1540.85,973.95,1496.75,967.75,1450.0,1018.45,1390.7,30.3,-2.25,-4183.5,4516.5,30,333.0,536.24,-203.24,Revert,2026-03
20260313,2026-03-13 14:38:00+05:30,2026-03-13 14:58:00+05:30,20,+1 (sell CE / buy CE@ATM-100),54700,54600,956.85,1420.6,1022.0,1388.0,912.05,1585.95,960.6,1530.25,49.05,3.5,6304.5,-6109.5,30,195.0,536.81,-341.81,Revert,2026-03
20260313,2026-03-13 15:02:00+05:30,2026-03-13 15:17:00+05:30,15,+1 (sell CE / buy CE@ATM-100),54700,54600,917.8,1573.45,966.45,1524.2,878.7,1625.15,927.05,1571.35,25.15,3.75,2724.0,-2596.5,30,127.5,544.15,-416.65,Revert,2026-03
20260316,2026-03-16 09:49:00+05:30,2026-03-16 10:19:00+05:30,30,+1 (sell CE / buy CE@ATM-100),54100,54000,1253.35,1043.5,1309.45,1004.0,1087.25,1233.9,1142.5,1183.15,25.65,5.35,10695.0,-10383.0,30,312.0,518.42,-206.42,MaxHold,2026-03
20260316,2026-03-16 10:23:00+05:30,2026-03-16 10:32:00+05:30,9,+1 (sell CE / buy CE@ATM-100),54100,54000,1046.15,1287.75,1097.1,1242.95,1045.7,1300.0,1098.45,1264.1,25.8,2.7,381.0,-594.0,30,-213.0,522.48,-735.48,Revert,2026-03
20260316,2026-03-16 10:59:00+05:30,2026-03-16 11:01:00+05:30,2,+1 (sell CE / buy CE@ATM-100),54100,54000,948.95,1404.9,995.25,1364.15,943.6,1409.2,993.0,1360.25,25.05,2.6,289.5,49.5,30,339.0,524.21,-185.21,Revert,2026-03
20260316,2026-03-16 11:47:00+05:30,2026-03-16 11:48:00+05:30,1,+1 (sell CE / buy CE@ATM-100),54100,54000,1096.2,1232.9,1150.0,1199.45,1108.0,1222.05,1160.95,1178.05,30.1,-0.85,-679.5,970.5,30,291.0,521.62,-230.62,Revert,2026-03
20260316,2026-03-16 11:55:00+05:30,2026-03-16 11:56:00+05:30,1,+1 (sell CE / buy CE@ATM-100),54100,54000,1076.5,1257.95,1121.3,1208.25,1078.6,1238.55,1141.0,1189.4,28.95,1.05,-645.0,1156.5,30,511.5,520.5,-9.0,Revert,2026-03
20260316,2026-03-16 12:11:00+05:30,2026-03-16 12:13:00+05:30,2,+1 (sell CE / buy CE@ATM-100),54100,54000,1077.05,1233.5,1125.35,1195.4,1078.7,1219.65,1133.0,1180.0,26.55,-2.15,-465.0,691.5,30,226.5,517.84,-291.34,Revert,2026-03
20260316,2026-03-16 12:29:00+05:30,2026-03-16 12:37:00+05:30,8,+1 (sell CE / buy CE@ATM-100),54100,54000,1101.6,1197.7,1154.2,1160.8,1031.0,1254.15,1098.75,1211.6,25.3,1.05,3811.5,-3187.5,30,624.0,516.97,107.03,Revert,2026-03
20260316,2026-03-16 12:49:00+05:30,2026-03-16 12:51:00+05:30,2,+1 (sell CE / buy CE@ATM-100),54100,54000,989.95,1331.7,1034.3,1286.25,972.65,1348.85,1025.9,1292.9,29.65,3.6,1033.5,-451.5,30,582.0,519.52,62.48,Revert,2026-03
20260316,2026-03-16 12:56:00+05:30,2026-03-16 13:02:00+05:30,6,+1 (sell CE / buy CE@ATM-100),54100,54000,1010.0,1295.1,1064.15,1255.8,1055.95,1248.95,1114.7,1199.2,30.9,-2.0,-2763.0,3214.5,30,451.5,518.05,-66.55,Revert,2026-03
20260316,2026-03-16 13:04:00+05:30,2026-03-16 13:08:00+05:30,4,+1 (sell CE / buy CE@ATM-100),54100,54000,1022.0,1287.35,1073.05,1254.7,1010.6,1300.45,1065.85,1262.5,31.65,2.15,735.0,-450.0,30,285.0,519.09,-234.09,Revert,2026-03
20260316,2026-03-16 13:10:00+05:30,2026-03-16 13:19:00+05:30,9,+1 (sell CE / buy CE@ATM-100),54100,54000,1013.95,1310.3,1069.7,1258.65,1028.85,1276.05,1084.75,1230.1,36.05,3.0,-1474.5,1308.0,30,-166.5,518.61,-685.11,Revert,2026-03
20260316,2026-03-16 13:20:00+05:30,2026-03-16 13:25:00+05:30,5,+1 (sell CE / buy CE@ATM-100),54100,54000,1041.65,1263.05,1095.8,1218.4,1047.85,1253.75,1102.5,1206.5,27.4,-0.7,-465.0,558.0,30,93.0,517.28,-424.28,Revert,2026-03
20260316,2026-03-16 13:31:00+05:30,2026-03-16 13:33:00+05:30,2,+1 (sell CE / buy CE@ATM-100),54100,54000,1026.15,1245.05,1082.0,1222.0,1026.4,1273.75,1082.8,1217.85,37.3,2.65,853.5,148.5,30,1002.0,516.04,485.96,Revert,2026-03
20260316,2026-03-16 13:43:00+05:30,2026-03-16 13:47:00+05:30,4,+1 (sell CE / buy CE@ATM-100),54100,54000,1044.25,1237.45,1098.1,1205.7,1020.4,1283.4,1068.5,1234.75,27.6,2.0,2094.0,-1759.5,30,334.5,516.14,-181.64,Revert,2026-03
20260316,2026-03-16 13:56:00+05:30,2026-03-16 14:15:00+05:30,19,+1 (sell CE / buy CE@ATM-100),54100,54000,1026.6,1253.45,1082.0,1210.1,1033.55,1230.1,1090.0,1186.0,25.75,3.45,-909.0,963.0,30,54.0,513.06,-459.06,Revert,2026-03
20260316,2026-03-16 14:17:00+05:30,2026-03-16 14:25:00+05:30,8,+1 (sell CE / buy CE@ATM-100),54100,54000,1042.3,1224.1,1095.6,1173.0,1229.9,1046.05,1289.55,1008.4,25.4,-0.95,-10969.5,10756.5,30,-213.0,512.76,-725.76,Revert,2026-03
20260316,2026-03-16 14:41:00+05:30,2026-03-16 14:42:00+05:30,1,+1 (sell CE / buy CE@ATM-100),54100,54000,1343.75,947.15,1408.0,916.75,1348.65,936.2,1428.4,899.45,25.4,2.45,-475.5,1131.0,30,655.5,517.65,137.85,Revert,2026-03
20260316,2026-03-16 14:54:00+05:30,2026-03-16 14:57:00+05:30,3,+1 (sell CE / buy CE@ATM-100),54100,54000,1454.4,878.0,1515.55,844.0,1425.3,900.1,1486.2,869.0,25.8,-1.2,1536.0,-1630.5,30,-94.5,522.23,-616.73,Revert,2026-03
20260316,2026-03-16 15:22:00+05:30,2026-03-16 15:23:00+05:30,1,+1 (sell CE / buy CE@ATM-100),54100,54000,1370.8,940.45,1430.85,908.15,1345.9,956.5,1409.4,920.55,28.35,4.4,1228.5,-1015.5,30,213.0,519.25,-306.25,Revert,2026-03
20260317,2026-03-17 09:44:00+05:30,2026-03-17 09:49:00+05:30,5,+1 (sell CE / buy CE@ATM-100),54300,54200,1118.75,943.2,1181.85,911.0,1152.7,914.55,1219.35,878.45,26.15,2.35,-1878.0,2101.5,30,223.5,485.0,-261.5,Revert,2026-03
20260317,2026-03-17 10:44:00+05:30,2026-03-17 10:49:00+05:30,5,+1 (sell CE / buy CE@ATM-100),54300,54200,1140.85,904.65,1196.5,869.1,1193.6,834.7,1258.5,801.7,30.2,1.5,-3681.0,3882.0,30,201.0,480.71,-279.71,Revert,2026-03
20260317,2026-03-17 11:00:00+05:30,2026-03-17 11:10:00+05:30,10,+1 (sell CE / buy CE@ATM-100),54300,54200,1190.0,838.8,1254.55,805.65,1147.6,874.05,1212.85,836.8,26.2,-2.45,2329.5,-2185.5,30,144.0,479.27,-335.27,Revert,2026-03
20260317,2026-03-17 11:29:00+05:30,2026-03-17 11:33:00+05:30,4,+1 (sell CE / buy CE@ATM-100),54300,54200,1054.0,979.95,1112.75,942.4,1044.4,988.9,1105.55,952.0,25.85,0.5,556.5,-504.0,30,52.5,479.9,-427.4,Revert,2026-03
20260317,2026-03-17 12:21:00+05:30,2026-03-17 12:22:00+05:30,1,+1 (sell CE / buy CE@ATM-100),54300,54200,1075.0,936.45,1133.55,897.05,1076.9,928.8,1142.05,889.7,26.35,1.1,-286.5,475.5,30,189.0,476.43,-287.43,Revert,2026-03
20260317,2026-03-17 13:38:00+05:30,2026-03-17 13:46:00+05:30,8,+1 (sell CE / buy CE@ATM-100),54300,54200,1224.2,786.8,1281.2,756.45,1205.45,801.15,1272.85,765.95,36.2,1.7,993.0,-535.5,30,457.5,477.14,-19.64,Revert,2026-03
20260317,2026-03-17 13:54:00+05:30,2026-03-17 13:58:00+05:30,4,+1 (sell CE / buy CE@ATM-100),54300,54200,1215.85,784.1,1268.25,763.9,1187.4,807.0,1243.45,775.95,31.75,3.2,1540.5,-1105.5,30,435.0,475.41,-40.41,Revert,2026-03
20260317,2026-03-17 14:20:00+05:30,2026-03-17 14:26:00+05:30,6,+1 (sell CE / buy CE@ATM-100),54300,54200,1241.5,750.8,1304.0,724.45,1177.3,803.3,1238.25,772.85,30.7,3.2,3501.0,-3424.5,30,76.5,473.96,-397.46,Revert,2026-03
20260317,2026-03-17 14:37:00+05:30,2026-03-17 14:51:00+05:30,14,+1 (sell CE / buy CE@ATM-100),54300,54200,1244.3,743.95,1308.85,713.3,1269.95,715.0,1344.85,675.65,29.15,-0.85,-1638.0,2209.5,30,571.5,474.44,97.06,Revert,2026-03
20260318,2026-03-18 12:28:00+05:30,2026-03-18 12:33:00+05:30,5,+1 (sell CE / buy CE@ATM-100),55100,55000,909.9,752.85,967.7,716.2,943.05,734.6,1005.95,695.0,27.25,-0.35,-1542.0,1783.5,30,241.5,428.28,-186.78,Revert,2026-03
20260318,2026-03-18 15:01:00+05:30,2026-03-18 15:02:00+05:30,1,+1 (sell CE / buy CE@ATM-100),55100,55000,996.25,655.0,1059.0,624.55,996.5,654.0,1058.45,621.0,25.45,0.5,-37.5,90.0,30,52.5,425.99,-373.49,Revert,2026-03
20260320,2026-03-20 12:47:00+05:30,2026-03-20 12:51:00+05:30,4,-1 (buy CE / sell CE@ATM-100),54400,54300,743.75,1193.6,794.05,1112.75,724.55,1201.25,776.6,1150.0,-38.85,-0.9,-805.5,1641.0,30,835.5,463.28,372.22,Revert,2026-03
20260320,2026-03-20 13:34:00+05:30,2026-03-20 13:35:00+05:30,1,+1 (sell CE / buy CE@ATM-100),54400,54300,748.85,1114.15,795.95,1075.0,743.75,1130.75,802.05,1080.0,32.1,3.0,651.0,33.0,30,684.0,455.83,228.17,Revert,2026-03
20260320,2026-03-20 13:48:00+05:30,2026-03-20 13:49:00+05:30,1,+1 (sell CE / buy CE@ATM-100),54400,54300,685.0,1188.7,733.0,1163.6,681.7,1214.05,728.95,1168.2,36.3,-4.55,859.5,-259.5,30,600.0,458.36,141.64,Revert,2026-03
20260320,2026-03-20 14:06:00+05:30,2026-03-20 14:07:00+05:30,1,+1 (sell CE / buy CE@ATM-100),54400,54300,717.0,1158.55,766.1,1128.7,705.45,1185.3,755.2,1135.7,29.25,-0.85,1149.0,-537.0,30,612.0,457.97,154.03,Revert,2026-03
20260320,2026-03-20 14:12:00+05:30,2026-03-20 14:20:00+05:30,8,+1 (sell CE / buy CE@ATM-100),54400,54300,690.65,1170.0,734.05,1148.45,671.0,1226.45,717.4,1159.7,47.25,-2.85,2283.0,-837.0,30,1446.0,457.36,988.64,Revert,2026-03
20260320,2026-03-20 14:51:00+05:30,2026-03-20 14:54:00+05:30,3,+1 (sell CE / buy CE@ATM-100),54400,54300,562.75,1400.2,609.05,1361.6,561.15,1429.6,610.9,1364.55,35.35,-4.85,930.0,-33.0,30,897.0,470.55,426.45,Revert,2026-03
20260320,2026-03-20 15:08:00+05:30,2026-03-20 15:09:00+05:30,1,+1 (sell CE / buy CE@ATM-100),54400,54300,574.6,1321.75,618.85,1284.1,565.75,1349.75,607.45,1311.85,30.85,-1.8,1105.5,-1174.5,30,-69.0,460.39,-529.39,Revert,2026-03
20260320,2026-03-20 15:10:00+05:30,2026-03-20 15:14:00+05:30,4,+1 (sell CE / buy CE@ATM-100),54400,54300,528.35,1349.0,567.9,1359.65,536.65,1405.8,576.1,1361.4,79.35,-0.55,1455.0,193.5,30,1648.5,463.46,1185.04,Revert,2026-03
20260320,2026-03-20 15:16:00+05:30,2026-03-20 15:18:00+05:30,2,+1 (sell CE / buy CE@ATM-100),54400,54300,513.35,1429.5,553.15,1379.8,511.5,1469.0,551.85,1401.8,29.85,1.9,1240.5,-699.0,30,541.5,467.09,74.41,Revert,2026-03
20260320,2026-03-20 15:21:00+05:30,2026-03-20 15:23:00+05:30,2,-1 (buy CE / sell CE@ATM-100),54400,54300,545.6,1400.0,588.8,1308.3,527.45,1413.25,565.6,1358.0,-26.4,-3.6,-942.0,2187.0,30,1245.0,463.95,781.05,Revert,2026-03
20260323,2026-03-23 11:29:00+05:30,2026-03-23 11:30:00+05:30,1,-1 (buy CE / sell CE@ATM-100),52300,52200,857.25,1325.0,903.45,1236.7,853.5,1273.7,908.25,1230.1,-38.95,-0.0,1426.5,-342.0,30,1084.5,495.18,589.32,Revert,2026-03
20260323,2026-03-23 12:38:00+05:30,2026-03-23 12:42:00+05:30,4,+1 (sell CE / buy CE@ATM-100),52300,52200,873.8,1315.75,923.6,1277.55,863.85,1353.35,918.35,1301.4,27.65,2.7,1426.5,-873.0,30,553.5,503.32,50.18,Revert,2026-03
20260323,2026-03-23 12:53:00+05:30,2026-03-23 12:58:00+05:30,5,+1 (sell CE / buy CE@ATM-100),52300,52200,850.45,1376.75,898.2,1331.55,835.85,1423.0,881.95,1364.05,25.3,-3.15,1825.5,-1462.5,30,363.0,507.95,-144.95,Revert,2026-03
20260323,2026-03-23 13:04:00+05:30,2026-03-23 13:06:00+05:30,2,+1 (sell CE / buy CE@ATM-100),52300,52200,842.35,1419.85,892.8,1373.1,845.5,1420.2,892.8,1364.5,27.3,3.1,-84.0,258.0,30,174.0,510.99,-336.99,Revert,2026-03
20260323,2026-03-23 13:12:00+05:30,2026-03-23 13:18:00+05:30,6,+1 (sell CE / buy CE@ATM-100),52300,52200,829.3,1444.6,870.0,1400.5,838.25,1412.2,885.0,1360.5,26.9,-1.55,-1240.5,1650.0,30,409.5,510.78,-101.28,Revert,2026-03
20260323,2026-03-23 13:29:00+05:30,2026-03-23 13:31:00+05:30,2,+1 (sell CE / buy CE@ATM-100),52300,52200,859.95,1375.75,900.1,1336.9,884.5,1346.45,933.55,1296.2,29.4,0.85,-1615.5,2224.5,30,609.0,507.12,101.88,Revert,2026-03
20260323,2026-03-23 13:34:00+05:30,2026-03-23 13:35:00+05:30,1,+1 (sell CE / buy CE@ATM-100),52300,52200,892.3,1334.75,936.6,1278.65,891.6,1335.5,945.15,1279.55,32.55,3.3,43.5,229.5,30,273.0,505.47,-232.47,Revert,2026-03
20260323,2026-03-23 13:36:00+05:30,2026-03-23 13:38:00+05:30,2,+1 (sell CE / buy CE@ATM-100),52300,52200,907.45,1315.0,954.85,1265.35,891.0,1331.9,943.05,1280.25,25.25,0.7,1000.5,-801.0,30,199.5,505.23,-305.73,Revert,2026-03
20260323,2026-03-23 14:10:00+05:30,2026-03-23 14:13:00+05:30,3,+1 (sell CE / buy CE@ATM-100),52300,52200,954.9,1197.9,1004.1,1164.0,940.0,1220.0,999.15,1172.65,41.4,4.0,1110.0,-408.0,30,702.0,497.2,204.8,Revert,2026-03
20260323,2026-03-23 14:24:00+05:30,2026-03-23 14:33:00+05:30,9,+1 (sell CE / buy CE@ATM-100),52300,52200,920.0,1224.2,965.0,1175.9,763.65,1443.9,810.55,1389.2,26.8,3.75,11281.5,-11032.5,30,249.0,498.28,-249.28,Revert,2026-03
20260323,2026-03-23 14:37:00+05:30,2026-03-23 14:41:00+05:30,4,+1 (sell CE / buy CE@ATM-100),52300,52200,829.65,1300.4,878.85,1252.25,796.7,1352.5,844.8,1297.7,29.25,4.2,2551.5,-2385.0,30,166.5,493.25,-326.75,Revert,2026-03
20260323,2026-03-23 14:45:00+05:30,2026-03-23 14:46:00+05:30,1,+1 (sell CE / buy CE@ATM-100),52300,52200,834.65,1309.25,885.7,1263.05,828.75,1328.6,878.3,1283.65,39.2,4.35,757.5,-840.0,30,-82.5,495.17,-577.67,Revert,2026-03
20260323,2026-03-23 14:50:00+05:30,2026-03-23 14:52:00+05:30,2,+1 (sell CE / buy CE@ATM-100),52300,52200,862.55,1260.75,912.05,1223.85,855.45,1265.05,904.8,1215.15,25.8,-4.4,342.0,43.5,30,385.5,491.52,-106.02,Revert,2026-03
20260323,2026-03-23 15:11:00+05:30,2026-03-23 15:13:00+05:30,2,+1 (sell CE / buy CE@ATM-100),52300,52200,751.5,1394.4,800.0,1350.0,718.95,1469.65,770.0,1408.9,28.7,-0.3,3234.0,-2667.0,30,567.0,497.48,69.52,Revert,2026-03
20260324,2026-03-24 09:43:00+05:30,2026-03-24 09:59:00+05:30,16,+1 (sell CE / buy CE@ATM-100),52600,52500,760.0,1097.6,804.85,1045.15,765.5,1067.95,814.35,1000.35,26.8,3.55,-1054.5,1629.0,30,574.5,450.96,123.54,Revert,2026-03
20260324,2026-03-24 10:24:00+05:30,2026-03-24 10:35:00+05:30,11,+1 (sell CE / buy CE@ATM-100),52600,52500,748.0,1050.75,798.35,1003.55,627.5,1213.0,670.0,1151.6,29.45,3.5,8482.5,-8292.0,30,190.5,447.37,-256.87,Revert,2026-03
20260324,2026-03-24 10:39:00+05:30,2026-03-24 10:40:00+05:30,1,+1 (sell CE / buy CE@ATM-100),52600,52500,602.1,1265.15,642.65,1216.5,602.15,1281.9,643.85,1213.2,30.75,1.25,501.0,135.0,30,636.0,454.98,181.02,Revert,2026-03
20260324,2026-03-24 10:41:00+05:30,2026-03-24 10:46:00+05:30,5,+1 (sell CE / buy CE@ATM-100),52600,52500,620.65,1229.55,660.25,1199.5,623.7,1228.55,668.9,1164.45,32.5,-2.05,-121.5,1311.0,30,1189.5,452.83,736.67,Revert,2026-03
20260324,2026-03-24 10:51:00+05:30,2026-03-24 10:53:00+05:30,2,-1 (buy CE / sell CE@ATM-100),52600,52500,632.85,1203.7,673.05,1148.3,618.1,1232.0,664.85,1169.05,-49.85,-1.9,-1291.5,868.5,30,-423.0,449.73,-872.73,Revert,2026-03
20260324,2026-03-24 10:56:00+05:30,2026-03-24 11:00:00+05:30,4,+1 (sell CE / buy CE@ATM-100),52600,52500,613.15,1231.0,653.7,1191.3,595.0,1259.75,633.65,1200.15,30.75,3.25,1407.0,-867.0,30,540.0,451.71,88.29,Revert,2026-03
20260324,2026-03-24 11:10:00+05:30,2026-03-24 11:24:00+05:30,14,+1 (sell CE / buy CE@ATM-100),52600,52500,619.8,1183.45,665.35,1144.7,615.5,1211.7,657.95,1155.0,26.35,3.8,976.5,-531.0,30,445.5,447.22,-1.72,Revert,2026-03
20260324,2026-03-24 11:25:00+05:30,2026-03-24 11:35:00+05:30,10,-1 (buy CE / sell CE@ATM-100),52600,52500,639.9,1225.55,690.05,1110.0,664.6,1110.0,717.95,1062.35,-47.65,1.8,4207.5,-2266.5,30,1941.0,447.15,1493.85,Revert,2026-03
20260324,2026-03-24 11:47:00+05:30,2026-03-24 11:57:00+05:30,10,+1 (sell CE / buy CE@ATM-100),52600,52500,679.45,1104.05,724.15,1065.35,702.45,1062.85,749.6,999.75,33.6,-0.8,-1926.0,2731.5,30,805.5,441.59,363.91,Revert,2026-03
20260324,2026-03-24 12:15:00+05:30,2026-03-24 12:16:00+05:30,1,+1 (sell CE / buy CE@ATM-100),52600,52500,621.8,1170.65,669.2,1124.45,622.2,1172.75,670.35,1109.2,25.55,1.05,51.0,492.0,30,543.0,443.99,99.01,Revert,2026-03
20260324,2026-03-24 12:30:00+05:30,2026-03-24 12:33:00+05:30,3,-1 (buy CE / sell CE@ATM-100),52600,52500,735.45,999.1,786.55,928.35,808.1,906.35,857.35,855.5,-32.85,4.95,4962.0,-4309.5,30,652.5,433.97,218.53,Revert,2026-03
20260324,2026-03-24 12:39:00+05:30,2026-03-24 12:40:00+05:30,1,+1 (sell CE / buy CE@ATM-100),52600,52500,910.7,840.0,952.6,811.0,912.85,840.35,970.85,797.95,33.9,2.1,-54.0,939.0,30,885.0,439.82,445.18,Revert,2026-03
20260401,2026-04-01 09:35:00+05:30,2026-04-01 09:39:00+05:30,4,+1 (sell CE / buy CE@ATM-100),52000,51900,1558.1,1743.55,1613.2,1700.0,1540.95,1785.45,1596.0,1730.1,34.55,2.3,1771.5,-1419.0,30,352.5,661.14,-308.64,Revert,2026-04
20260401,2026-04-01 09:40:00+05:30,2026-04-01 09:41:00+05:30,1,+1 (sell CE / buy CE@ATM-100),52000,51900,1574.95,1749.95,1623.5,1700.05,1576.25,1707.1,1641.35,1652.65,25.0,1.75,-1324.5,1957.5,30,633.0,659.87,-26.87,Revert,2026-04
20260401,2026-04-01 09:43:00+05:30,2026-04-01 10:13:00+05:30,30,+1 (sell CE / buy CE@ATM-100),52000,51900,1547.05,1760.65,1596.0,1687.05,1511.65,1720.55,1564.0,1682.1,36.4,52.3,-141.0,-811.5,30,-952.5,653.13,-1605.63,MaxHold,2026-04
20260401,2026-04-01 10:13:00+05:30,2026-04-01 10:31:00+05:30,18,+1 (sell CE / buy CE@ATM-100),52000,51900,1511.65,1720.55,1564.0,1682.1,1408.05,1853.3,1464.95,1805.6,52.3,4.75,7090.5,-6676.5,30,414.0,652.04,-238.04,Revert,2026-04
20260401,2026-04-01 10:32:00+05:30,2026-04-01 10:33:00+05:30,1,+1 (sell CE / buy CE@ATM-100),52000,51900,1419.3,1840.0,1468.65,1800.0,1396.65,1875.75,1451.35,1818.6,46.5,-4.7,1752.0,-1077.0,30,675.0,654.37,20.63,Revert,2026-04
20260401,2026-04-01 10:42:00+05:30,2026-04-01 10:53:00+05:30,11,+1 (sell CE / buy CE@ATM-100),52000,51900,1390.0,1863.9,1444.0,1832.2,1422.0,1836.65,1470.3,1772.6,26.1,4.95,-1777.5,2577.0,30,799.5,653.09,146.41,Revert,2026-04
20260401,2026-04-01 10:56:00+05:30,2026-04-01 11:22:00+05:30,26,+1 (sell CE / buy CE@ATM-100),52000,51900,1401.25,1865.15,1450.75,1814.95,1456.0,1780.0,1507.85,1736.35,32.1,4.8,-4197.0,4071.0,30,-126.0,651.72,-777.72,Revert,2026-04
20260401,2026-04-01 11:27:00+05:30,2026-04-01 11:32:00+05:30,5,+1 (sell CE / buy CE@ATM-100),52000,51900,1465.75,1770.05,1510.15,1746.5,1490.0,1750.0,1543.4,1701.65,38.5,5.0,-1329.0,2343.0,30,1014.0,651.32,362.68,Revert,2026-04
20260401,2026-04-01 11:33:00+05:30,2026-04-01 11:35:00+05:30,2,+1 (sell CE / buy CE@ATM-100),52000,51900,1499.1,1749.35,1534.6,1707.15,1497.4,1750.0,1553.0,1697.05,36.75,4.2,70.5,855.0,30,925.5,651.61,273.89,Revert,2026-04
20260401,2026-04-01 11:36:00+05:30,2026-04-01 12:06:00+05:30,30,+1 (sell CE / buy CE@ATM-100),52000,51900,1491.5,1759.9,1544.2,1706.8,1593.35,1615.05,1645.5,1570.2,31.2,48.3,-7401.0,7137.0,30,-264.0,648.56,-912.56,MaxHold,2026-04
20260401,2026-04-01 12:06:00+05:30,2026-04-01 12:17:00+05:30,11,+1 (sell CE / buy CE@ATM-100),52000,51900,1593.35,1615.05,1645.5,1570.2,1618.35,1589.2,1673.05,1543.9,48.3,1.15,-1525.5,1615.5,30,90.0,646.05,-556.05,Revert,2026-04
20260401,2026-04-01 12:18:00+05:30,2026-04-01 12:48:00+05:30,30,+1 (sell CE / buy CE@ATM-100),52000,51900,1622.5,1586.25,1678.1,1543.9,1722.0,1461.75,1784.35,1416.1,31.85,11.05,-6720.0,7021.5,30,301.5,645.01,-343.51,MaxHold,2026-04
20260401,2026-04-01 12:51:00+05:30,2026-04-01 13:21:00+05:30,30,+1 (sell CE / buy CE@ATM-100),52000,51900,1710.0,1488.45,1764.0,1443.0,1689.25,1482.25,1752.35,1442.6,31.35,40.0,436.5,-337.5,30,99.0,643.33,-544.33,MaxHold,2026-04
20260401,2026-04-01 13:21:00+05:30,2026-04-01 13:30:00+05:30,9,+1 (sell CE / buy CE@ATM-100),52000,51900,1689.25,1482.25,1752.35,1442.6,1632.0,1552.0,1692.1,1504.6,40.0,0.4,3810.0,-3667.5,30,142.5,642.48,-499.98,Revert,2026-04
20260401,2026-04-01 13:34:00+05:30,2026-04-01 13:39:00+05:30,5,+1 (sell CE / buy CE@ATM-100),52000,51900,1623.0,1565.8,1680.9,1522.4,1634.4,1568.2,1689.7,1521.5,37.2,-4.8,-270.0,291.0,30,21.0,644.48,-623.48,Revert,2026-04
20260401,2026-04-01 13:51:00+05:30,2026-04-01 13:56:00+05:30,5,+1 (sell CE / buy CE@ATM-100),52000,51900,1555.0,1655.6,1614.0,1610.0,1588.8,1639.5,1642.55,1586.3,29.4,1.3,-1497.0,1567.5,30,70.5,647.57,-577.07,Revert,2026-04
20260401,2026-04-01 13:58:00+05:30,2026-04-01 13:59:00+05:30,1,+1 (sell CE / buy CE@ATM-100),52000,51900,1580.2,1639.6,1634.65,1594.95,1566.0,1658.5,1613.9,1618.35,29.4,2.7,993.0,-1324.5,30,-331.5,647.79,-979.29,Revert,2026-04
20260401,2026-04-01 14:08:00+05:30,2026-04-01 14:14:00+05:30,6,+1 (sell CE / buy CE@ATM-100),52000,51900,1612.7,1610.4,1671.3,1560.9,1643.95,1567.05,1698.0,1519.9,27.3,-0.3,-2238.0,2031.0,30,-207.0,647.1,-854.1,Revert,2026-04
20260401,2026-04-01 14:31:00+05:30,2026-04-01 14:45:00+05:30,14,+1 (sell CE / buy CE@ATM-100),52000,51900,1622.75,1600.05,1661.3,1566.0,1525.0,1711.75,1579.05,1656.6,39.5,-0.75,6283.5,-5185.5,30,1098.0,649.42,448.58,Revert,2026-04
20260401,2026-04-01 14:46:00+05:30,2026-04-01 14:56:00+05:30,10,+1 (sell CE / buy CE@ATM-100),52000,51900,1513.0,1722.35,1567.05,1678.7,1544.35,1687.65,1593.85,1639.0,39.65,4.9,-1981.5,1995.0,30,13.5,649.46,-635.96,Revert,2026-04
20260401,2026-04-01 15:00:00+05:30,2026-04-01 15:03:00+05:30,3,+1 (sell CE / buy CE@ATM-100),52000,51900,1545.05,1664.15,1591.55,1622.9,1495.5,1723.6,1545.5,1678.95,45.9,-1.3,3270.0,-3063.0,30,207.0,646.8,-439.8,Revert,2026-04
20260401,2026-04-01 15:05:00+05:30,2026-04-01 15:12:00+05:30,7,+1 (sell CE / buy CE@ATM-100),52000,51900,1505.25,1716.35,1553.5,1664.65,1512.85,1713.55,1566.15,1663.75,28.7,1.7,-312.0,406.5,30,94.5,647.74,-553.24,Revert,2026-04
20260401,2026-04-01 15:13:00+05:30,2026-04-01 15:19:00+05:30,6,+1 (sell CE / buy CE@ATM-100),52000,51900,1512.25,1713.6,1567.75,1662.95,1496.05,1717.75,1553.15,1672.15,28.65,3.3,610.5,-714.0,30,-103.5,647.58,-751.08,Revert,2026-04
20260402,2026-04-02 09:31:00+05:30,2026-04-02 09:32:00+05:30,1,+1 (sell CE / buy CE@ATM-100),50400,50300,1759.4,1680.95,1817.7,1640.8,1742.3,1709.0,1799.2,1661.45,34.45,-0.7,1354.5,-1174.5,30,180.0,680.35,-500.35,Revert,2026-04
20260402,2026-04-02 09:39:00+05:30,2026-04-02 09:45:00+05:30,6,+1 (sell CE / buy CE@ATM-100),50400,50300,1789.6,1659.1,1846.3,1618.05,1777.9,1673.5,1839.5,1621.25,25.5,4.4,783.0,-300.0,30,483.0,681.09,-198.09,Revert,2026-04
20260402,2026-04-02 09:46:00+05:30,2026-04-02 09:51:00+05:30,5,+1 (sell CE / buy CE@ATM-100),50400,50300,1759.0,1689.55,1818.0,1651.0,1755.0,1701.65,1806.0,1661.05,32.85,3.75,483.0,-661.5,30,-178.5,681.17,-859.67,Revert,2026-04
20260402,2026-04-02 09:54:00+05:30,2026-04-02 10:24:00+05:30,30,+1 (sell CE / buy CE@ATM-100),50400,50300,1736.75,1739.4,1791.4,1694.65,1685.4,1774.2,1736.3,1727.0,35.55,17.0,2584.5,-2623.5,30,-39.0,682.84,-721.84,MaxHold,2026-04
20260402,2026-04-02 10:25:00+05:30,2026-04-02 10:32:00+05:30,7,+1 (sell CE / buy CE@ATM-100),50400,50300,1701.95,1760.05,1756.15,1720.55,1693.7,1744.05,1750.85,1695.35,30.9,4.25,-232.5,597.0,30,364.5,680.91,-316.41,Revert,2026-04
20260402,2026-04-02 10:35:00+05:30,2026-04-02 10:38:00+05:30,3,+1 (sell CE / buy CE@ATM-100),50400,50300,1672.0,1765.55,1717.7,1732.05,1685.95,1752.0,1744.95,1704.7,42.05,-0.65,-825.0,1638.0,30,813.0,679.54,133.46,Revert,2026-04
20260402,2026-04-02 10:43:00+05:30,2026-04-02 10:45:00+05:30,2,+1 (sell CE / buy CE@ATM-100),50400,50300,1696.65,1739.15,1755.25,1691.5,1688.5,1748.55,1737.7,1706.0,28.5,-2.85,526.5,-961.5,30,-435.0,678.21,-1113.21,Revert,2026-04
20260402,2026-04-02 10:46:00+05:30,2026-04-02 10:49:00+05:30,3,+1 (sell CE / buy CE@ATM-100),50400,50300,1671.85,1749.0,1720.2,1718.25,1641.0,1795.0,1695.0,1750.0,42.65,1.8,2305.5,-1708.5,30,597.0,678.15,-81.15,Revert,2026-04
20260402,2026-04-02 10:50:00+05:30,2026-04-02 10:53:00+05:30,3,+1 (sell CE / buy CE@ATM-100),50400,50300,1623.65,1798.3,1692.7,1760.05,1665.35,1801.0,1721.35,1722.45,25.35,4.35,-1170.0,1987.5,30,817.5,679.9,137.6,Revert,2026-04
20260402,2026-04-02 10:54:00+05:30,2026-04-02 11:06:00+05:30,12,+1 (sell CE / buy CE@ATM-100),50400,50300,1669.15,1756.75,1718.8,1715.35,1689.5,1727.1,1748.0,1684.9,42.8,-0.8,-1500.0,1789.5,30,289.5,676.83,-387.33,Revert,2026-04
20260402,2026-04-02 11:14:00+05:30,2026-04-02 11:21:00+05:30,7,+1 (sell CE / buy CE@ATM-100),50400,50300,1689.85,1739.6,1746.2,1694.5,1684.2,1746.65,1743.0,1697.8,29.65,2.55,381.0,-195.0,30,186.0,677.9,-491.9,Revert,2026-04
20260402,2026-04-02 11:24:00+05:30,2026-04-02 11:26:00+05:30,2,+1 (sell CE / buy CE@ATM-100),50400,50300,1696.45,1748.75,1745.6,1709.3,1692.6,1751.6,1750.65,1705.1,27.7,-4.6,201.0,277.5,30,478.5,680.19,-201.69,Revert,2026-04
20260402,2026-04-02 11:27:00+05:30,2026-04-02 11:33:00+05:30,6,+1 (sell CE / buy CE@ATM-100),50400,50300,1692.15,1753.65,1736.55,1707.65,1679.6,1763.45,1734.85,1715.95,37.3,2.35,670.5,-300.0,30,370.5,679.53,-309.03,Revert,2026-04
20260402,2026-04-02 11:34:00+05:30,2026-04-02 11:45:00+05:30,11,+1 (sell CE / buy CE@ATM-100),50400,50300,1679.4,1763.05,1732.3,1726.0,1690.3,1761.0,1750.15,1712.65,26.35,-3.5,-388.5,936.0,30,547.5,680.77,-133.27,Revert,2026-04
20260402,2026-04-02 11:46:00+05:30,2026-04-02 11:50:00+05:30,4,+1 (sell CE / buy CE@ATM-100),50400,50300,1699.4,1754.5,1756.85,1709.65,1710.3,1740.3,1763.2,1697.4,28.1,4.2,-753.0,558.0,30,-195.0,680.82,-875.82,Revert,2026-04
20260402,2026-04-02 11:51:00+05:30,2026-04-02 11:53:00+05:30,2,+1 (sell CE / buy CE@ATM-100),50400,50300,1703.55,1739.6,1753.7,1693.55,1700.95,1745.05,1751.1,1699.0,34.95,2.5,241.5,-241.5,30,-0.0,679.36,-679.36,Revert,2026-04
20260402,2026-04-02 11:54:00+05:30,2026-04-02 12:02:00+05:30,8,+1 (sell CE / buy CE@ATM-100),50400,50300,1693.9,1736.85,1748.2,1699.1,1693.4,1742.0,1747.7,1694.15,32.65,-0.8,169.5,133.5,30,303.0,678.47,-375.47,Revert,2026-04
20260402,2026-04-02 12:03:00+05:30,2026-04-02 12:09:00+05:30,6,+1 (sell CE / buy CE@ATM-100),50400,50300,1708.55,1728.5,1758.9,1686.3,1677.0,1756.9,1736.45,1708.0,30.05,0.1,1798.5,-1324.5,30,474.0,678.78,-204.78,Revert,2026-04
20260402,2026-04-02 12:10:00+05:30,2026-04-02 12:12:00+05:30,2,+1 (sell CE / buy CE@ATM-100),50400,50300,1684.4,1754.0,1736.1,1711.65,1690.0,1736.0,1747.6,1692.9,30.4,3.4,-708.0,907.5,30,199.5,678.3,-478.8,Revert,2026-04
20260402,2026-04-02 12:14:00+05:30,2026-04-02 12:21:00+05:30,7,+1 (sell CE / buy CE@ATM-100),50400,50300,1688.5,1739.8,1736.9,1699.1,1653.5,1778.95,1718.0,1730.5,32.3,-4.45,2224.5,-1509.0,30,715.5,678.41,37.09,Revert,2026-04
20260402,2026-04-02 12:23:00+05:30,2026-04-02 12:24:00+05:30,1,+1 (sell CE / buy CE@ATM-100),50400,50300,1674.4,1761.7,1723.85,1719.6,1687.5,1754.7,1740.8,1712.5,36.3,2.8,-603.0,721.5,30,118.5,679.04,-560.54,Revert,2026-04
20260402,2026-04-02 12:25:00+05:30,2026-04-02 12:55:00+05:30,30,+1 (sell CE / buy CE@ATM-100),50400,50300,1688.5,1758.6,1728.9,1718.5,1815.0,1630.0,1865.9,1586.0,49.9,51.0,-7653.0,8085.0,30,432.0,679.85,-247.85,MaxHold,2026-04
20260402,2026-04-02 12:55:00+05:30,2026-04-02 13:25:00+05:30,30,+1 (sell CE / buy CE@ATM-100),50400,50300,1815.0,1630.0,1865.9,1586.0,1936.45,1555.0,1989.95,1513.6,51.0,39.05,-5893.5,5893.5,30,0.0,683.11,-683.11,MaxHold,2026-04
20260402,2026-04-02 13:25:00+05:30,2026-04-02 13:55:00+05:30,30,+1 (sell CE / buy CE@ATM-100),50400,50300,1936.45,1555.0,1989.95,1513.6,2121.0,1415.5,2184.7,1381.6,39.05,39.1,-9721.5,9802.5,30,81.0,690.49,-609.49,MaxHold,2026-04
20260402,2026-04-02 13:55:00+05:30,2026-04-02 14:01:00+05:30,6,+1 (sell CE / buy CE@ATM-100),50400,50300,2121.0,1415.5,2184.7,1381.6,2142.2,1382.3,2200.65,1340.35,39.1,2.1,-1632.0,1716.0,30,84.0,693.0,-609.0,Revert,2026-04
20260402,2026-04-02 14:02:00+05:30,2026-04-02 14:09:00+05:30,7,+1 (sell CE / buy CE@ATM-100),50400,50300,2136.45,1393.95,2181.0,1353.75,2190.0,1368.45,2250.0,1321.05,42.5,-0.45,-2371.5,3051.0,30,679.5,694.38,-14.88,Revert,2026-04
20260402,2026-04-02 14:23:00+05:30,2026-04-02 14:27:00+05:30,4,+1 (sell CE / buy CE@ATM-100),50400,50300,2327.65,1253.7,2368.6,1211.0,2310.45,1242.7,2410.75,1205.25,26.75,-2.25,186.0,1437.0,30,1623.0,699.89,923.11,Revert,2026-04
20260402,2026-04-02 14:36:00+05:30,2026-04-02 14:39:00+05:30,3,+1 (sell CE / buy CE@ATM-100),50400,50300,2374.2,1237.15,2401.25,1193.0,2234.85,1296.4,2298.5,1259.7,66.85,-0.95,5958.0,-5083.5,30,874.5,698.09,176.41,Revert,2026-04
20260402,2026-04-02 14:40:00+05:30,2026-04-02 14:51:00+05:30,11,+1 (sell CE / buy CE@ATM-100),50400,50300,2257.95,1293.9,2317.35,1254.65,2332.4,1240.6,2401.25,1207.9,28.85,-3.8,-3832.5,3919.5,30,87.0,697.91,-610.91,Revert,2026-04
20260402,2026-04-02 14:55:00+05:30,2026-04-02 14:57:00+05:30,2,+1 (sell CE / buy CE@ATM-100),50400,50300,2330.0,1250.4,2382.0,1210.15,2332.0,1251.05,2387.55,1204.15,27.6,-3.65,-40.5,346.5,30,306.0,699.54,-393.54,Revert,2026-04
20260402,2026-04-02 14:59:00+05:30,2026-04-02 15:03:00+05:30,4,+1 (sell CE / buy CE@ATM-100),50400,50300,2331.2,1240.55,2405.0,1204.0,2396.7,1194.65,2462.7,1160.2,30.85,-3.75,-3342.0,3045.0,30,-297.0,700.79,-997.79,Revert,2026-04
20260402,2026-04-02 15:05:00+05:30,2026-04-02 15:07:00+05:30,2,+1 (sell CE / buy CE@ATM-100),50400,50300,2485.0,1137.0,2536.65,1110.55,2554.2,1098.85,2609.05,1060.3,25.2,0.35,-3220.5,3679.5,30,459.0,708.34,-249.34,Revert,2026-04
20260402,2026-04-02 15:08:00+05:30,2026-04-02 15:17:00+05:30,9,-1 (buy CE / sell CE@ATM-100),50400,50300,2563.95,1079.4,2658.85,1043.2,2603.9,1070.55,2657.35,1035.05,-60.05,4.95,1464.0,-199.5,30,1264.5,713.23,551.27,Revert,2026-04
20260402,2026-04-02 15:18:00+05:30,2026-04-02 15:21:00+05:30,3,+1 (sell CE / buy CE@ATM-100),50400,50300,2593.4,1081.95,2660.85,1048.8,2507.8,1120.35,2577.85,1088.95,28.65,-1.55,3720.0,-3694.5,30,25.5,711.17,-685.67,Revert,2026-04
20260402,2026-04-02 15:22:00+05:30,2026-04-02 15:23:00+05:30,1,-1 (buy CE / sell CE@ATM-100),50400,50300,2467.9,1128.75,2542.3,1099.55,2507.05,1130.05,2567.9,1101.75,-42.45,0.0,1135.5,-702.0,30,433.5,706.67,-273.17,Revert,2026-04
20260406,2026-04-06 09:43:00+05:30,2026-04-06 09:46:00+05:30,3,-1 (buy CE / sell CE@ATM-100),51600,51500,1740.8,1544.75,1795.45,1503.55,1786.4,1515.0,1840.0,1468.65,-26.55,-0.4,2260.5,-2383.5,30,-123.0,658.21,-781.21,Revert,2026-04
20260406,2026-04-06 10:08:00+05:30,2026-04-06 10:10:00+05:30,2,-1 (buy CE / sell CE@ATM-100),51600,51500,1671.55,1604.1,1723.0,1562.35,1623.2,1620.85,1675.0,1583.05,-25.15,-2.65,-1953.0,2061.0,30,108.0,653.7,-545.7,Revert,2026-04
20260406,2026-04-06 10:14:00+05:30,2026-04-06 10:18:00+05:30,4,+1 (sell CE / buy CE@ATM-100),51600,51500,1696.5,1538.65,1750.0,1502.35,1659.2,1588.45,1721.85,1547.25,27.45,-3.45,2613.0,-2191.5,30,421.5,651.83,-230.33,Revert,2026-04
20260406,2026-04-06 10:46:00+05:30,2026-04-06 10:49:00+05:30,3,+1 (sell CE / buy CE@ATM-100),51600,51500,1778.1,1474.8,1835.0,1438.95,1777.0,1474.1,1833.4,1427.25,32.7,3.5,12.0,303.0,30,315.0,652.98,-337.98,Revert,2026-04
20260406,2026-04-06 10:50:00+05:30,2026-04-06 10:53:00+05:30,3,+1 (sell CE / buy CE@ATM-100),51600,51500,1790.0,1464.5,1843.6,1419.4,1723.95,1522.95,1790.3,1480.0,25.5,1.0,3735.0,-3417.0,30,318.0,652.84,-334.84,Revert,2026-04
20260406,2026-04-06 10:56:00+05:30,2026-04-06 11:01:00+05:30,5,+1 (sell CE / buy CE@ATM-100),51600,51500,1756.15,1490.3,1816.35,1455.15,1720.0,1537.1,1774.5,1492.3,28.65,2.9,2488.5,-2370.0,30,118.5,652.95,-534.45,Revert,2026-04
20260406,2026-04-06 11:21:00+05:30,2026-04-06 11:45:00+05:30,24,+1 (sell CE / buy CE@ATM-100),51600,51500,1735.0,1520.8,1787.95,1487.7,1742.1,1508.5,1800.3,1468.05,28.2,3.6,-582.0,960.0,30,378.0,653.44,-275.44,Revert,2026-04
20260406,2026-04-06 11:46:00+05:30,2026-04-06 11:50:00+05:30,4,+1 (sell CE / buy CE@ATM-100),51600,51500,1765.5,1491.2,1819.05,1450.0,1776.2,1473.8,1836.85,1431.3,30.5,3.0,-843.0,1095.0,30,252.0,653.12,-401.12,Revert,2026-04
20260406,2026-04-06 11:56:00+05:30,2026-04-06 12:02:00+05:30,6,+1 (sell CE / buy CE@ATM-100),51600,51500,1834.55,1438.5,1892.9,1400.0,1788.0,1477.3,1840.85,1437.95,26.85,-2.1,2560.5,-2700.0,30,-139.5,655.18,-794.68,Revert,2026-04
20260406,2026-04-06 12:08:00+05:30,2026-04-06 12:10:00+05:30,2,+1 (sell CE / buy CE@ATM-100),51600,51500,1815.0,1455.6,1871.05,1421.8,1780.6,1481.45,1838.5,1436.0,28.0,-4.85,1807.5,-1402.5,30,405.0,655.23,-250.23,Revert,2026-04
20260406,2026-04-06 12:26:00+05:30,2026-04-06 12:27:00+05:30,1,+1 (sell CE / buy CE@ATM-100),51600,51500,1878.4,1409.95,1936.8,1369.5,1870.2,1405.65,1932.05,1369.55,29.45,4.55,117.0,-144.0,30,-27.0,657.48,-684.48,Revert,2026-04
20260406,2026-04-06 12:40:00+05:30,2026-04-06 12:42:00+05:30,2,+1 (sell CE / buy CE@ATM-100),51600,51500,1820.8,1430.7,1878.0,1394.9,1795.9,1465.8,1846.25,1419.7,30.1,-2.5,1800.0,-1696.5,30,103.5,653.3,-549.8,Revert,2026-04
20260406,2026-04-06 12:43:00+05:30,2026-04-06 12:44:00+05:30,1,+1 (sell CE / buy CE@ATM-100),51600,51500,1809.25,1442.85,1870.0,1405.15,1811.85,1443.8,1873.65,1395.0,54.0,-0.95,-49.5,414.0,30,364.5,653.47,-288.97,Revert,2026-04
20260406,2026-04-06 12:51:00+05:30,2026-04-06 13:07:00+05:30,16,+1 (sell CE / buy CE@ATM-100),51600,51500,2013.45,1301.45,2069.65,1260.45,1996.25,1309.15,2051.95,1272.4,28.0,1.9,747.0,-889.5,30,-142.5,661.04,-803.54,Revert,2026-04
20260406,2026-04-06 13:15:00+05:30,2026-04-06 13:17:00+05:30,2,+1 (sell CE / buy CE@ATM-100),51600,51500,2076.7,1245.6,2134.55,1210.6,2143.95,1220.0,2197.2,1190.0,31.1,-0.05,-2785.5,2497.5,30,-288.0,666.05,-954.05,Revert,2026-04
20260406,2026-04-06 13:18:00+05:30,2026-04-06 13:25:00+05:30,7,+1 (sell CE / buy CE@ATM-100),51600,51500,2122.9,1221.1,2186.6,1187.25,2153.0,1210.35,2215.45,1177.35,27.2,-1.75,-1225.5,1162.5,30,-63.0,668.19,-731.19,Revert,2026-04
20260406,2026-04-06 13:32:00+05:30,2026-04-06 13:35:00+05:30,3,+1 (sell CE / buy CE@ATM-100),51600,51500,2174.8,1212.0,2223.15,1171.95,2192.4,1194.95,2240.05,1158.0,34.4,-2.55,-1039.5,925.5,30,-114.0,671.47,-785.47,Revert,2026-04
20260406,2026-04-06 13:40:00+05:30,2026-04-06 13:45:00+05:30,5,+1 (sell CE / buy CE@ATM-100),51600,51500,2168.2,1200.65,2220.0,1172.3,2116.95,1225.45,2185.25,1193.0,46.15,-2.1,2281.5,-1663.5,30,618.0,668.97,-50.97,Revert,2026-04
20260406,2026-04-06 14:08:00+05:30,2026-04-06 14:21:00+05:30,13,+1 (sell CE / buy CE@ATM-100),51600,51500,2169.85,1200.65,2209.0,1175.7,2225.9,1149.8,2294.9,1119.55,44.2,0.3,-3207.0,4261.5,30,1054.5,671.55,382.95,Revert,2026-04
20260406,2026-04-06 14:38:00+05:30,2026-04-06 14:45:00+05:30,7,-1 (buy CE / sell CE@ATM-100),51600,51500,2231.75,1139.45,2307.0,1107.45,2226.3,1140.2,2291.7,1108.55,-31.5,3.3,-186.0,492.0,30,306.0,671.25,-365.25,Revert,2026-04
20260406,2026-04-06 14:48:00+05:30,2026-04-06 14:54:00+05:30,6,-1 (buy CE / sell CE@ATM-100),51600,51500,2239.0,1144.3,2310.35,1106.55,2223.0,1144.05,2288.05,1110.45,-26.3,-2.05,-472.5,786.0,30,313.5,671.73,-358.23,Revert,2026-04
20260406,2026-04-06 14:55:00+05:30,2026-04-06 14:56:00+05:30,1,-1 (buy CE / sell CE@ATM-100),51600,51500,2182.1,1163.0,2261.8,1125.75,2228.65,1145.1,2287.0,1111.1,-31.7,-4.45,1933.5,-1195.5,30,738.0,669.86,68.14,Revert,2026-04
20260406,2026-04-06 14:58:00+05:30,2026-04-06 15:03:00+05:30,5,-1 (buy CE / sell CE@ATM-100),51600,51500,2213.65,1149.5,2283.25,1119.55,2235.1,1117.45,2295.85,1086.2,-25.85,4.05,1605.0,-1378.5,30,226.5,669.35,-442.85,Revert,2026-04
20260406,2026-04-06 15:10:00+05:30,2026-04-06 15:11:00+05:30,1,-1 (buy CE / sell CE@ATM-100),51600,51500,2349.9,1051.1,2433.2,1019.0,2381.5,1051.55,2441.05,1015.0,-31.2,0.75,934.5,-355.5,30,579.0,678.21,-99.21,Revert,2026-04
20260407,2026-04-07 09:41:00+05:30,2026-04-07 09:42:00+05:30,1,-1 (buy CE / sell CE@ATM-100),52400,52300,1506.15,1564.2,1570.0,1521.45,1486.7,1585.0,1531.2,1539.35,-27.85,-3.5,-1207.5,1701.0,30,493.5,626.97,-133.47,Revert,2026-04
20260407,2026-04-07 10:07:00+05:30,2026-04-07 10:14:00+05:30,7,+1 (sell CE / buy CE@ATM-100),52400,52300,1552.5,1514.1,1609.0,1475.0,1552.75,1521.9,1605.9,1483.0,27.6,0.85,226.5,-333.0,30,-106.5,626.89,-733.39,Revert,2026-04
20260407,2026-04-07 10:31:00+05:30,2026-04-07 10:34:00+05:30,3,+1 (sell CE / buy CE@ATM-100),52400,52300,1566.75,1483.05,1623.3,1447.5,1529.5,1516.45,1590.0,1477.1,30.5,2.05,2119.5,-1887.0,30,232.5,624.27,-391.77,Revert,2026-04
20260407,2026-04-07 10:36:00+05:30,2026-04-07 10:45:00+05:30,9,+1 (sell CE / buy CE@ATM-100),52400,52300,1497.45,1559.35,1549.55,1516.85,1570.0,1484.0,1631.65,1447.5,25.7,-1.0,-4437.0,4543.5,30,106.5,624.99,-518.49,Revert,2026-04
20260407,2026-04-07 10:48:00+05:30,2026-04-07 10:49:00+05:30,1,+1 (sell CE / buy CE@ATM-100),52400,52300,1558.45,1488.2,1616.95,1447.75,1531.05,1532.05,1588.5,1482.2,26.85,4.0,2137.5,-1887.0,30,250.5,624.7,-374.2,Revert,2026-04
20260407,2026-04-07 11:09:00+05:30,2026-04-07 11:10:00+05:30,1,-1 (buy CE / sell CE@ATM-100),52400,52300,1462.65,1593.55,1529.2,1554.6,1454.6,1610.0,1511.75,1568.0,-29.7,4.6,-735.0,925.5,30,190.5,626.05,-435.55,Revert,2026-04
20260407,2026-04-07 11:14:00+05:30,2026-04-07 11:31:00+05:30,17,+1 (sell CE / buy CE@ATM-100),52400,52300,1440.9,1630.65,1492.25,1598.4,1515.55,1512.0,1575.25,1472.0,31.85,2.55,-5799.0,6282.0,30,483.0,624.58,-141.58,Revert,2026-04
20260407,2026-04-07 11:44:00+05:30,2026-04-07 11:45:00+05:30,1,+1 (sell CE / buy CE@ATM-100),52400,52300,1497.0,1527.6,1539.1,1493.75,1491.6,1544.35,1545.75,1498.15,37.6,-2.75,664.5,67.5,30,732.0,621.21,110.79,Revert,2026-04
20260407,2026-04-07 12:00:00+05:30,2026-04-07 12:07:00+05:30,7,+1 (sell CE / buy CE@ATM-100),52400,52300,1563.8,1481.95,1615.0,1439.4,1522.7,1518.3,1581.0,1477.25,28.45,4.6,2323.5,-2155.5,30,168.0,623.01,-455.01,Revert,2026-04
20260407,2026-04-07 12:09:00+05:30,2026-04-07 12:15:00+05:30,6,+1 (sell CE / buy CE@ATM-100),52400,52300,1539.0,1505.0,1592.35,1464.85,1515.0,1537.8,1570.0,1491.65,26.0,2.2,1704.0,-1474.5,30,229.5,623.63,-394.13,Revert,2026-04
20260407,2026-04-07 12:20:00+05:30,2026-04-07 12:23:00+05:30,3,+1 (sell CE / buy CE@ATM-100),52400,52300,1496.0,1556.6,1551.6,1514.0,1474.0,1580.65,1529.55,1532.05,27.4,1.35,1381.5,-1203.0,30,178.5,624.26,-445.76,Revert,2026-04
20260407,2026-04-07 12:28:00+05:30,2026-04-07 12:29:00+05:30,1,+1 (sell CE / buy CE@ATM-100),52400,52300,1492.05,1561.0,1546.9,1527.15,1493.9,1551.9,1560.0,1506.4,31.05,-2.0,-328.5,1015.5,30,687.0,624.81,62.19,Revert,2026-04
20260407,2026-04-07 12:31:00+05:30,2026-04-07 12:42:00+05:30,11,+1 (sell CE / buy CE@ATM-100),52400,52300,1512.4,1537.95,1572.45,1491.55,1499.55,1559.65,1550.55,1508.35,28.05,-3.5,1036.5,-1161.0,30,-124.5,623.97,-748.47,Revert,2026-04
20260407,2026-04-07 12:45:00+05:30,2026-04-07 12:55:00+05:30,10,+1 (sell CE / buy CE@ATM-100),52400,52300,1498.4,1551.7,1550.7,1510.0,1489.05,1549.45,1560.0,1502.1,26.3,-0.2,213.0,516.0,30,729.0,623.85,105.15,Revert,2026-04
20260407,2026-04-07 12:59:00+05:30,2026-04-07 13:19:00+05:30,20,+1 (sell CE / buy CE@ATM-100),52400,52300,1481.45,1579.85,1530.05,1533.9,1544.35,1497.55,1603.95,1455.9,25.4,2.8,-4356.0,4557.0,30,201.0,624.01,-423.01,Revert,2026-04
20260407,2026-04-07 13:26:00+05:30,2026-04-07 13:31:00+05:30,5,+1 (sell CE / buy CE@ATM-100),52400,52300,1509.05,1534.0,1563.35,1493.95,1561.2,1472.15,1630.0,1428.45,29.85,1.05,-3420.0,3964.5,30,544.5,623.03,-78.53,Revert,2026-04
20260407,2026-04-07 13:34:00+05:30,2026-04-07 13:54:00+05:30,20,+1 (sell CE / buy CE@ATM-100),52400,52300,1616.05,1430.4,1670.0,1390.5,1695.0,1356.8,1753.95,1310.25,34.25,-1.8,-4576.5,4926.0,30,349.5,623.98,-274.48,Revert,2026-04
20260407,2026-04-07 14:10:00+05:30,2026-04-07 14:17:00+05:30,7,-1 (buy CE / sell CE@ATM-100),52400,52300,1649.9,1393.55,1719.7,1348.35,1656.6,1396.3,1699.45,1359.85,-29.25,0.3,118.5,952.5,30,1071.0,624.54,446.46,Revert,2026-04
20260407,2026-04-07 14:19:00+05:30,2026-04-07 14:23:00+05:30,4,+1 (sell CE / buy CE@ATM-100),52400,52300,1645.0,1402.0,1695.0,1368.45,1635.45,1417.15,1691.6,1375.05,41.0,-1.7,741.0,-300.0,30,441.0,624.29,-183.29,Revert,2026-04
20260407,2026-04-07 14:24:00+05:30,2026-04-07 14:28:00+05:30,4,+1 (sell CE / buy CE@ATM-100),52400,52300,1650.55,1399.5,1694.05,1359.1,1673.7,1391.05,1731.4,1350.0,28.45,2.65,-948.0,1393.5,30,445.5,624.99,-179.49,Revert,2026-04
20260407,2026-04-07 14:33:00+05:30,2026-04-07 14:46:00+05:30,13,+1 (sell CE / buy CE@ATM-100),52400,52300,1681.9,1364.05,1735.05,1325.25,1660.0,1399.35,1717.0,1354.8,27.85,4.65,1716.0,-1428.0,30,288.0,624.45,-336.45,Revert,2026-04
20260407,2026-04-07 14:54:00+05:30,2026-04-07 14:55:00+05:30,1,+1 (sell CE / buy CE@ATM-100),52400,52300,1710.45,1334.55,1772.05,1296.0,1739.05,1305.85,1807.55,1268.3,27.7,1.2,-1719.0,1896.0,30,177.0,624.24,-447.24,Revert,2026-04
20260408,2026-04-08 09:53:00+05:30,2026-04-08 09:58:00+05:30,5,-1 (buy CE / sell CE@ATM-100),55100,55000,1260.25,997.1,1324.65,959.95,1225.4,1021.7,1285.55,985.0,-26.65,3.7,-1783.5,1924.5,30,141.0,511.27,-370.27,Revert,2026-04
20260408,2026-04-08 09:59:00+05:30,2026-04-08 10:00:00+05:30,1,-1 (buy CE / sell CE@ATM-100),55100,55000,1222.25,1017.6,1281.3,979.95,1256.55,1005.0,1310.8,968.0,-25.35,1.55,1407.0,-1243.5,30,163.5,510.64,-347.14,Revert,2026-04
20260408,2026-04-08 10:03:00+05:30,2026-04-08 10:12:00+05:30,9,-1 (buy CE / sell CE@ATM-100),55100,55000,1234.2,998.55,1293.65,959.8,1236.05,1000.65,1296.25,964.7,-26.35,-4.6,-7.5,69.0,30,61.5,508.51,-447.01,Revert,2026-04
20260408,2026-04-08 10:23:00+05:30,2026-04-08 10:28:00+05:30,5,-1 (buy CE / sell CE@ATM-100),55100,55000,1250.65,984.5,1311.85,942.4,1290.0,955.0,1354.0,920.0,-30.85,-0.4,2065.5,-1936.5,30,129.0,509.44,-380.44,Revert,2026-04
20260408,2026-04-08 10:30:00+05:30,2026-04-08 10:52:00+05:30,22,-1 (buy CE / sell CE@ATM-100),55100,55000,1306.5,939.95,1370.0,899.75,1348.7,899.0,1414.75,863.45,-29.85,-0.3,2494.5,-2431.5,30,63.0,510.59,-447.59,Revert,2026-04
20260408,2026-04-08 10:59:00+05:30,2026-04-08 11:04:00+05:30,5,-1 (buy CE / sell CE@ATM-100),55100,55000,1392.2,867.2,1461.7,830.0,1396.75,865.0,1466.3,832.4,-32.4,0.55,202.5,-66.0,30,136.5,513.11,-376.61,Revert,2026-04
20260408,2026-04-08 11:18:00+05:30,2026-04-08 11:32:00+05:30,14,-1 (buy CE / sell CE@ATM-100),55100,55000,1398.35,871.5,1466.0,838.85,1394.4,880.0,1460.1,847.4,-32.75,3.2,-373.5,433.5,30,60.0,514.66,-454.66,Revert,2026-04
20260408,2026-04-08 11:44:00+05:30,2026-04-08 11:51:00+05:30,7,-1 (buy CE / sell CE@ATM-100),55100,55000,1370.05,890.0,1437.85,857.2,1339.9,903.1,1404.15,869.15,-29.35,-0.4,-1297.5,1369.5,30,72.0,511.64,-439.64,Revert,2026-04
20260408,2026-04-08 11:58:00+05:30,2026-04-08 12:00:00+05:30,2,-1 (buy CE / sell CE@ATM-100),55100,55000,1310.65,921.6,1371.15,887.0,1310.95,915.6,1382.4,880.25,-27.75,-4.65,189.0,-540.0,30,-351.0,508.06,-859.06,Revert,2026-04
20260408,2026-04-08 12:01:00+05:30,2026-04-08 12:05:00+05:30,4,-1 (buy CE / sell CE@ATM-100),55100,55000,1314.95,913.95,1382.0,879.2,1377.9,878.65,1438.55,846.9,-27.0,-0.75,2947.5,-2665.5,30,282.0,510.39,-228.39,Revert,2026-04
20260408,2026-04-08 12:21:00+05:30,2026-04-08 12:31:00+05:30,10,-1 (buy CE / sell CE@ATM-100),55100,55000,1360.3,886.0,1430.05,853.0,1300.4,923.75,1372.95,887.35,-25.7,-3.35,-2929.5,2743.5,30,-186.0,509.4,-695.4,Revert,2026-04
20260408,2026-04-08 12:37:00+05:30,2026-04-08 12:41:00+05:30,4,-1 (buy CE / sell CE@ATM-100),55100,55000,1315.0,926.5,1384.95,889.4,1317.5,920.0,1387.0,879.9,-26.5,-2.5,270.0,-346.5,30,-76.5,509.71,-586.21,Revert,2026-04
20260408,2026-04-08 12:55:00+05:30,2026-04-08 13:00:00+05:30,5,-1 (buy CE / sell CE@ATM-100),55100,55000,1394.05,864.2,1463.75,828.0,1370.0,862.6,1435.0,838.2,-26.35,3.6,-673.5,1168.5,30,495.0,511.39,-16.39,Revert,2026-04
20260408,2026-04-08 13:11:00+05:30,2026-04-08 13:15:00+05:30,4,-1 (buy CE / sell CE@ATM-100),55100,55000,1381.3,870.0,1446.9,832.15,1373.1,875.15,1438.9,841.6,-29.9,-2.05,-400.5,523.5,30,123.0,511.23,-388.23,Revert,2026-04
20260408,2026-04-08 13:19:00+05:30,2026-04-08 13:21:00+05:30,2,-1 (buy CE / sell CE@ATM-100),55100,55000,1361.55,885.0,1426.05,851.25,1359.75,883.15,1423.3,850.35,-30.65,-3.4,1.5,55.5,30,57.0,510.52,-453.52,Revert,2026-04
20260408,2026-04-08 13:28:00+05:30,2026-04-08 13:54:00+05:30,26,-1 (buy CE / sell CE@ATM-100),55100,55000,1385.65,874.7,1449.75,836.55,1371.5,876.0,1434.95,841.6,-27.85,-4.5,-463.5,595.5,30,132.0,511.65,-379.65,Revert,2026-04
20260408,2026-04-08 13:56:00+05:30,2026-04-08 13:58:00+05:30,2,-1 (buy CE / sell CE@ATM-100),55100,55000,1388.45,867.0,1454.45,829.65,1395.25,860.0,1461.95,827.65,-30.95,-1.55,414.0,-285.0,30,129.0,512.14,-383.14,Revert,2026-04
20260408,2026-04-08 13:59:00+05:30,2026-04-08 14:03:00+05:30,4,-1 (buy CE / sell CE@ATM-100),55100,55000,1397.6,859.85,1462.65,825.8,1394.0,861.5,1458.25,827.0,-29.65,1.5,-157.5,168.0,30,10.5,512.13,-501.63,Revert,2026-04
20260408,2026-04-08 14:09:00+05:30,2026-04-08 14:11:00+05:30,2,-1 (buy CE / sell CE@ATM-100),55100,55000,1373.5,873.05,1449.55,831.0,1385.3,865.3,1456.0,829.05,-34.75,0.0,586.5,-252.0,30,334.5,511.52,-177.02,Revert,2026-04
20260408,2026-04-08 14:15:00+05:30,2026-04-08 14:16:00+05:30,1,-1 (buy CE / sell CE@ATM-100),55100,55000,1396.75,877.6,1461.7,844.4,1388.6,878.55,1459.45,841.7,-29.85,4.85,-273.0,-13.5,30,-286.5,514.12,-800.62,Revert,2026-04
20260408,2026-04-08 14:26:00+05:30,2026-04-08 14:27:00+05:30,1,-1 (buy CE / sell CE@ATM-100),55100,55000,1477.0,844.6,1543.0,806.8,1489.95,823.0,1555.0,796.3,-27.6,0.95,1036.5,-675.0,30,361.5,521.25,-159.75,Revert,2026-04
20260408,2026-04-08 14:29:00+05:30,2026-04-08 14:47:00+05:30,18,-1 (buy CE / sell CE@ATM-100),55100,55000,1472.0,839.4,1545.3,805.85,1610.55,765.0,1678.35,736.6,-32.4,-2.65,6388.5,-6069.0,30,319.5,525.4,-205.9,Revert,2026-04
20260408,2026-04-08 14:51:00+05:30,2026-04-08 14:54:00+05:30,3,-1 (buy CE / sell CE@ATM-100),55100,55000,1564.3,792.0,1627.15,764.95,1563.0,782.6,1635.0,755.0,-26.1,0.6,243.0,-534.0,30,-291.0,526.05,-817.05,Revert,2026-04
20260408,2026-04-08 15:04:00+05:30,2026-04-08 15:09:00+05:30,5,-1 (buy CE / sell CE@ATM-100),55100,55000,1559.9,781.8,1632.35,754.05,1562.75,774.55,1640.0,746.5,-31.9,-1.8,303.0,-456.0,30,-153.0,525.01,-678.01,Revert,2026-04
20260408,2026-04-08 15:12:00+05:30,2026-04-08 15:19:00+05:30,7,-1 (buy CE / sell CE@ATM-100),55100,55000,1573.9,775.2,1630.8,745.05,1595.0,760.7,1654.7,733.9,-25.9,4.3,1068.0,-1051.5,30,16.5,525.75,-509.25,Revert,2026-04
20260408,2026-04-08 15:23:00+05:30,2026-04-08 15:24:00+05:30,1,-1 (buy CE / sell CE@ATM-100),55100,55000,1587.25,758.5,1657.75,727.65,1595.0,756.2,1660.0,729.6,-32.85,-12.8,301.5,-9.0,30,292.5,526.05,-233.55,EOD,2026-04
20260409,2026-04-09 09:33:00+05:30,2026-04-09 09:38:00+05:30,5,-1 (buy CE / sell CE@ATM-100),55600,55500,1070.15,1147.0,1123.65,1105.2,1077.95,1144.2,1135.85,1101.7,-26.85,3.75,318.0,-471.0,30,-153.0,505.57,-658.57,Revert,2026-04
20260409,2026-04-09 10:07:00+05:30,2026-04-09 10:18:00+05:30,11,-1 (buy CE / sell CE@ATM-100),55600,55500,1036.45,1240.2,1091.6,1195.0,1149.05,1113.45,1205.55,1070.8,-27.15,-4.4,7180.5,-7144.5,30,36.0,512.7,-476.7,Revert,2026-04
20260409,2026-04-09 10:50:00+05:30,2026-04-09 10:55:00+05:30,5,-1 (buy CE / sell CE@ATM-100),55600,55500,1099.2,1158.4,1162.8,1114.6,1118.0,1133.0,1178.35,1095.0,-25.2,4.0,1326.0,-1054.5,30,271.5,511.35,-239.85,Revert,2026-04
20260409,2026-04-09 11:06:00+05:30,2026-04-09 11:13:00+05:30,7,-1 (buy CE / sell CE@ATM-100),55600,55500,1098.0,1154.2,1153.4,1109.1,1109.7,1135.4,1168.2,1094.75,-28.4,4.3,915.0,-874.5,30,40.5,509.88,-469.38,Revert,2026-04
20260409,2026-04-09 11:18:00+05:30,2026-04-09 11:22:00+05:30,4,-1 (buy CE / sell CE@ATM-100),55600,55500,1084.15,1175.3,1133.0,1130.0,1079.95,1191.9,1134.25,1142.4,-25.95,-1.95,-624.0,334.5,30,-289.5,511.35,-800.85,Revert,2026-04
20260409,2026-04-09 11:27:00+05:30,2026-04-09 11:36:00+05:30,9,-1 (buy CE / sell CE@ATM-100),55600,55500,1070.8,1162.2,1127.2,1127.95,1066.95,1174.9,1119.15,1130.6,-36.4,-1.95,-496.5,321.0,30,-175.5,508.19,-683.69,Revert,2026-04
20260409,2026-04-09 11:45:00+05:30,2026-04-09 11:46:00+05:30,1,-1 (buy CE / sell CE@ATM-100),55600,55500,1039.9,1199.65,1094.6,1159.5,1055.2,1185.1,1108.7,1148.75,-28.95,-0.9,895.5,-745.5,30,150.0,508.85,-358.85,Revert,2026-04
20260409,2026-04-09 12:29:00+05:30,2026-04-09 12:37:00+05:30,8,-1 (buy CE / sell CE@ATM-100),55600,55500,1037.0,1190.0,1089.0,1150.7,1007.75,1225.6,1054.7,1181.0,-26.2,2.15,-1945.5,1938.0,30,-7.5,506.75,-514.25,Revert,2026-04
20260409,2026-04-09 12:54:00+05:30,2026-04-09 13:10:00+05:30,16,-1 (buy CE / sell CE@ATM-100),55600,55500,974.55,1262.4,1030.0,1208.95,940.95,1310.95,990.0,1267.75,-29.85,-0.2,-2464.5,2964.0,30,499.5,508.89,-9.39,Revert,2026-04
20260409,2026-04-09 13:37:00+05:30,2026-04-09 13:40:00+05:30,3,-1 (buy CE / sell CE@ATM-100),55600,55500,896.0,1403.45,945.85,1355.6,899.15,1402.65,947.6,1357.5,-27.05,1.7,118.5,4.5,30,123.0,516.53,-393.53,Revert,2026-04
20260409,2026-04-09 13:50:00+05:30,2026-04-09 13:55:00+05:30,5,-1 (buy CE / sell CE@ATM-100),55600,55500,905.85,1393.8,958.95,1338.45,892.3,1392.1,941.0,1336.0,-27.55,0.2,-355.5,465.0,30,109.5,514.76,-405.26,Revert,2026-04
20260409,2026-04-09 14:04:00+05:30,2026-04-09 14:08:00+05:30,4,+1 (sell CE / buy CE@ATM-100),55600,55500,910.0,1356.75,955.0,1324.3,919.0,1355.0,966.5,1306.75,29.25,4.0,-322.5,871.5,30,549.0,512.76,36.24,Revert,2026-04
20260409,2026-04-09 14:39:00+05:30,2026-04-09 14:46:00+05:30,7,-1 (buy CE / sell CE@ATM-100),55600,55500,836.35,1484.95,881.15,1422.05,818.0,1484.55,867.0,1433.2,-25.6,3.45,-538.5,759.0,30,220.5,517.29,-296.79,Revert,2026-04
20260409,2026-04-09 15:00:00+05:30,2026-04-09 15:02:00+05:30,2,-1 (buy CE / sell CE@ATM-100),55600,55500,823.3,1469.0,870.25,1416.1,870.8,1374.85,925.8,1335.6,-27.1,0.95,4249.5,-4081.5,30,168.0,512.21,-344.21,Revert,2026-04
20260409,2026-04-09 15:03:00+05:30,2026-04-09 15:09:00+05:30,6,-1 (buy CE / sell CE@ATM-100),55600,55500,874.8,1375.0,920.65,1327.8,876.95,1370.15,928.4,1326.0,-31.8,-3.2,210.0,-286.5,30,-76.5,508.98,-585.48,Revert,2026-04
20260410,2026-04-10 09:40:00+05:30,2026-04-10 09:45:00+05:30,5,-1 (buy CE / sell CE@ATM-100),55800,55700,1036.25,1026.25,1093.0,979.05,1049.9,1006.25,1107.8,969.35,-25.6,-0.55,1009.5,-735.0,30,274.5,483.19,-208.69,Revert,2026-04
20260410,2026-04-10 10:20:00+05:30,2026-04-10 10:26:00+05:30,6,-1 (buy CE / sell CE@ATM-100),55800,55700,1163.8,924.3,1223.25,888.4,1155.0,926.2,1215.0,884.35,-25.5,-3.4,-321.0,126.0,30,-195.0,486.85,-681.85,Revert,2026-04
20260410,2026-04-10 10:27:00+05:30,2026-04-10 10:29:00+05:30,2,-1 (buy CE / sell CE@ATM-100),55800,55700,1135.0,933.0,1195.55,895.0,1128.0,945.3,1186.5,903.3,-27.6,2.7,-579.0,520.5,30,-58.5,484.86,-543.36,Revert,2026-04
20260410,2026-04-10 10:33:00+05:30,2026-04-10 10:34:00+05:30,1,-1 (buy CE / sell CE@ATM-100),55800,55700,1099.0,965.35,1161.25,928.85,1118.7,948.05,1180.1,913.65,-26.95,-1.95,1110.0,-1021.5,30,88.5,484.73,-396.23,Revert,2026-04
20260410,2026-04-10 10:41:00+05:30,2026-04-10 10:44:00+05:30,3,-1 (buy CE / sell CE@ATM-100),55800,55700,1118.1,956.25,1173.05,917.5,1109.0,954.0,1168.9,917.4,-26.55,5.0,-205.5,121.5,30,-84.0,484.58,-568.58,Revert,2026-04
20260410,2026-04-10 10:50:00+05:30,2026-04-10 10:55:00+05:30,5,-1 (buy CE / sell CE@ATM-100),55800,55700,1107.1,962.45,1166.15,921.0,1089.35,967.6,1145.85,928.75,-27.15,1.75,-687.0,841.5,30,154.5,483.83,-329.33,Revert,2026-04
20260410,2026-04-10 10:56:00+05:30,2026-04-10 10:58:00+05:30,2,-1 (buy CE / sell CE@ATM-100),55800,55700,1084.0,968.9,1143.45,929.65,1096.65,957.75,1152.9,917.8,-27.9,3.9,714.0,-639.0,30,75.0,482.45,-407.45,Revert,2026-04
20260410,2026-04-10 11:01:00+05:30,2026-04-10 11:04:00+05:30,3,-1 (buy CE / sell CE@ATM-100),55800,55700,1135.75,933.85,1201.5,896.95,1125.4,953.45,1186.0,911.1,-31.1,1.35,-898.5,889.5,30,-9.0,485.69,-494.69,Revert,2026-04
20260410,2026-04-10 11:06:00+05:30,2026-04-10 11:29:00+05:30,23,-1 (buy CE / sell CE@ATM-100),55800,55700,1117.5,952.05,1175.0,912.6,1086.25,979.0,1145.25,939.65,-26.35,-4.75,-1746.0,1704.0,30,-42.0,484.36,-526.36,Revert,2026-04
20260410,2026-04-10 11:32:00+05:30,2026-04-10 12:02:00+05:30,30,-1 (buy CE / sell CE@ATM-100),55800,55700,1104.4,962.0,1167.35,921.15,1084.0,971.0,1140.4,928.45,-29.6,-6.2,-882.0,1027.5,30,145.5,483.48,-337.98,MaxHold,2026-04
20260410,2026-04-10 12:05:00+05:30,2026-04-10 12:25:00+05:30,20,-1 (buy CE / sell CE@ATM-100),55800,55700,1098.35,959.2,1155.5,921.1,1125.0,928.4,1184.4,890.4,-25.85,-3.4,1723.5,-1788.0,30,-64.5,482.75,-547.25,Revert,2026-04
20260410,2026-04-10 12:26:00+05:30,2026-04-10 12:29:00+05:30,3,-1 (buy CE / sell CE@ATM-100),55800,55700,1116.35,934.85,1181.0,896.95,1103.05,943.0,1167.7,902.95,-33.5,-2.35,-643.5,579.0,30,-64.5,482.16,-546.66,Revert,2026-04
20260410,2026-04-10 12:31:00+05:30,2026-04-10 12:54:00+05:30,23,-1 (buy CE / sell CE@ATM-100),55800,55700,1100.0,953.05,1162.25,913.3,1082.25,962.55,1142.0,920.0,-36.25,-3.5,-817.5,808.5,30,-9.0,481.83,-490.83,Revert,2026-04
20260410,2026-04-10 12:56:00+05:30,2026-04-10 13:26:00+05:30,30,-1 (buy CE / sell CE@ATM-100),55800,55700,1088.45,958.55,1148.1,918.15,1125.0,933.4,1181.2,890.0,-28.7,-8.6,1851.0,-1837.5,30,13.5,482.11,-468.61,MaxHold,2026-04
20260410,2026-04-10 13:29:00+05:30,2026-04-10 13:49:00+05:30,20,-1 (buy CE / sell CE@ATM-100),55800,55700,1133.85,926.95,1193.0,889.2,1114.35,937.5,1168.4,896.8,-28.5,-4.15,-901.5,966.0,30,64.5,482.76,-418.26,Revert,2026-04
20260410,2026-04-10 13:54:00+05:30,2026-04-10 14:24:00+05:30,30,-1 (buy CE / sell CE@ATM-100),55800,55700,1128.45,927.45,1187.6,887.0,1036.85,998.05,1092.2,956.45,-26.8,-1.4,-4866.0,4945.5,30,79.5,481.13,-401.63,Revert,2026-04
20260410,2026-04-10 14:32:00+05:30,2026-04-10 14:56:00+05:30,24,-1 (buy CE / sell CE@ATM-100),55800,55700,1048.0,1002.0,1107.0,961.7,1086.0,954.25,1147.0,915.85,-34.2,-3.45,2572.5,-2575.5,30,-3.0,481.35,-484.35,Revert,2026-04
20260410,2026-04-10 15:01:00+05:30,2026-04-10 15:04:00+05:30,3,-1 (buy CE / sell CE@ATM-100),55800,55700,1088.95,939.8,1150.25,895.8,1116.75,910.1,1177.6,874.8,-28.65,3.25,1725.0,-1450.5,30,274.5,479.14,-204.64,Revert,2026-04
20260410,2026-04-10 15:08:00+05:30,2026-04-10 15:24:00+05:30,16,-1 (buy CE / sell CE@ATM-100),55800,55700,1148.05,884.35,1210.55,847.45,1151.05,885.95,1211.85,850.1,-26.3,-39.3,42.0,40.5,30,82.5,480.26,-397.76,EOD,2026-04
