date,entry_bar,exit_bar,hold_bars,direction,atm_strike,entry_ce,entry_pe,entry_fut,exit_ce,exit_pe,exit_fut,entry_spread,exit_spread,lot_size,gross_pnl,charges,net_pnl,exit_reason,month
20251208,2025-12-08 14:15:00+05:30,2025-12-08 14:18:00+05:30,3,+1 (short synth),59900,427.0,851.0,59451.0,424.0,861.55,59458.0,25.0,4.45,35,719.25,1427.18,-707.93,Revert,2025-12
20251208,2025-12-08 14:30:00+05:30,2025-12-08 14:37:00+05:30,7,+1 (short synth),59900,440.55,839.0,59474.0,439.55,846.0,59489.6,27.55,3.95,35,826.0,1427.76,-601.76,Revert,2025-12
20251208,2025-12-08 14:43:00+05:30,2025-12-08 14:52:00+05:30,9,+1 (short synth),59900,442.75,835.05,59482.6,462.9,790.65,59568.8,25.1,3.45,35,757.75,1427.79,-670.04,Revert,2025-12
20251208,2025-12-08 14:55:00+05:30,2025-12-08 15:24:00+05:30,29,+1 (short synth),59900,459.55,802.5,59532.0,439.0,820.0,59507.0,25.05,12.0,35,456.75,1427.46,-970.71,EOD,2025-12
20251209,2025-12-09 09:51:00+05:30,2025-12-09 09:52:00+05:30,1,+1 (short synth),59300,631.95,634.85,59271.6,635.75,635.0,59297.2,25.5,3.55,35,768.25,1422.69,-654.44,Revert,2025-12
20251209,2025-12-09 11:01:00+05:30,2025-12-09 11:04:00+05:30,3,+1 (short synth),59300,762.9,501.6,59535.2,769.1,502.7,59555.6,26.1,10.8,35,535.5,1427.73,-892.23,EOD,2025-12
20251210,2025-12-10 11:19:00+05:30,2025-12-10 11:22:00+05:30,3,+1 (short synth),59600,492.55,673.85,59393.2,476.15,702.85,59370.4,25.5,2.9,35,791.0,1416.77,-625.77,Revert,2025-12
20251210,2025-12-10 11:39:00+05:30,2025-12-10 11:59:00+05:30,20,+1 (short synth),59600,442.85,756.4,59261.0,451.2,743.0,59304.8,25.45,3.4,35,771.75,1416.87,-645.12,Revert,2025-12
20251210,2025-12-10 12:04:00+05:30,2025-12-10 12:07:00+05:30,3,+1 (short synth),59600,449.1,750.2,59272.6,461.95,720.85,59338.0,26.3,3.1,35,812.0,1417.11,-605.11,Revert,2025-12
20251210,2025-12-10 12:31:00+05:30,2025-12-10 12:48:00+05:30,17,+1 (short synth),59600,417.3,806.1,59186.0,426.9,797.85,59225.8,25.2,3.25,35,768.25,1417.39,-649.14,Revert,2025-12
20251210,2025-12-10 13:07:00+05:30,2025-12-10 13:12:00+05:30,5,+1 (short synth),59600,441.7,757.0,59259.6,442.4,759.65,59282.0,25.1,0.75,35,852.25,1416.8,-564.55,Revert,2025-12
20251210,2025-12-10 13:17:00+05:30,2025-12-10 13:21:00+05:30,4,+1 (short synth),59600,437.35,771.45,59235.0,454.35,734.45,59317.6,30.9,2.3,35,1001.0,1417.15,-416.15,Revert,2025-12
20251210,2025-12-10 14:29:00+05:30,2025-12-10 14:32:00+05:30,3,+1 (short synth),59600,413.15,809.85,59177.8,423.1,781.3,59237.0,25.5,4.8,35,724.5,1417.19,-692.69,Revert,2025-12
20251210,2025-12-10 14:39:00+05:30,2025-12-10 15:02:00+05:30,23,+1 (short synth),59600,429.9,765.05,59238.0,448.65,737.45,59307.8,26.85,3.4,35,820.75,1416.06,-595.31,Revert,2025-12
20251210,2025-12-10 15:07:00+05:30,2025-12-10 15:24:00+05:30,17,+1 (short synth),59600,437.5,755.5,59254.6,426.55,794.55,59209.6,27.4,22.4,35,175.0,1416.23,-1241.23,EOD,2025-12
20251211,2025-12-11 09:37:00+05:30,2025-12-11 09:42:00+05:30,5,+1 (short synth),59400,513.95,635.75,59251.2,465.5,694.9,59167.8,27.0,2.8,35,847.0,1412.56,-565.56,Revert,2025-12
20251212,2025-12-12 10:30:00+05:30,2025-12-12 10:31:00+05:30,1,+1 (short synth),59700,464.0,568.0,59571.0,467.65,564.6,59606.0,25.0,-2.95,35,978.25,1409.14,-430.89,Revert,2025-12
20251219,2025-12-19 10:10:00+05:30,2025-12-19 10:13:00+05:30,3,+1 (short synth),59300,364.65,430.8,59206.0,351.8,446.95,59201.0,27.85,3.85,35,840.0,1382.25,-542.25,Revert,2025-12
20260105,2026-01-05 11:15:00+05:30,2026-01-05 11:19:00+05:30,4,-1 (long synth),60400,635.25,567.1,60496.4,624.05,574.2,60452.0,-28.25,-2.15,30,783.0,1255.92,-472.92,Revert,2026-01
20260116,2026-01-16 13:49:00+05:30,2026-01-16 14:19:00+05:30,30,-1 (long synth),59900,608.35,364.05,60170.4,595.7,364.3,60140.6,-26.1,-9.2,30,507.0,1234.01,-727.01,MaxHold,2026-01
20260116,2026-01-16 14:38:00+05:30,2026-01-16 15:05:00+05:30,27,-1 (long synth),59900,590.05,357.25,60166.8,608.95,356.95,60157.0,-34.0,-5.0,30,870.0,1232.16,-362.16,Revert,2026-01
20260122,2026-01-22 12:07:00+05:30,2026-01-22 12:09:00+05:30,2,+1 (short synth),59600,172.95,685.6,59060.8,174.95,674.3,59104.0,26.55,-3.35,30,897.0,1207.04,-310.04,Revert,2026-01
20260123,2026-01-23 11:41:00+05:30,2026-01-23 11:43:00+05:30,2,+1 (short synth),59300,197.6,406.25,59065.0,205.45,390.85,59115.0,26.35,-0.4,30,802.5,1188.99,-386.49,Revert,2026-01
20260127,2026-01-27 10:11:00+05:30,2026-01-27 10:12:00+05:30,1,+1 (short synth),58200,495.25,76.95,58590.6,499.95,76.55,58626.4,27.7,-3.0,30,921.0,1178.67,-257.67,Revert,2026-01
20260127,2026-01-27 10:53:00+05:30,2026-01-27 10:54:00+05:30,1,-1 (long synth),58200,309.1,124.15,58438.6,335.95,109.15,58427.2,-53.65,-0.4,30,1597.5,1166.19,431.31,Revert,2026-01
20260127,2026-01-27 12:16:00+05:30,2026-01-27 12:17:00+05:30,1,-1 (long synth),58200,519.0,27.7,58719.6,538.15,27.4,58714.8,-28.3,-4.05,30,727.5,1179.04,-451.54,Revert,2026-01
20260127,2026-01-27 13:34:00+05:30,2026-01-27 13:36:00+05:30,2,-1 (long synth),58200,565.25,11.15,58780.0,518.65,14.15,58703.4,-25.9,1.1,30,810.0,1182.19,-372.19,Revert,2026-01
20260127,2026-01-27 14:59:00+05:30,2026-01-27 15:03:00+05:30,4,-1 (long synth),58200,843.45,1.35,59075.0,866.5,0.85,59070.0,-32.9,-4.35,30,856.5,1206.3,-349.8,Revert,2026-01
20260129,2026-01-29 10:41:00+05:30,2026-01-29 10:55:00+05:30,14,-1 (long synth),59700,947.3,848.65,59827.4,1016.05,800.65,59915.4,-28.75,-0.0,30,862.5,1286.79,-424.29,Revert,2026-01
20260129,2026-01-29 13:28:00+05:30,2026-01-29 13:30:00+05:30,2,-1 (long synth),59700,1073.35,698.95,60100.2,1082.35,690.0,60089.4,-25.8,2.95,30,862.5,1289.74,-427.24,Revert,2026-01
20260129,2026-01-29 14:35:00+05:30,2026-01-29 14:41:00+05:30,6,-1 (long synth),59700,1138.85,660.8,60204.2,1170.0,657.2,60215.6,-26.15,-2.8,30,700.5,1293.46,-592.96,Revert,2026-01
20260129,2026-01-29 14:42:00+05:30,2026-01-29 14:59:00+05:30,17,-1 (long synth),59700,1171.25,658.55,60239.2,1150.0,653.65,60195.0,-26.5,1.35,30,835.5,1296.2,-460.7,Revert,2026-01
20260129,2026-01-29 15:05:00+05:30,2026-01-29 15:14:00+05:30,9,-1 (long synth),59700,1135.15,661.0,60199.8,1131.75,671.0,60160.0,-25.65,0.75,30,792.0,1293.13,-501.13,Revert,2026-01
20260129,2026-01-29 15:17:00+05:30,2026-01-29 15:24:00+05:30,7,-1 (long synth),59700,1157.2,657.3,60225.4,1172.6,653.0,60237.2,-25.5,-17.6,30,237.0,1294.87,-1057.87,EOD,2026-01
20260130,2026-01-30 09:31:00+05:30,2026-01-30 09:33:00+05:30,2,-1 (long synth),59900,864.9,899.1,59894.4,867.55,898.65,59870.0,-28.6,-1.1,30,825.0,1285.65,-460.65,Revert,2026-01
20260130,2026-01-30 09:40:00+05:30,2026-01-30 09:58:00+05:30,18,-1 (long synth),59900,896.0,880.2,59941.0,974.8,802.85,60073.0,-25.2,-1.05,30,724.5,1287.31,-562.81,Revert,2026-01
20260130,2026-01-30 10:33:00+05:30,2026-01-30 10:41:00+05:30,8,-1 (long synth),59900,970.85,827.8,60068.6,996.0,802.5,60094.2,-25.55,-0.7,30,745.5,1291.08,-545.58,Revert,2026-01
20260130,2026-01-30 12:12:00+05:30,2026-01-30 12:14:00+05:30,2,-1 (long synth),59900,960.0,856.5,60029.4,974.0,841.6,60035.8,-25.9,-3.4,30,675.0,1291.68,-616.68,Revert,2026-01
20260130,2026-01-30 12:48:00+05:30,2026-01-30 13:07:00+05:30,19,-1 (long synth),59900,957.85,846.0,60038.0,905.8,902.1,59908.0,-26.15,-4.3,30,655.5,1290.93,-635.43,Revert,2026-01
20260130,2026-01-30 14:17:00+05:30,2026-01-30 14:45:00+05:30,28,-1 (long synth),59900,943.1,824.7,60045.8,877.0,873.3,59903.0,-27.4,0.7,30,843.0,1288.5,-445.5,Revert,2026-01
20260201,2026-02-01 12:19:00+05:30,2026-02-01 12:20:00+05:30,1,+1 (short synth),59900,627.2,1106.15,59395.2,588.55,1198.05,59288.8,25.85,1.7,30,724.5,1274.98,-550.48,Revert,2026-02
20260201,2026-02-01 12:23:00+05:30,2026-02-01 12:24:00+05:30,1,+1 (short synth),59900,534.1,1261.2,59133.2,521.15,1310.7,59105.8,39.7,4.65,30,1051.5,1274.93,-223.43,Revert,2026-02
20260201,2026-02-01 12:31:00+05:30,2026-02-01 12:34:00+05:30,3,-1 (long synth),59900,346.25,2000.4,58282.0,452.15,1649.65,58706.4,-36.15,-3.9,30,967.5,1299.7,-332.2,Revert,2026-02
20260201,2026-02-01 12:35:00+05:30,2026-02-01 12:41:00+05:30,6,+1 (short synth),59900,476.25,1470.0,58861.0,542.15,1333.75,59105.0,45.25,3.4,30,1255.5,1281.05,-25.55,Revert,2026-02
20260201,2026-02-01 12:48:00+05:30,2026-02-01 12:50:00+05:30,2,+1 (short synth),59900,518.35,1273.65,59090.0,527.4,1345.6,59078.4,54.7,3.4,30,1539.0,1273.96,265.04,Revert,2026-02
20260201,2026-02-01 12:51:00+05:30,2026-02-01 12:55:00+05:30,4,-1 (long synth),59900,530.0,1371.8,59091.0,534.3,1302.0,59135.0,-32.8,-2.7,30,903.0,1281.8,-378.8,Revert,2026-02
20260201,2026-02-01 12:56:00+05:30,2026-02-01 12:59:00+05:30,3,-1 (long synth),59900,543.8,1302.0,59170.0,569.8,1218.95,59255.0,-28.2,-4.15,30,721.5,1279.15,-557.65,Revert,2026-02
20260201,2026-02-01 13:04:00+05:30,2026-02-01 13:06:00+05:30,2,-1 (long synth),59900,553.65,1236.6,59244.4,546.8,1261.55,59182.2,-27.35,3.05,30,912.0,1276.47,-364.47,Revert,2026-02
20260201,2026-02-01 13:25:00+05:30,2026-02-01 13:31:00+05:30,6,+1 (short synth),59900,553.65,1237.15,59190.4,540.3,1300.7,59136.2,26.1,3.4,30,681.0,1275.59,-594.59,Revert,2026-02
20260201,2026-02-01 13:32:00+05:30,2026-02-01 14:01:00+05:30,29,+1 (short synth),59900,528.0,1265.0,59118.6,539.2,1298.25,59139.4,44.4,1.55,30,1285.5,1274.52,10.98,Revert,2026-02
20260201,2026-02-01 14:04:00+05:30,2026-02-01 14:24:00+05:30,20,+1 (short synth),59900,521.25,1298.1,59094.0,538.55,1307.1,59129.0,29.15,2.45,30,801.0,1275.98,-474.98,Revert,2026-02
20260201,2026-02-01 14:30:00+05:30,2026-02-01 14:31:00+05:30,1,+1 (short synth),59900,527.55,1299.4,59100.0,538.45,1299.15,59142.2,28.15,-2.9,30,931.5,1276.62,-345.12,Revert,2026-02
20260201,2026-02-01 14:32:00+05:30,2026-02-01 14:36:00+05:30,4,+1 (short synth),59900,536.75,1266.1,59126.4,550.15,1254.35,59194.8,44.25,1.0,30,1297.5,1275.36,22.14,Revert,2026-02
20260201,2026-02-01 14:40:00+05:30,2026-02-01 14:48:00+05:30,8,+1 (short synth),59900,530.05,1286.3,59104.0,503.25,1370.0,59029.2,39.75,4.05,30,1071.0,1275.94,-204.94,Revert,2026-02
20260201,2026-02-01 14:49:00+05:30,2026-02-01 15:17:00+05:30,28,+1 (short synth),59900,493.45,1387.4,58979.2,398.0,1637.55,58657.2,26.85,3.25,30,708.0,1278.4,-570.4,Revert,2026-02
20260201,2026-02-01 15:18:00+05:30,2026-02-01 15:24:00+05:30,6,+1 (short synth),59900,397.0,1644.25,58627.2,385.0,1660.0,58600.0,25.55,25.0,30,16.5,1283.83,-1267.33,EOD,2026-02
20260203,2026-02-03 10:16:00+05:30,2026-02-03 10:26:00+05:30,10,-1 (long synth),60300,720.1,931.1,60115.6,774.55,874.05,60201.2,-26.6,-0.7,30,777.0,1281.39,-504.39,Revert,2026-02
20260203,2026-02-03 11:19:00+05:30,2026-02-03 11:33:00+05:30,14,-1 (long synth),60300,787.45,815.1,60299.8,838.9,749.3,60390.6,-27.45,-1.0,30,793.5,1281.06,-487.56,Revert,2026-02
20260203,2026-02-03 12:16:00+05:30,2026-02-03 12:21:00+05:30,5,-1 (long synth),60300,800.2,783.85,60342.2,802.0,778.2,60326.0,-25.85,-2.2,30,709.5,1280.46,-570.96,Revert,2026-02
20260204,2026-02-04 09:57:00+05:30,2026-02-04 10:25:00+05:30,28,-1 (long synth),60300,747.6,682.7,60390.0,742.4,675.75,60368.0,-25.1,-1.35,30,712.5,1270.33,-557.83,Revert,2026-02
20260204,2026-02-04 10:27:00+05:30,2026-02-04 10:35:00+05:30,8,-1 (long synth),60300,737.0,681.7,60381.2,716.7,691.3,60330.2,-25.9,-4.8,30,633.0,1269.36,-636.36,Revert,2026-02
20260204,2026-02-04 12:16:00+05:30,2026-02-04 12:24:00+05:30,8,-1 (long synth),60300,721.9,648.75,60399.8,706.65,655.35,60353.0,-26.65,-1.7,30,748.5,1266.25,-517.75,Revert,2026-02
20260204,2026-02-04 12:44:00+05:30,2026-02-04 12:51:00+05:30,7,-1 (long synth),60300,695.0,656.6,60370.0,668.0,682.7,60287.6,-31.6,-2.3,30,879.0,1264.39,-385.39,Revert,2026-02
20260209,2026-02-09 11:48:00+05:30,2026-02-09 11:55:00+05:30,7,-1 (long synth),60800,493.4,576.55,60742.0,474.45,587.0,60690.0,-25.15,-2.55,30,678.0,1250.67,-572.67,Revert,2026-02
20260209,2026-02-09 12:16:00+05:30,2026-02-09 12:17:00+05:30,1,-1 (long synth),60800,491.75,566.6,60753.4,495.55,561.0,60739.4,-28.25,-4.85,30,702.0,1250.04,-548.04,Revert,2026-02
20260209,2026-02-09 14:12:00+05:30,2026-02-09 14:19:00+05:30,7,-1 (long synth),60800,468.45,580.2,60716.6,485.0,560.2,60724.0,-28.35,0.8,30,874.5,1248.72,-374.22,Revert,2026-02
20260209,2026-02-09 14:37:00+05:30,2026-02-09 15:07:00+05:30,30,-1 (long synth),60800,476.45,573.35,60729.2,481.4,580.0,60707.2,-26.1,-5.8,30,609.0,1249.02,-640.02,MaxHold,2026-02
20260210,2026-02-10 15:02:00+05:30,2026-02-10 15:07:00+05:30,5,-1 (long synth),60800,444.35,516.45,60754.8,434.45,527.4,60710.0,-26.9,-2.95,30,718.5,1243.12,-524.62,Revert,2026-02
20260211,2026-02-11 13:57:00+05:30,2026-02-11 14:17:00+05:30,20,-1 (long synth),60700,482.5,410.95,60799.0,509.8,392.7,60820.0,-27.45,-2.9,30,736.5,1239.08,-502.58,Revert,2026-02
20260216,2026-02-16 15:14:00+05:30,2026-02-16 15:15:00+05:30,1,-1 (long synth),60400,793.1,244.65,60976.2,791.7,245.15,60951.0,-27.75,-4.45,30,699.0,1252.36,-553.36,Revert,2026-02
20260220,2026-02-20 14:05:00+05:30,2026-02-20 14:07:00+05:30,2,+1 (short synth),60900,547.3,205.15,61209.4,574.1,195.0,61278.6,32.75,0.5,30,967.5,1236.03,-268.53,Revert,2026-02
20260223,2026-02-23 12:29:00+05:30,2026-02-23 12:30:00+05:30,1,-1 (long synth),61400,128.4,453.75,61100.0,121.3,473.75,61045.2,-25.35,2.35,30,831.0,1222.05,-391.05,Revert,2026-02
20260223,2026-02-23 12:46:00+05:30,2026-02-23 12:49:00+05:30,3,-1 (long synth),61400,156.45,383.8,61204.2,145.25,402.1,61143.4,-31.55,-0.25,30,939.0,1220.84,-281.84,Revert,2026-02
20260224,2026-02-24 14:22:00+05:30,2026-02-24 14:24:00+05:30,2,-1 (long synth),61200,57.2,126.1,61160.0,23.8,189.2,61030.8,-28.9,3.8,30,981.0,1194.68,-213.68,Revert,2026-02
20260226,2026-02-26 10:55:00+05:30,2026-02-26 10:56:00+05:30,1,-1 (long synth),61500,768.65,870.1,61430.0,763.6,880.0,61386.0,-31.45,-2.4,30,871.5,1302.85,-431.35,Revert,2026-02
20260302,2026-03-02 11:08:00+05:30,2026-03-02 11:12:00+05:30,4,+1 (short synth),60600,733.6,1051.2,60253.6,713.55,1071.8,60238.4,28.8,3.35,30,763.5,1293.24,-529.74,Revert,2026-03
20260302,2026-03-02 11:51:00+05:30,2026-03-02 11:53:00+05:30,2,+1 (short synth),60600,711.0,1076.2,60207.0,705.7,1098.15,60204.4,27.8,3.15,30,739.5,1292.62,-553.12,Revert,2026-03
20260302,2026-03-02 12:08:00+05:30,2026-03-02 12:09:00+05:30,1,+1 (short synth),60600,700.25,1112.75,60162.0,695.85,1122.75,60168.6,25.5,4.5,30,630.0,1293.69,-663.69,Revert,2026-03
20260302,2026-03-02 12:47:00+05:30,2026-03-02 12:50:00+05:30,3,+1 (short synth),60600,685.7,1184.05,60071.2,681.9,1210.0,60071.8,30.45,0.1,30,910.5,1296.18,-385.68,Revert,2026-03
20260302,2026-03-02 13:02:00+05:30,2026-03-02 13:32:00+05:30,30,+1 (short synth),60600,695.9,1190.0,60080.6,639.6,1275.05,59950.0,25.3,14.55,30,322.5,1297.49,-974.99,MaxHold,2026-03
20260302,2026-03-02 13:39:00+05:30,2026-03-02 14:05:00+05:30,26,+1 (short synth),60600,651.95,1261.8,59960.6,664.35,1231.85,60028.0,29.55,4.5,30,751.5,1297.43,-545.93,Revert,2026-03
20260302,2026-03-02 14:08:00+05:30,2026-03-02 14:12:00+05:30,4,+1 (short synth),60600,681.9,1191.3,60048.0,710.45,1186.0,60121.2,42.6,3.25,30,1180.5,1296.03,-115.53,Revert,2026-03
20260302,2026-03-02 14:31:00+05:30,2026-03-02 14:35:00+05:30,4,+1 (short synth),60600,696.75,1219.0,60046.8,728.05,1149.4,60180.0,30.95,-1.35,30,969.0,1299.04,-330.04,Revert,2026-03
20260302,2026-03-02 14:49:00+05:30,2026-03-02 14:50:00+05:30,1,+1 (short synth),60600,744.15,1088.95,60229.4,743.3,1090.55,60252.2,25.8,0.55,30,757.5,1296.27,-538.77,Revert,2026-03
20260302,2026-03-02 14:57:00+05:30,2026-03-02 15:04:00+05:30,7,+1 (short synth),60600,724.8,1109.25,60180.0,709.65,1122.15,60182.8,35.55,4.7,30,925.5,1295.49,-369.99,Revert,2026-03
20260302,2026-03-02 15:23:00+05:30,2026-03-02 15:24:00+05:30,1,+1 (short synth),60600,739.2,1103.0,60208.6,736.95,1104.45,60214.8,27.6,17.7,30,297.0,1296.56,-999.56,EOD,2026-03
20260304,2026-03-04 09:32:00+05:30,2026-03-04 09:35:00+05:30,3,+1 (short synth),59200,1084.8,1127.55,59131.4,1054.35,1179.8,59072.6,25.85,1.95,30,717.0,1304.58,-587.58,Revert,2026-03
20260304,2026-03-04 09:46:00+05:30,2026-03-04 10:16:00+05:30,30,+1 (short synth),59200,1048.35,1179.0,59040.0,1026.75,1171.2,59043.4,29.35,12.15,30,516.0,1304.1,-788.1,MaxHold,2026-03
20260304,2026-03-04 10:17:00+05:30,2026-03-04 10:20:00+05:30,3,+1 (short synth),59200,1012.55,1184.7,58993.8,1031.45,1167.65,59060.4,34.05,3.4,30,919.5,1301.17,-381.67,Revert,2026-03
20260304,2026-03-04 10:25:00+05:30,2026-03-04 10:31:00+05:30,6,+1 (short synth),59200,1022.7,1169.4,59028.2,1018.0,1168.55,59048.0,25.1,1.45,30,709.5,1301.39,-591.89,Revert,2026-03
20260304,2026-03-04 10:32:00+05:30,2026-03-04 11:02:00+05:30,30,+1 (short synth),59200,1015.95,1173.0,59016.2,1006.55,1189.1,58991.6,26.75,25.85,30,27.0,1300.96,-1273.96,MaxHold,2026-03
20260304,2026-03-04 11:02:00+05:30,2026-03-04 11:10:00+05:30,8,+1 (short synth),59200,1006.55,1189.1,58991.6,1028.8,1171.0,59057.4,25.85,0.4,30,763.5,1301.02,-537.52,Revert,2026-03
20260304,2026-03-04 11:16:00+05:30,2026-03-04 11:35:00+05:30,19,+1 (short synth),59200,1009.9,1209.45,58974.4,987.05,1264.55,58922.8,26.05,-0.3,30,790.5,1302.41,-511.91,Revert,2026-03
20260304,2026-03-04 11:36:00+05:30,2026-03-04 11:39:00+05:30,3,+1 (short synth),59200,987.0,1243.2,58916.6,986.35,1261.7,58927.8,27.2,-3.15,30,910.5,1302.2,-391.7,Revert,2026-03
20260304,2026-03-04 11:44:00+05:30,2026-03-04 12:04:00+05:30,20,+1 (short synth),59200,988.05,1274.0,58880.0,991.35,1270.55,58919.2,34.05,1.6,30,973.5,1303.84,-330.34,Revert,2026-03
20260304,2026-03-04 12:12:00+05:30,2026-03-04 12:30:00+05:30,18,+1 (short synth),59200,984.7,1267.9,58888.4,976.7,1291.05,58889.0,28.4,-3.35,30,952.5,1303.31,-350.81,Revert,2026-03
20260304,2026-03-04 12:37:00+05:30,2026-03-04 12:39:00+05:30,2,+1 (short synth),59200,992.4,1257.8,58903.6,984.95,1274.35,58905.8,31.0,4.8,30,786.0,1303.4,-517.4,Revert,2026-03
20260304,2026-03-04 12:41:00+05:30,2026-03-04 12:42:00+05:30,1,+1 (short synth),59200,982.8,1274.35,58880.2,973.95,1290.85,58880.0,28.25,3.1,30,754.5,1303.5,-549.0,Revert,2026-03
20260304,2026-03-04 13:00:00+05:30,2026-03-04 13:09:00+05:30,9,+1 (short synth),59200,1008.75,1212.0,58967.4,1021.75,1212.15,59013.4,29.35,-3.8,30,994.5,1302.39,-307.89,Revert,2026-03
20260304,2026-03-04 13:17:00+05:30,2026-03-04 13:19:00+05:30,2,+1 (short synth),59200,1032.2,1182.95,59021.4,1022.0,1192.85,59027.4,27.85,1.75,30,783.0,1302.91,-519.91,Revert,2026-03
20260304,2026-03-04 13:22:00+05:30,2026-03-04 13:29:00+05:30,7,+1 (short synth),59200,1022.7,1178.25,59018.8,1030.4,1192.35,59038.0,25.65,0.05,30,768.0,1301.86,-533.86,Revert,2026-03
20260304,2026-03-04 13:36:00+05:30,2026-03-04 14:04:00+05:30,28,+1 (short synth),59200,1036.2,1187.45,59021.2,1050.2,1181.5,59065.0,27.55,3.7,30,715.5,1303.51,-588.01,Revert,2026-03
20260304,2026-03-04 14:08:00+05:30,2026-03-04 14:38:00+05:30,30,+1 (short synth),59200,1072.3,1160.35,59086.8,1156.15,1116.25,59228.0,25.15,11.9,30,397.5,1305.27,-907.77,MaxHold,2026-03
20260304,2026-03-04 14:42:00+05:30,2026-03-04 14:51:00+05:30,9,+1 (short synth),59200,1187.25,1095.15,59266.8,1235.85,1072.15,59360.4,25.3,3.3,30,660.0,1311.87,-651.87,Revert,2026-03
20260304,2026-03-04 14:58:00+05:30,2026-03-04 15:24:00+05:30,26,+1 (short synth),59200,1216.45,1090.25,59291.0,1073.1,1162.65,59083.0,35.2,27.45,30,232.5,1314.01,-1081.51,EOD,2026-03
20260305,2026-03-05 09:33:00+05:30,2026-03-05 09:43:00+05:30,10,+1 (short synth),59200,1064.0,984.05,59251.4,1074.75,980.0,59289.8,28.55,4.95,30,708.0,1294.93,-586.93,Revert,2026-03
20260305,2026-03-05 10:00:00+05:30,2026-03-05 10:01:00+05:30,1,+1 (short synth),59200,1067.6,995.6,59246.6,1037.25,1005.55,59231.2,25.4,0.5,30,747.0,1295.93,-548.93,Revert,2026-03
20260305,2026-03-05 10:06:00+05:30,2026-03-05 10:11:00+05:30,5,+1 (short synth),59200,1075.0,982.05,59265.0,1063.35,986.15,59275.2,27.95,2.0,30,778.5,1295.8,-517.3,Revert,2026-03
20260305,2026-03-05 10:12:00+05:30,2026-03-05 10:13:00+05:30,1,+1 (short synth),59200,1069.95,980.5,59260.0,1061.55,990.0,59270.2,29.45,1.35,30,843.0,1295.25,-452.25,Revert,2026-03
20260305,2026-03-05 10:17:00+05:30,2026-03-05 10:19:00+05:30,2,+1 (short synth),59200,1080.0,972.0,59280.0,1054.3,998.15,59256.2,28.0,-0.05,30,841.5,1295.7,-454.2,Revert,2026-03
20260305,2026-03-05 10:56:00+05:30,2026-03-05 10:57:00+05:30,1,+1 (short synth),59200,1063.75,976.0,59261.0,1056.0,985.3,59266.4,26.75,4.3,30,673.5,1294.5,-621.0,Revert,2026-03
20260305,2026-03-05 11:14:00+05:30,2026-03-05 11:28:00+05:30,14,+1 (short synth),59200,1120.0,916.0,59378.4,1053.05,969.85,59279.4,25.6,3.8,30,654.0,1296.23,-642.23,Revert,2026-03
20260305,2026-03-05 12:01:00+05:30,2026-03-05 12:21:00+05:30,20,+1 (short synth),59200,949.3,1093.25,59030.8,981.15,1036.35,59144.8,25.25,-0.0,30,757.5,1290.79,-533.29,Revert,2026-03
20260305,2026-03-05 12:46:00+05:30,2026-03-05 12:48:00+05:30,2,+1 (short synth),59200,947.95,1058.0,59061.2,945.7,1057.8,59085.4,28.75,2.5,30,787.5,1288.7,-501.2,Revert,2026-03
20260305,2026-03-05 13:24:00+05:30,2026-03-05 13:25:00+05:30,1,+1 (short synth),59200,979.1,1014.8,59134.0,983.5,1014.0,59166.0,30.3,3.5,30,804.0,1289.08,-485.08,Revert,2026-03
20260305,2026-03-05 13:43:00+05:30,2026-03-05 13:44:00+05:30,1,+1 (short synth),59200,919.6,1082.8,59010.0,914.0,1095.7,59015.0,26.8,3.3,30,705.0,1287.58,-582.58,Revert,2026-03
20260305,2026-03-05 14:09:00+05:30,2026-03-05 14:11:00+05:30,2,+1 (short synth),59200,870.0,1155.8,58880.6,870.0,1173.2,58897.4,33.6,-0.6,30,1026.0,1287.04,-261.04,Revert,2026-03
20260305,2026-03-05 14:12:00+05:30,2026-03-05 14:14:00+05:30,2,+1 (short synth),59200,876.5,1177.2,58871.0,868.6,1179.3,58890.8,28.3,-1.5,30,894.0,1288.86,-394.86,Revert,2026-03
20260305,2026-03-05 14:28:00+05:30,2026-03-05 14:38:00+05:30,10,+1 (short synth),59200,923.25,1038.7,59059.0,934.45,1002.2,59132.4,25.55,-0.15,30,771.0,1285.53,-514.53,Revert,2026-03
20260305,2026-03-05 14:46:00+05:30,2026-03-05 14:50:00+05:30,4,+1 (short synth),59200,1018.6,910.8,59281.2,1050.0,865.2,59381.4,26.6,3.4,30,696.0,1286.99,-590.99,Revert,2026-03
20260305,2026-03-05 14:55:00+05:30,2026-03-05 15:08:00+05:30,13,+1 (short synth),59200,1159.8,758.6,59573.0,1091.2,837.7,59451.2,28.2,2.3,30,777.0,1291.17,-514.17,Revert,2026-03
20260305,2026-03-05 15:17:00+05:30,2026-03-05 15:18:00+05:30,1,+1 (short synth),59200,1058.25,910.0,59321.8,1034.05,938.25,59300.0,26.45,-4.2,30,919.5,1290.45,-370.95,Revert,2026-03
20260305,2026-03-05 15:19:00+05:30,2026-03-05 15:24:00+05:30,5,+1 (short synth),59200,1032.95,939.7,59268.0,986.35,967.3,59206.2,25.25,12.85,30,372.0,1289.85,-917.85,EOD,2026-03
20260306,2026-03-06 10:38:00+05:30,2026-03-06 10:41:00+05:30,3,+1 (short synth),58900,966.5,1125.9,58713.0,966.15,1132.0,58734.8,27.6,-0.65,30,847.5,1288.93,-441.43,Revert,2026-03
20260306,2026-03-06 11:22:00+05:30,2026-03-06 11:24:00+05:30,2,+1 (short synth),58900,954.3,1138.8,58685.2,944.65,1158.75,58683.2,30.3,2.7,30,828.0,1288.51,-460.51,Revert,2026-03
20260306,2026-03-06 12:07:00+05:30,2026-03-06 12:10:00+05:30,3,+1 (short synth),58900,954.15,1136.1,58692.6,952.0,1124.25,58724.8,25.45,2.95,30,675.0,1288.43,-613.43,Revert,2026-03
20260306,2026-03-06 12:11:00+05:30,2026-03-06 12:29:00+05:30,18,+1 (short synth),58900,955.25,1123.85,58705.0,903.3,1231.0,58570.0,26.4,2.3,30,723.0,1287.85,-564.85,Revert,2026-03
20260306,2026-03-06 12:51:00+05:30,2026-03-06 12:52:00+05:30,1,+1 (short synth),58900,937.95,1148.95,58660.0,935.0,1162.15,58674.0,29.0,-1.15,30,904.5,1287.64,-383.14,Revert,2026-03
20260306,2026-03-06 13:04:00+05:30,2026-03-06 13:28:00+05:30,24,+1 (short synth),58900,921.8,1184.0,58612.2,920.35,1189.35,58631.2,25.6,-0.2,30,774.0,1288.17,-514.17,Revert,2026-03
20260306,2026-03-06 13:33:00+05:30,2026-03-06 14:01:00+05:30,28,+1 (short synth),58900,918.85,1203.05,58590.0,918.45,1246.1,58569.0,25.8,3.35,30,673.5,1288.94,-615.44,Revert,2026-03
20260306,2026-03-06 14:03:00+05:30,2026-03-06 14:07:00+05:30,4,+1 (short synth),58900,915.6,1230.35,58552.2,906.95,1257.4,58550.4,33.05,-0.85,30,1017.0,1290.01,-273.01,Revert,2026-03
20260306,2026-03-06 14:18:00+05:30,2026-03-06 14:26:00+05:30,8,+1 (short synth),58900,925.0,1198.1,58601.0,922.2,1204.7,58613.4,25.9,4.1,30,654.0,1289.21,-635.21,Revert,2026-03
20260306,2026-03-06 14:35:00+05:30,2026-03-06 15:05:00+05:30,30,+1 (short synth),58900,897.4,1241.25,58525.0,761.8,1496.1,58129.8,31.15,35.9,30,-142.5,1289.03,-1431.53,MaxHold,2026-03
20260306,2026-03-06 15:05:00+05:30,2026-03-06 15:24:00+05:30,19,+1 (short synth),58900,761.8,1496.1,58129.8,729.85,1529.6,58041.6,35.9,58.65,30,-682.5,1290.79,-1973.29,EOD,2026-03
20260309,2026-03-09 09:31:00+05:30,2026-03-09 09:41:00+05:30,10,+1 (short synth),55900,1472.9,1401.5,55940.4,1431.6,1537.2,55789.6,31.0,4.8,30,786.0,1297.43,-511.43,Revert,2026-03
20260309,2026-03-09 09:45:00+05:30,2026-03-09 09:55:00+05:30,10,+1 (short synth),55900,1358.45,1671.35,55555.4,1412.25,1572.45,55740.2,31.7,-0.4,30,963.0,1301.95,-338.95,Revert,2026-03
20260309,2026-03-09 10:19:00+05:30,2026-03-09 10:35:00+05:30,16,+1 (short synth),55900,1396.1,1579.1,55682.0,1338.85,1638.0,55600.0,35.0,0.85,30,1024.5,1300.21,-275.71,Revert,2026-03
20260309,2026-03-09 10:37:00+05:30,2026-03-09 10:42:00+05:30,5,+1 (short synth),55900,1389.85,1586.5,55658.2,1363.4,1615.0,55649.4,45.15,-1.0,30,1384.5,1299.89,84.61,Revert,2026-03
20260309,2026-03-09 10:50:00+05:30,2026-03-09 11:06:00+05:30,16,+1 (short synth),55900,1423.95,1557.5,55740.0,1539.5,1374.95,56060.0,26.45,4.55,30,657.0,1301.64,-644.64,Revert,2026-03
20260309,2026-03-09 12:18:00+05:30,2026-03-09 12:21:00+05:30,3,+1 (short synth),55900,1525.05,1405.05,55994.0,1505.15,1428.55,55972.4,26.0,4.2,30,654.0,1302.31,-648.31,Revert,2026-03
20260309,2026-03-09 13:26:00+05:30,2026-03-09 13:33:00+05:30,7,+1 (short synth),55900,1595.3,1384.85,56082.0,1656.35,1325.25,56228.4,28.45,2.7,30,772.5,1307.37,-534.87,Revert,2026-03
20260309,2026-03-09 13:35:00+05:30,2026-03-09 13:36:00+05:30,1,+1 (short synth),55900,1632.0,1345.1,56157.8,1612.5,1377.65,56131.4,29.1,3.45,30,769.5,1308.44,-538.94,Revert,2026-03
20260309,2026-03-09 13:37:00+05:30,2026-03-09 14:01:00+05:30,24,+1 (short synth),55900,1626.0,1360.0,56140.0,1535.0,1448.5,55982.6,26.0,3.9,30,663.0,1308.77,-645.77,Revert,2026-03
20260309,2026-03-09 14:02:00+05:30,2026-03-09 14:09:00+05:30,7,+1 (short synth),55900,1520.3,1460.8,55933.6,1540.05,1442.8,55998.2,25.9,-0.95,30,805.5,1304.91,-499.41,Revert,2026-03
20260309,2026-03-09 14:10:00+05:30,2026-03-09 14:11:00+05:30,1,+1 (short synth),55900,1547.35,1417.85,56002.0,1535.8,1449.5,55981.8,27.5,4.5,30,690.0,1304.94,-614.94,Revert,2026-03
20260309,2026-03-09 14:23:00+05:30,2026-03-09 14:26:00+05:30,3,+1 (short synth),55900,1525.1,1433.0,55964.4,1551.05,1402.0,56050.0,27.7,-0.95,30,859.5,1303.8,-444.3,Revert,2026-03
20260309,2026-03-09 14:27:00+05:30,2026-03-09 14:43:00+05:30,16,+1 (short synth),55900,1546.05,1390.75,56030.0,1571.0,1346.5,56127.2,25.3,-2.7,30,840.0,1303.4,-463.4,Revert,2026-03
20260309,2026-03-09 14:47:00+05:30,2026-03-09 14:57:00+05:30,10,+1 (short synth),55900,1642.45,1281.55,56234.4,1617.05,1266.5,56247.4,26.5,3.15,30,700.5,1305.96,-605.46,Revert,2026-03
20260309,2026-03-09 14:59:00+05:30,2026-03-09 15:00:00+05:30,1,+1 (short synth),55900,1630.0,1262.5,56240.0,1592.85,1292.45,56195.4,27.5,5.0,30,675.0,1303.82,-628.82,Revert,2026-03
20260309,2026-03-09 15:02:00+05:30,2026-03-09 15:07:00+05:30,5,+1 (short synth),55900,1631.7,1245.55,56254.0,1630.1,1232.35,56300.0,32.15,-2.25,30,1032.0,1302.97,-270.97,Revert,2026-03
20260309,2026-03-09 15:09:00+05:30,2026-03-09 15:17:00+05:30,8,+1 (short synth),55900,1658.65,1230.1,56303.0,1667.1,1230.25,56339.6,25.55,-2.75,30,849.0,1304.62,-455.62,Revert,2026-03
20260310,2026-03-10 09:36:00+05:30,2026-03-10 09:43:00+05:30,7,+1 (short synth),56800,1116.4,1206.6,56679.2,1142.15,1172.15,56769.8,30.6,0.2,30,912.0,1270.76,-358.76,Revert,2026-03
20260310,2026-03-10 09:54:00+05:30,2026-03-10 09:57:00+05:30,3,+1 (short synth),56800,1178.05,1127.8,56825.0,1155.8,1174.6,56777.0,25.25,4.2,30,631.5,1272.02,-640.52,Revert,2026-03
20260310,2026-03-10 10:06:00+05:30,2026-03-10 10:12:00+05:30,6,+1 (short synth),56800,1184.2,1145.05,56812.4,1206.4,1118.75,56887.0,26.75,0.65,30,783.0,1273.47,-490.47,Revert,2026-03
20260310,2026-03-10 10:28:00+05:30,2026-03-10 10:42:00+05:30,14,+1 (short synth),56800,1286.35,1022.85,57031.0,1309.1,984.0,57121.0,32.5,4.1,30,852.0,1275.76,-423.76,Revert,2026-03
20260310,2026-03-10 10:56:00+05:30,2026-03-10 10:59:00+05:30,3,+1 (short synth),56800,1257.65,1005.3,57025.4,1275.4,1000.55,57075.0,26.95,-0.15,30,813.0,1272.37,-459.37,Revert,2026-03
20260310,2026-03-10 11:05:00+05:30,2026-03-10 11:09:00+05:30,4,+1 (short synth),56800,1279.75,995.45,57058.2,1295.45,979.95,57119.6,26.1,-4.1,30,906.0,1273.8,-367.8,Revert,2026-03
20260310,2026-03-10 11:13:00+05:30,2026-03-10 11:16:00+05:30,3,+1 (short synth),56800,1300.3,967.7,57103.8,1304.95,959.55,57144.8,28.8,0.6,30,846.0,1274.06,-428.06,Revert,2026-03
20260310,2026-03-10 12:45:00+05:30,2026-03-10 12:47:00+05:30,2,+1 (short synth),56800,1205.0,1022.5,56951.6,1222.55,1003.35,57016.0,30.9,3.2,30,831.0,1268.59,-437.59,Revert,2026-03
20260310,2026-03-10 13:01:00+05:30,2026-03-10 13:02:00+05:30,1,+1 (short synth),56800,1303.0,926.05,57150.4,1305.75,925.35,57183.4,26.55,-3.0,30,886.5,1272.08,-385.58,Revert,2026-03
20260310,2026-03-10 13:03:00+05:30,2026-03-10 13:06:00+05:30,3,+1 (short synth),56800,1334.15,914.15,57194.0,1284.35,958.75,57125.4,26.0,0.2,30,774.0,1274.2,-500.2,Revert,2026-03
20260310,2026-03-10 13:30:00+05:30,2026-03-10 13:31:00+05:30,1,+1 (short synth),56800,1320.0,925.45,57150.0,1303.1,935.7,57169.2,44.55,-1.8,30,1390.5,1273.24,117.26,Revert,2026-03
20260310,2026-03-10 13:43:00+05:30,2026-03-10 13:45:00+05:30,2,+1 (short synth),56800,1320.0,925.0,57169.8,1292.0,939.15,57150.0,25.2,2.85,30,670.5,1273.55,-603.05,Revert,2026-03
20260310,2026-03-10 14:06:00+05:30,2026-03-10 14:09:00+05:30,3,+1 (short synth),56800,1319.2,922.95,57169.2,1380.25,901.8,57278.6,27.05,-0.15,30,816.0,1273.34,-457.34,Revert,2026-03
20260310,2026-03-10 14:21:00+05:30,2026-03-10 14:25:00+05:30,4,+1 (short synth),56800,1345.0,900.1,57210.2,1338.8,899.0,57236.0,34.7,3.8,30,927.0,1274.24,-347.24,Revert,2026-03
20260311,2026-03-11 10:20:00+05:30,2026-03-11 10:21:00+05:30,1,+1 (short synth),56900,1042.7,1115.55,56798.4,1029.0,1135.0,56790.2,28.75,3.8,30,748.5,1261.06,-512.56,Revert,2026-03
20260311,2026-03-11 12:07:00+05:30,2026-03-11 12:09:00+05:30,2,+1 (short synth),56900,875.7,1411.0,56336.0,880.0,1410.0,56365.2,28.7,4.8,30,717.0,1262.34,-545.34,Revert,2026-03
20260311,2026-03-11 12:14:00+05:30,2026-03-11 12:17:00+05:30,3,-1 (long synth),56900,877.55,1410.0,56394.0,888.8,1385.05,56406.0,-26.45,-2.25,30,726.0,1263.38,-537.38,Revert,2026-03
20260311,2026-03-11 12:54:00+05:30,2026-03-11 12:58:00+05:30,4,+1 (short synth),56900,884.95,1389.0,56370.2,876.4,1434.1,56340.0,25.75,2.3,30,703.5,1262.01,-558.51,Revert,2026-03
20260311,2026-03-11 13:15:00+05:30,2026-03-11 13:21:00+05:30,6,+1 (short synth),56900,835.35,1534.2,56156.6,843.05,1539.5,56202.6,44.55,0.95,30,1308.0,1265.18,42.82,Revert,2026-03
20260311,2026-03-11 13:31:00+05:30,2026-03-11 13:35:00+05:30,4,+1 (short synth),56900,879.95,1446.0,56300.0,857.3,1499.35,56257.0,33.95,0.95,30,990.0,1264.52,-274.52,Revert,2026-03
20260311,2026-03-11 13:36:00+05:30,2026-03-11 13:38:00+05:30,2,+1 (short synth),56900,857.3,1478.9,56250.0,845.7,1531.25,56210.0,28.4,4.45,30,718.5,1264.4,-545.9,Revert,2026-03
20260311,2026-03-11 13:44:00+05:30,2026-03-11 13:46:00+05:30,2,+1 (short synth),56900,853.75,1506.0,56215.4,834.95,1551.25,56181.0,32.35,2.7,30,889.5,1265.49,-375.99,Revert,2026-03
20260311,2026-03-11 13:55:00+05:30,2026-03-11 13:56:00+05:30,1,+1 (short synth),56900,859.3,1475.55,56253.4,858.4,1502.7,56254.6,30.35,1.1,30,877.5,1264.36,-386.86,Revert,2026-03
20260311,2026-03-11 14:26:00+05:30,2026-03-11 14:35:00+05:30,9,+1 (short synth),56900,783.65,1587.75,56070.0,796.0,1559.05,56136.2,25.9,0.75,30,754.5,1263.84,-509.34,Revert,2026-03
20260311,2026-03-11 14:39:00+05:30,2026-03-11 14:42:00+05:30,3,+1 (short synth),56900,812.6,1506.35,56181.0,803.2,1523.4,56180.0,25.25,-0.2,30,763.5,1262.0,-498.5,Revert,2026-03
20260311,2026-03-11 14:47:00+05:30,2026-03-11 14:59:00+05:30,12,+1 (short synth),56900,798.3,1509.9,56152.2,771.15,1642.0,56029.8,36.2,-0.65,30,1105.5,1260.74,-155.24,Revert,2026-03
20260311,2026-03-11 15:02:00+05:30,2026-03-11 15:03:00+05:30,1,+1 (short synth),56900,774.0,1583.9,56061.6,776.3,1586.45,56090.4,28.5,-0.55,30,871.5,1262.74,-391.24,Revert,2026-03
20260311,2026-03-11 15:16:00+05:30,2026-03-11 15:24:00+05:30,8,+1 (short synth),56900,715.45,1640.0,55935.2,710.0,1672.25,55920.0,40.25,17.75,30,675.0,1260.41,-585.41,EOD,2026-03
20260312,2026-03-12 11:07:00+05:30,2026-03-12 11:11:00+05:30,4,+1 (short synth),55200,1402.85,1049.7,55525.8,1400.0,1051.65,55549.2,27.35,-0.85,30,846.0,1260.36,-414.36,Revert,2026-03
20260312,2026-03-12 11:45:00+05:30,2026-03-12 11:46:00+05:30,1,+1 (short synth),55200,1320.0,1107.9,55384.6,1312.9,1120.25,55391.0,27.5,1.65,30,775.5,1256.21,-480.71,Revert,2026-03
20260312,2026-03-12 12:09:00+05:30,2026-03-12 12:11:00+05:30,2,+1 (short synth),55200,1303.5,1077.5,55400.0,1277.0,1107.15,55373.0,26.0,-3.15,30,874.5,1253.13,-378.63,Revert,2026-03
20260312,2026-03-12 12:14:00+05:30,2026-03-12 12:15:00+05:30,1,+1 (short synth),55200,1349.95,1045.3,55473.6,1337.65,1051.45,55489.8,31.05,-3.6,30,1039.5,1255.4,-215.9,Revert,2026-03
20260312,2026-03-12 13:33:00+05:30,2026-03-12 13:36:00+05:30,3,+1 (short synth),55200,1500.7,890.0,55780.0,1490.6,899.05,55788.4,30.7,3.15,30,826.5,1260.28,-433.78,Revert,2026-03
20260313,2026-03-13 10:28:00+05:30,2026-03-13 10:33:00+05:30,5,-1 (long synth),54700,1033.95,1393.7,54367.8,1010.75,1412.35,54295.0,-27.55,3.4,30,928.5,1238.9,-310.4,Revert,2026-03
20260313,2026-03-13 13:18:00+05:30,2026-03-13 13:22:00+05:30,4,+1 (short synth),54700,906.15,1550.55,54021.8,912.25,1566.35,54044.0,33.8,1.9,30,957.0,1235.08,-278.08,Revert,2026-03
20260313,2026-03-13 13:26:00+05:30,2026-03-13 13:50:00+05:30,24,+1 (short synth),54700,904.05,1596.2,53982.0,880.95,1624.25,53953.2,25.85,3.5,30,670.5,1237.5,-567.0,Revert,2026-03
20260313,2026-03-13 13:54:00+05:30,2026-03-13 14:02:00+05:30,8,+1 (short synth),54700,888.3,1651.75,53906.0,886.4,1635.6,53946.8,30.55,4.0,30,796.5,1239.04,-442.54,Revert,2026-03
20260313,2026-03-13 14:15:00+05:30,2026-03-13 14:16:00+05:30,1,+1 (short synth),54700,925.3,1549.85,54050.2,915.2,1555.55,54060.0,25.25,-0.35,30,768.0,1236.88,-468.88,Revert,2026-03
20260313,2026-03-13 14:17:00+05:30,2026-03-13 14:31:00+05:30,14,+1 (short synth),54700,919.15,1540.85,54048.0,967.75,1450.0,54220.0,30.3,-2.25,30,976.5,1235.76,-259.26,Revert,2026-03
20260313,2026-03-13 14:38:00+05:30,2026-03-13 14:58:00+05:30,20,+1 (short synth),54700,956.85,1420.6,54187.2,912.05,1585.95,54022.6,49.05,3.5,30,1366.5,1232.25,134.25,Revert,2026-03
20260313,2026-03-13 15:02:00+05:30,2026-03-13 15:17:00+05:30,15,+1 (short synth),54700,917.8,1573.45,54019.2,878.7,1625.15,53949.8,25.15,3.75,30,642.0,1237.5,-595.5,Revert,2026-03
20260316,2026-03-16 09:49:00+05:30,2026-03-16 10:19:00+05:30,30,+1 (short synth),54100,1253.35,1043.5,54284.2,1087.25,1233.9,53948.0,25.65,5.35,30,609.0,1228.17,-619.17,MaxHold,2026-03
20260316,2026-03-16 10:23:00+05:30,2026-03-16 10:32:00+05:30,9,+1 (short synth),54100,1046.15,1287.75,53832.6,1045.7,1300.0,53843.0,25.8,2.7,30,693.0,1223.13,-530.13,Revert,2026-03
20260316,2026-03-16 10:59:00+05:30,2026-03-16 11:01:00+05:30,2,+1 (short synth),54100,948.95,1404.9,53619.0,943.6,1409.2,53631.8,25.05,2.6,30,673.5,1220.91,-547.41,Revert,2026-03
20260316,2026-03-16 11:47:00+05:30,2026-03-16 11:48:00+05:30,1,+1 (short synth),54100,1096.2,1232.9,53933.2,1108.0,1222.05,53986.8,30.1,-0.85,30,928.5,1224.49,-295.99,Revert,2026-03
20260316,2026-03-16 11:55:00+05:30,2026-03-16 11:56:00+05:30,1,+1 (short synth),54100,1076.5,1257.95,53889.6,1078.6,1238.55,53939.0,28.95,1.05,30,837.0,1224.13,-387.13,Revert,2026-03
20260316,2026-03-16 12:11:00+05:30,2026-03-16 12:13:00+05:30,2,+1 (short synth),54100,1077.05,1233.5,53917.0,1078.7,1219.65,53961.2,26.55,-2.15,30,861.0,1222.9,-361.9,Revert,2026-03
20260316,2026-03-16 12:29:00+05:30,2026-03-16 12:37:00+05:30,8,+1 (short synth),54100,1101.6,1197.7,53978.6,1031.0,1254.15,53875.8,25.3,1.05,30,727.5,1223.15,-495.65,Revert,2026-03
20260316,2026-03-16 12:49:00+05:30,2026-03-16 12:51:00+05:30,2,+1 (short synth),54100,989.95,1331.7,53728.6,972.65,1348.85,53720.2,29.65,3.6,30,781.5,1220.49,-438.99,Revert,2026-03
20260316,2026-03-16 12:56:00+05:30,2026-03-16 13:02:00+05:30,6,+1 (short synth),54100,1010.0,1295.1,53784.0,1055.95,1248.95,53909.0,30.9,-2.0,30,987.0,1220.25,-233.25,Revert,2026-03
20260316,2026-03-16 13:04:00+05:30,2026-03-16 13:08:00+05:30,4,+1 (short synth),54100,1022.0,1287.35,53803.0,1010.6,1300.45,53808.0,31.65,2.15,30,885.0,1220.88,-335.88,Revert,2026-03
20260316,2026-03-16 13:10:00+05:30,2026-03-16 13:19:00+05:30,9,+1 (short synth),54100,1013.95,1310.3,53767.6,1028.85,1276.05,53849.8,36.05,3.0,30,991.5,1221.33,-229.83,Revert,2026-03
20260316,2026-03-16 13:20:00+05:30,2026-03-16 13:25:00+05:30,5,+1 (short synth),54100,1041.65,1263.05,53851.2,1047.85,1253.75,53894.8,27.4,-0.7,30,843.0,1221.36,-378.36,Revert,2026-03
20260316,2026-03-16 13:31:00+05:30,2026-03-16 13:33:00+05:30,2,+1 (short synth),54100,1026.15,1245.05,53843.8,1026.4,1273.75,53850.0,37.3,2.65,30,1039.5,1218.85,-179.35,Revert,2026-03
20260316,2026-03-16 13:43:00+05:30,2026-03-16 13:47:00+05:30,4,+1 (short synth),54100,1044.25,1237.45,53879.2,1020.4,1283.4,53835.0,27.6,2.0,30,768.0,1220.2,-452.2,Revert,2026-03
20260316,2026-03-16 13:56:00+05:30,2026-03-16 14:15:00+05:30,19,+1 (short synth),54100,1026.6,1253.45,53847.4,1033.55,1230.1,53900.0,25.75,3.45,30,669.0,1219.55,-550.55,Revert,2026-03
20260316,2026-03-16 14:17:00+05:30,2026-03-16 14:25:00+05:30,8,+1 (short synth),54100,1042.3,1224.1,53892.8,1229.9,1046.05,54284.8,25.4,-0.95,30,790.5,1219.35,-428.85,Revert,2026-03
20260316,2026-03-16 14:41:00+05:30,2026-03-16 14:42:00+05:30,1,+1 (short synth),54100,1343.75,947.15,54471.2,1348.65,936.2,54510.0,25.4,2.45,30,688.5,1230.93,-542.43,Revert,2026-03
20260316,2026-03-16 14:54:00+05:30,2026-03-16 14:57:00+05:30,3,+1 (short synth),54100,1454.4,878.0,54650.6,1425.3,900.1,54626.4,25.8,-1.2,30,810.0,1236.93,-426.93,Revert,2026-03
20260316,2026-03-16 15:22:00+05:30,2026-03-16 15:23:00+05:30,1,+1 (short synth),54100,1370.8,940.45,54502.0,1345.9,956.5,54485.0,28.35,4.4,30,718.5,1232.9,-514.4,Revert,2026-03
20260317,2026-03-17 09:44:00+05:30,2026-03-17 09:49:00+05:30,5,+1 (short synth),54300,1118.75,943.2,54449.4,1152.7,914.55,54535.8,26.15,2.35,30,714.0,1214.26,-500.26,Revert,2026-03
20260317,2026-03-17 10:44:00+05:30,2026-03-17 10:49:00+05:30,5,+1 (short synth),54300,1140.85,904.65,54506.0,1193.6,834.7,54657.4,30.2,1.5,30,861.0,1214.05,-353.05,Revert,2026-03
20260317,2026-03-17 11:00:00+05:30,2026-03-17 11:10:00+05:30,10,+1 (short synth),54300,1190.0,838.8,54625.0,1147.6,874.05,54576.0,26.2,-2.45,30,859.5,1214.89,-355.39,Revert,2026-03
20260317,2026-03-17 11:29:00+05:30,2026-03-17 11:33:00+05:30,4,+1 (short synth),54300,1054.0,979.95,54348.2,1044.4,988.9,54355.0,25.85,0.5,30,760.5,1210.55,-450.05,Revert,2026-03
20260317,2026-03-17 12:21:00+05:30,2026-03-17 12:22:00+05:30,1,+1 (short synth),54300,1075.0,936.45,54412.2,1076.9,928.8,54447.0,26.35,1.1,30,757.5,1210.03,-452.53,Revert,2026-03
20260317,2026-03-17 13:38:00+05:30,2026-03-17 13:46:00+05:30,8,+1 (short synth),54300,1224.2,786.8,54701.2,1205.45,801.15,54702.6,36.2,1.7,30,1035.0,1214.92,-179.92,Revert,2026-03
20260317,2026-03-17 13:54:00+05:30,2026-03-17 13:58:00+05:30,4,+1 (short synth),54300,1215.85,784.1,54700.0,1187.4,807.0,54677.2,31.75,3.2,30,856.5,1214.11,-357.61,Revert,2026-03
20260317,2026-03-17 14:20:00+05:30,2026-03-17 14:26:00+05:30,6,+1 (short synth),54300,1241.5,750.8,54760.0,1177.3,803.3,54670.8,30.7,3.2,30,825.0,1214.59,-389.59,Revert,2026-03
20260317,2026-03-17 14:37:00+05:30,2026-03-17 14:51:00+05:30,14,+1 (short synth),54300,1244.3,743.95,54771.2,1269.95,715.0,54855.8,29.15,-0.85,30,900.0,1214.49,-314.49,Revert,2026-03
20260318,2026-03-18 12:28:00+05:30,2026-03-18 12:33:00+05:30,5,+1 (short synth),55100,909.9,752.85,55229.8,943.05,734.6,55308.8,27.25,-0.35,30,828.0,1199.12,-371.12,Revert,2026-03
20260318,2026-03-18 15:01:00+05:30,2026-03-18 15:02:00+05:30,1,+1 (short synth),55100,996.25,655.0,55415.8,996.5,654.0,55442.0,25.45,0.5,30,748.5,1201.47,-452.97,Revert,2026-03
20260320,2026-03-20 12:47:00+05:30,2026-03-20 12:51:00+05:30,4,-1 (long synth),54400,743.75,1193.6,53989.0,724.55,1201.25,53924.2,-38.85,-0.9,30,1138.5,1197.56,-59.06,Revert,2026-03
20260320,2026-03-20 13:34:00+05:30,2026-03-20 13:35:00+05:30,1,+1 (short synth),54400,748.85,1114.15,54002.6,743.75,1130.75,54010.0,32.1,3.0,30,873.0,1192.51,-319.51,Revert,2026-03
20260320,2026-03-20 13:48:00+05:30,2026-03-20 13:49:00+05:30,1,+1 (short synth),54400,685.0,1188.7,53860.0,681.7,1214.05,53872.2,36.3,-4.55,30,1225.5,1190.84,34.66,Revert,2026-03
20260320,2026-03-20 14:06:00+05:30,2026-03-20 14:07:00+05:30,1,+1 (short synth),54400,717.0,1158.55,53929.2,705.45,1185.3,53921.0,29.25,-0.85,30,903.0,1192.15,-289.15,Revert,2026-03
20260320,2026-03-20 14:12:00+05:30,2026-03-20 14:20:00+05:30,8,+1 (short synth),54400,690.65,1170.0,53873.4,671.0,1226.45,53847.4,47.25,-2.85,30,1503.0,1190.14,312.86,Revert,2026-03
20260320,2026-03-20 14:51:00+05:30,2026-03-20 14:54:00+05:30,3,+1 (short synth),54400,562.75,1400.2,53527.2,561.15,1429.6,53536.4,35.35,-4.85,30,1206.0,1191.53,14.47,Revert,2026-03
20260320,2026-03-20 15:08:00+05:30,2026-03-20 15:09:00+05:30,1,+1 (short synth),54400,574.6,1321.75,53622.0,565.75,1349.75,53617.8,30.85,-1.8,30,979.5,1188.41,-208.91,Revert,2026-03
20260320,2026-03-20 15:10:00+05:30,2026-03-20 15:14:00+05:30,4,+1 (short synth),54400,528.35,1349.0,53500.0,536.65,1405.8,53531.4,79.35,-0.55,30,2397.0,1184.98,1212.02,Revert,2026-03
20260320,2026-03-20 15:16:00+05:30,2026-03-20 15:18:00+05:30,2,+1 (short synth),54400,513.35,1429.5,53454.0,511.5,1469.0,53440.6,29.85,1.9,30,838.5,1188.86,-350.36,Revert,2026-03
20260320,2026-03-20 15:21:00+05:30,2026-03-20 15:23:00+05:30,2,-1 (long synth),54400,545.6,1400.0,53572.0,527.45,1413.25,53517.8,-26.4,-3.6,30,684.0,1191.06,-507.06,Revert,2026-03
20260323,2026-03-23 11:29:00+05:30,2026-03-23 11:30:00+05:30,1,-1 (long synth),52300,857.25,1325.0,51871.2,853.5,1273.7,51879.8,-38.95,-0.0,30,1168.5,1178.98,-10.48,Revert,2026-03
20260323,2026-03-23 12:38:00+05:30,2026-03-23 12:42:00+05:30,4,+1 (short synth),52300,873.8,1315.75,51830.4,863.85,1353.35,51807.8,27.65,2.7,30,748.5,1178.81,-430.31,Revert,2026-03
20260323,2026-03-23 12:53:00+05:30,2026-03-23 12:58:00+05:30,5,+1 (short synth),52300,850.45,1376.75,51748.4,835.85,1423.0,51716.0,25.3,-3.15,30,853.5,1180.09,-326.59,Revert,2026-03
20260323,2026-03-23 13:04:00+05:30,2026-03-23 13:06:00+05:30,2,+1 (short synth),52300,842.35,1419.85,51695.2,845.5,1420.2,51722.2,27.3,3.1,30,726.0,1181.68,-455.68,Revert,2026-03
20260323,2026-03-23 13:12:00+05:30,2026-03-23 13:18:00+05:30,6,+1 (short synth),52300,829.3,1444.6,51657.8,838.25,1412.2,51727.6,26.9,-1.55,30,853.5,1181.87,-328.37,Revert,2026-03
20260323,2026-03-23 13:29:00+05:30,2026-03-23 13:31:00+05:30,2,+1 (short synth),52300,859.95,1375.75,51754.8,884.5,1346.45,51837.2,29.4,0.85,30,856.5,1180.8,-324.3,Revert,2026-03
20260323,2026-03-23 13:34:00+05:30,2026-03-23 13:35:00+05:30,1,+1 (short synth),52300,892.3,1334.75,51825.0,891.6,1335.5,51852.8,32.55,3.3,30,877.5,1181.38,-303.88,Revert,2026-03
20260323,2026-03-23 13:36:00+05:30,2026-03-23 13:38:00+05:30,2,+1 (short synth),52300,907.45,1315.0,51867.2,891.0,1331.9,51858.4,25.25,0.7,30,736.5,1181.77,-445.27,Revert,2026-03
20260323,2026-03-23 14:10:00+05:30,2026-03-23 14:13:00+05:30,3,+1 (short synth),52300,954.9,1197.9,52015.6,940.0,1220.0,52016.0,41.4,4.0,30,1122.0,1179.34,-57.34,Revert,2026-03
20260323,2026-03-23 14:24:00+05:30,2026-03-23 14:33:00+05:30,9,+1 (short synth),52300,920.0,1224.2,51969.0,763.65,1443.9,51616.0,26.8,3.75,30,691.5,1177.93,-486.43,Revert,2026-03
20260323,2026-03-23 14:37:00+05:30,2026-03-23 14:41:00+05:30,4,+1 (short synth),52300,829.65,1300.4,51800.0,796.7,1352.5,51740.0,29.25,4.2,30,751.5,1174.05,-422.55,Revert,2026-03
20260323,2026-03-23 14:45:00+05:30,2026-03-23 14:46:00+05:30,1,+1 (short synth),52300,834.65,1309.25,51786.2,828.75,1328.6,51795.8,39.2,4.35,30,1045.5,1174.8,-129.3,Revert,2026-03
20260323,2026-03-23 14:50:00+05:30,2026-03-23 14:52:00+05:30,2,+1 (short synth),52300,862.55,1260.75,51876.0,855.45,1265.05,51894.8,25.8,-4.4,30,906.0,1174.87,-268.87,Revert,2026-03
20260323,2026-03-23 15:11:00+05:30,2026-03-23 15:13:00+05:30,2,+1 (short synth),52300,751.5,1394.4,51628.4,718.95,1469.65,51549.6,28.7,-0.3,30,870.0,1172.26,-302.26,Revert,2026-03
20260324,2026-03-24 09:43:00+05:30,2026-03-24 09:59:00+05:30,16,+1 (short synth),52600,760.0,1097.6,52235.6,765.5,1067.95,52294.0,26.8,3.55,30,697.5,1162.07,-464.57,Revert,2026-03
20260324,2026-03-24 10:24:00+05:30,2026-03-24 10:35:00+05:30,11,+1 (short synth),52600,748.0,1050.75,52267.8,627.5,1213.0,52011.0,29.45,3.5,30,778.5,1158.43,-379.93,Revert,2026-03
20260324,2026-03-24 10:39:00+05:30,2026-03-24 10:40:00+05:30,1,+1 (short synth),52600,602.1,1265.15,51906.2,602.15,1281.9,51919.0,30.75,1.25,30,885.0,1157.16,-272.16,Revert,2026-03
20260324,2026-03-24 10:41:00+05:30,2026-03-24 10:46:00+05:30,5,+1 (short synth),52600,620.65,1229.55,51958.6,623.7,1228.55,51997.2,32.5,-2.05,30,1036.5,1156.84,-120.34,Revert,2026-03
20260324,2026-03-24 10:51:00+05:30,2026-03-24 10:53:00+05:30,2,-1 (long synth),52600,632.85,1203.7,52079.0,618.1,1232.0,51988.0,-49.85,-1.9,30,1438.5,1157.91,280.59,Revert,2026-03
20260324,2026-03-24 10:56:00+05:30,2026-03-24 11:00:00+05:30,4,+1 (short synth),52600,613.15,1231.0,51951.4,595.0,1259.75,51932.0,30.75,3.25,30,825.0,1156.28,-331.28,Revert,2026-03
20260324,2026-03-24 11:10:00+05:30,2026-03-24 11:24:00+05:30,14,+1 (short synth),52600,619.8,1183.45,52010.0,615.5,1211.7,52000.0,26.35,3.8,30,676.5,1154.37,-477.87,Revert,2026-03
20260324,2026-03-24 11:25:00+05:30,2026-03-24 11:35:00+05:30,10,-1 (long synth),52600,639.9,1225.55,52062.0,664.6,1110.0,52152.8,-47.65,1.8,30,1483.5,1159.68,323.82,Revert,2026-03
20260324,2026-03-24 11:47:00+05:30,2026-03-24 11:57:00+05:30,10,+1 (short synth),52600,679.45,1104.05,52141.8,702.45,1062.85,52240.4,33.6,-0.8,30,1032.0,1155.2,-123.2,Revert,2026-03
20260324,2026-03-24 12:15:00+05:30,2026-03-24 12:16:00+05:30,1,+1 (short synth),52600,621.8,1170.65,52025.6,622.2,1172.75,52048.4,25.55,1.05,30,735.0,1153.87,-418.87,Revert,2026-03
20260324,2026-03-24 12:30:00+05:30,2026-03-24 12:33:00+05:30,3,-1 (long synth),52600,735.45,999.1,52369.2,808.1,906.35,52496.8,-32.85,4.95,30,1134.0,1155.59,-21.59,Revert,2026-03
20260324,2026-03-24 12:39:00+05:30,2026-03-24 12:40:00+05:30,1,+1 (short synth),52600,910.7,840.0,52636.8,912.85,840.35,52670.4,33.9,2.1,30,954.0,1161.29,-207.29,Revert,2026-03
20260401,2026-04-01 09:35:00+05:30,2026-04-01 09:39:00+05:30,4,+1 (short synth),52000,1558.1,1743.55,51780.0,1540.95,1785.45,51753.2,34.55,2.3,30,967.5,1257.09,-289.59,Revert,2026-04
20260401,2026-04-01 09:40:00+05:30,2026-04-01 09:41:00+05:30,1,+1 (short synth),52000,1574.95,1749.95,51800.0,1576.25,1707.1,51867.4,25.0,1.75,30,697.5,1259.09,-561.59,Revert,2026-04
20260401,2026-04-01 09:43:00+05:30,2026-04-01 10:13:00+05:30,30,+1 (short synth),52000,1547.05,1760.65,51750.0,1511.65,1720.55,51738.8,36.4,52.3,30,-477.0,1257.01,-1734.01,MaxHold,2026-04
20260401,2026-04-01 10:13:00+05:30,2026-04-01 10:31:00+05:30,18,+1 (short synth),52000,1511.65,1720.55,51738.8,1408.05,1853.3,51550.0,52.3,4.75,30,1426.5,1251.45,175.05,Revert,2026-04
20260401,2026-04-01 10:32:00+05:30,2026-04-01 10:33:00+05:30,1,+1 (short synth),52000,1419.3,1840.0,51532.8,1396.65,1875.75,51525.6,46.5,-4.7,30,1536.0,1249.87,286.13,Revert,2026-04
20260401,2026-04-01 10:42:00+05:30,2026-04-01 10:53:00+05:30,11,+1 (short synth),52000,1390.0,1863.9,51500.0,1422.0,1836.65,51580.4,26.1,4.95,30,634.5,1248.93,-614.43,Revert,2026-04
20260401,2026-04-01 10:56:00+05:30,2026-04-01 11:22:00+05:30,26,+1 (short synth),52000,1401.25,1865.15,51504.0,1456.0,1780.0,51671.2,32.1,4.8,30,819.0,1249.89,-430.89,Revert,2026-04
20260401,2026-04-01 11:27:00+05:30,2026-04-01 11:32:00+05:30,5,+1 (short synth),52000,1465.75,1770.05,51657.2,1490.0,1750.0,51735.0,38.5,5.0,30,1005.0,1250.32,-245.32,Revert,2026-04
20260401,2026-04-01 11:33:00+05:30,2026-04-01 11:35:00+05:30,2,+1 (short synth),52000,1499.1,1749.35,51713.0,1497.4,1750.0,51743.2,36.75,4.2,30,976.5,1252.17,-275.67,Revert,2026-04
20260401,2026-04-01 11:36:00+05:30,2026-04-01 12:06:00+05:30,30,+1 (short synth),52000,1491.5,1759.9,51700.4,1593.35,1615.05,51930.0,31.2,48.3,30,-513.0,1252.16,-1765.16,MaxHold,2026-04
20260401,2026-04-01 12:06:00+05:30,2026-04-01 12:17:00+05:30,11,+1 (short synth),52000,1593.35,1615.05,51930.0,1618.35,1589.2,52028.0,48.3,1.15,30,1414.5,1253.01,161.49,Revert,2026-04
20260401,2026-04-01 12:18:00+05:30,2026-04-01 12:48:00+05:30,30,+1 (short synth),52000,1622.5,1586.25,52004.4,1722.0,1461.75,52249.2,31.85,11.05,30,624.0,1254.3,-630.3,MaxHold,2026-04
20260401,2026-04-01 12:51:00+05:30,2026-04-01 13:21:00+05:30,30,+1 (short synth),52000,1710.0,1488.45,52190.2,1689.25,1482.25,52167.0,31.35,40.0,30,-259.5,1256.72,-1516.22,MaxHold,2026-04
20260401,2026-04-01 13:21:00+05:30,2026-04-01 13:30:00+05:30,9,+1 (short synth),52000,1689.25,1482.25,52167.0,1632.0,1552.0,52079.6,40.0,0.4,30,1188.0,1254.41,-66.41,Revert,2026-04
20260401,2026-04-01 13:34:00+05:30,2026-04-01 13:39:00+05:30,5,+1 (short synth),52000,1623.0,1565.8,52020.0,1634.4,1568.2,52071.0,37.2,-4.8,30,1260.0,1253.14,6.86,Revert,2026-04
20260401,2026-04-01 13:51:00+05:30,2026-04-01 13:56:00+05:30,5,+1 (short synth),52000,1555.0,1655.6,51870.0,1588.8,1639.5,51948.0,29.4,1.3,30,843.0,1252.14,-409.14,Revert,2026-04
20260401,2026-04-01 13:58:00+05:30,2026-04-01 13:59:00+05:30,1,+1 (short synth),52000,1580.2,1639.6,51911.2,1566.0,1658.5,51904.8,29.4,2.7,30,801.0,1253.5,-452.5,Revert,2026-04
20260401,2026-04-01 14:08:00+05:30,2026-04-01 14:14:00+05:30,6,+1 (short synth),52000,1612.7,1610.4,51975.0,1643.95,1567.05,52077.2,27.3,-0.3,30,828.0,1254.82,-426.82,Revert,2026-04
20260401,2026-04-01 14:31:00+05:30,2026-04-01 14:45:00+05:30,14,+1 (short synth),52000,1622.75,1600.05,51983.2,1525.0,1711.75,51814.0,39.5,-0.75,30,1207.5,1254.93,-47.43,Revert,2026-04
20260401,2026-04-01 14:46:00+05:30,2026-04-01 14:56:00+05:30,10,+1 (short synth),52000,1513.0,1722.35,51751.0,1544.35,1687.65,51851.8,39.65,4.9,30,1042.5,1251.88,-209.38,Revert,2026-04
20260401,2026-04-01 15:00:00+05:30,2026-04-01 15:03:00+05:30,3,+1 (short synth),52000,1545.05,1664.15,51835.0,1495.5,1723.6,51773.2,45.9,-1.3,30,1416.0,1251.45,164.55,Revert,2026-04
20260401,2026-04-01 15:05:00+05:30,2026-04-01 15:12:00+05:30,7,+1 (short synth),52000,1505.25,1716.35,51760.2,1512.85,1713.55,51797.6,28.7,1.7,30,810.0,1251.06,-441.06,Revert,2026-04
20260401,2026-04-01 15:13:00+05:30,2026-04-01 15:19:00+05:30,6,+1 (short synth),52000,1512.25,1713.6,51770.0,1496.05,1717.75,51775.0,28.65,3.3,30,760.5,1251.53,-491.03,Revert,2026-04
20260402,2026-04-02 09:31:00+05:30,2026-04-02 09:32:00+05:30,1,+1 (short synth),50400,1759.4,1680.95,50444.0,1742.3,1709.0,50434.0,34.45,-0.7,30,1054.5,1244.24,-189.74,Revert,2026-04
20260402,2026-04-02 09:39:00+05:30,2026-04-02 09:45:00+05:30,6,+1 (short synth),50400,1789.6,1659.1,50505.0,1777.9,1673.5,50500.0,25.5,4.4,30,633.0,1245.87,-612.87,Revert,2026-04
20260402,2026-04-02 09:46:00+05:30,2026-04-02 09:51:00+05:30,5,+1 (short synth),50400,1759.0,1689.55,50436.6,1755.0,1701.65,50449.6,32.85,3.75,30,873.0,1244.7,-371.7,Revert,2026-04
20260402,2026-04-02 09:54:00+05:30,2026-04-02 10:24:00+05:30,30,+1 (short synth),50400,1736.75,1739.4,50361.8,1685.4,1774.2,50294.2,35.55,17.0,30,556.5,1245.39,-688.89,MaxHold,2026-04
20260402,2026-04-02 10:25:00+05:30,2026-04-02 10:32:00+05:30,7,+1 (short synth),50400,1701.95,1760.05,50311.0,1693.7,1744.05,50345.4,30.9,4.25,30,799.5,1243.52,-444.02,Revert,2026-04
20260402,2026-04-02 10:35:00+05:30,2026-04-02 10:38:00+05:30,3,+1 (short synth),50400,1672.0,1765.55,50264.4,1685.95,1752.0,50334.6,42.05,-0.65,30,1281.0,1240.99,40.01,Revert,2026-04
20260402,2026-04-02 10:43:00+05:30,2026-04-02 10:45:00+05:30,2,+1 (short synth),50400,1696.65,1739.15,50329.0,1688.5,1748.55,50342.8,28.5,-2.85,30,940.5,1241.96,-301.46,Revert,2026-04
20260402,2026-04-02 10:46:00+05:30,2026-04-02 10:49:00+05:30,3,+1 (short synth),50400,1671.85,1749.0,50280.2,1641.0,1795.0,50244.2,42.65,1.8,30,1225.5,1240.07,-14.57,Revert,2026-04
20260402,2026-04-02 10:50:00+05:30,2026-04-02 10:53:00+05:30,3,+1 (short synth),50400,1623.65,1798.3,50200.0,1665.35,1801.0,50260.0,25.35,4.35,30,630.0,1238.78,-608.78,Revert,2026-04
20260402,2026-04-02 10:54:00+05:30,2026-04-02 11:06:00+05:30,12,+1 (short synth),50400,1669.15,1756.75,50269.6,1689.5,1727.1,50363.2,42.8,-0.8,30,1308.0,1240.25,67.75,Revert,2026-04
20260402,2026-04-02 11:14:00+05:30,2026-04-02 11:21:00+05:30,7,+1 (short synth),50400,1689.85,1739.6,50320.6,1684.2,1746.65,50335.0,29.65,2.55,30,813.0,1241.37,-428.37,Revert,2026-04
20260402,2026-04-02 11:24:00+05:30,2026-04-02 11:26:00+05:30,2,+1 (short synth),50400,1696.45,1748.75,50320.0,1692.6,1751.6,50345.6,27.7,-4.6,30,969.0,1242.48,-273.48,Revert,2026-04
20260402,2026-04-02 11:27:00+05:30,2026-04-02 11:33:00+05:30,6,+1 (short synth),50400,1692.15,1753.65,50301.2,1679.6,1763.45,50313.8,37.3,2.35,30,1048.5,1242.2,-193.7,Revert,2026-04
20260402,2026-04-02 11:34:00+05:30,2026-04-02 11:45:00+05:30,11,+1 (short synth),50400,1679.4,1763.05,50290.0,1690.3,1761.0,50332.8,26.35,-3.5,30,895.5,1241.77,-346.27,Revert,2026-04
20260402,2026-04-02 11:46:00+05:30,2026-04-02 11:50:00+05:30,4,+1 (short synth),50400,1699.4,1754.5,50316.8,1710.3,1740.3,50365.8,28.1,4.2,30,717.0,1243.04,-526.04,Revert,2026-04
20260402,2026-04-02 11:51:00+05:30,2026-04-02 11:53:00+05:30,2,+1 (short synth),50400,1703.55,1739.6,50329.0,1700.95,1745.05,50353.4,34.95,2.5,30,973.5,1242.49,-268.99,Revert,2026-04
20260402,2026-04-02 11:54:00+05:30,2026-04-02 12:02:00+05:30,8,+1 (short synth),50400,1693.9,1736.85,50324.4,1693.4,1742.0,50352.2,32.65,-0.8,30,1003.5,1241.53,-238.03,Revert,2026-04
20260402,2026-04-02 12:03:00+05:30,2026-04-02 12:09:00+05:30,6,+1 (short synth),50400,1708.55,1728.5,50350.0,1677.0,1756.9,50320.0,30.05,0.1,30,898.5,1242.41,-343.91,Revert,2026-04
20260402,2026-04-02 12:10:00+05:30,2026-04-02 12:12:00+05:30,2,+1 (short synth),50400,1684.4,1754.0,50300.0,1690.0,1736.0,50350.6,30.4,3.4,30,810.0,1241.65,-431.65,Revert,2026-04
20260402,2026-04-02 12:14:00+05:30,2026-04-02 12:21:00+05:30,7,+1 (short synth),50400,1688.5,1739.8,50316.4,1653.5,1778.95,50279.0,32.3,-4.45,30,1102.5,1241.21,-138.71,Revert,2026-04
20260402,2026-04-02 12:23:00+05:30,2026-04-02 12:24:00+05:30,1,+1 (short synth),50400,1674.4,1761.7,50276.4,1687.5,1754.7,50330.0,36.3,2.8,30,1005.0,1241.09,-236.09,Revert,2026-04
20260402,2026-04-02 12:25:00+05:30,2026-04-02 12:55:00+05:30,30,+1 (short synth),50400,1688.5,1758.6,50280.0,1815.0,1630.0,50534.0,49.9,51.0,30,-33.0,1241.93,-1274.93,MaxHold,2026-04
20260402,2026-04-02 12:55:00+05:30,2026-04-02 13:25:00+05:30,30,+1 (short synth),50400,1815.0,1630.0,50534.0,1936.45,1555.0,50742.4,51.0,39.05,30,358.5,1246.1,-887.6,MaxHold,2026-04
20260402,2026-04-02 13:25:00+05:30,2026-04-02 13:55:00+05:30,30,+1 (short synth),50400,1936.45,1555.0,50742.4,2121.0,1415.5,51066.4,39.05,39.1,30,-1.5,1252.95,-1254.45,MaxHold,2026-04
20260402,2026-04-02 13:55:00+05:30,2026-04-02 14:01:00+05:30,6,+1 (short synth),50400,2121.0,1415.5,51066.4,2142.2,1382.3,51157.8,39.1,2.1,30,1110.0,1261.67,-151.67,Revert,2026-04
20260402,2026-04-02 14:02:00+05:30,2026-04-02 14:09:00+05:30,7,+1 (short synth),50400,2136.45,1393.95,51100.0,2190.0,1368.45,51222.0,42.5,-0.45,30,1288.5,1261.81,26.69,Revert,2026-04
20260402,2026-04-02 14:23:00+05:30,2026-04-02 14:27:00+05:30,4,+1 (short synth),50400,2327.65,1253.7,51447.2,2310.45,1242.7,51470.0,26.75,-2.25,30,870.0,1271.34,-401.34,Revert,2026-04
20260402,2026-04-02 14:36:00+05:30,2026-04-02 14:39:00+05:30,3,+1 (short synth),50400,2374.2,1237.15,51470.2,2234.85,1296.4,51339.4,66.85,-0.95,30,2034.0,1273.86,760.14,Revert,2026-04
20260402,2026-04-02 14:40:00+05:30,2026-04-02 14:51:00+05:30,11,+1 (short synth),50400,2257.95,1293.9,51335.2,2332.4,1240.6,51495.6,28.85,-3.8,30,979.5,1267.33,-287.83,Revert,2026-04
20260402,2026-04-02 14:55:00+05:30,2026-04-02 14:57:00+05:30,2,+1 (short synth),50400,2330.0,1250.4,51452.0,2332.0,1251.05,51484.6,27.6,-3.65,30,937.5,1271.35,-333.85,Revert,2026-04
20260402,2026-04-02 14:59:00+05:30,2026-04-02 15:03:00+05:30,4,+1 (short synth),50400,2331.2,1240.55,51459.8,2396.7,1194.65,51605.8,30.85,-3.75,30,1038.0,1270.87,-232.87,Revert,2026-04
20260402,2026-04-02 15:05:00+05:30,2026-04-02 15:07:00+05:30,2,+1 (short synth),50400,2485.0,1137.0,51722.8,2554.2,1098.85,51855.0,25.2,0.35,30,745.5,1278.92,-533.42,Revert,2026-04
20260402,2026-04-02 15:08:00+05:30,2026-04-02 15:17:00+05:30,9,-1 (long synth),50400,2563.95,1079.4,51944.6,2603.9,1070.55,51928.4,-60.05,4.95,30,1950.0,1284.21,665.79,Revert,2026-04
20260402,2026-04-02 15:18:00+05:30,2026-04-02 15:21:00+05:30,3,+1 (short synth),50400,2593.4,1081.95,51882.8,2507.8,1120.35,51789.0,28.65,-1.55,30,906.0,1285.43,-379.43,Revert,2026-04
20260402,2026-04-02 15:22:00+05:30,2026-04-02 15:23:00+05:30,1,-1 (long synth),50400,2467.9,1128.75,51781.6,2507.05,1130.05,51777.0,-42.45,0.0,30,1273.5,1278.11,-4.61,Revert,2026-04
20260406,2026-04-06 09:43:00+05:30,2026-04-06 09:46:00+05:30,3,-1 (long synth),51600,1740.8,1544.75,51822.6,1786.4,1515.0,51871.8,-26.55,-0.4,30,784.5,1256.67,-472.17,Revert,2026-04
20260406,2026-04-06 10:08:00+05:30,2026-04-06 10:10:00+05:30,2,-1 (long synth),51600,1671.55,1604.1,51692.6,1623.2,1620.85,51605.0,-25.15,-2.65,30,675.0,1253.75,-578.75,Revert,2026-04
20260406,2026-04-06 10:14:00+05:30,2026-04-06 10:18:00+05:30,4,+1 (short synth),51600,1696.5,1538.65,51730.4,1659.2,1588.45,51674.2,27.45,-3.45,30,927.0,1251.51,-324.51,Revert,2026-04
20260406,2026-04-06 10:46:00+05:30,2026-04-06 10:49:00+05:30,3,+1 (short synth),51600,1778.1,1474.8,51870.6,1777.0,1474.1,51899.4,32.7,3.5,30,876.0,1255.16,-379.16,Revert,2026-04
20260406,2026-04-06 10:50:00+05:30,2026-04-06 10:53:00+05:30,3,+1 (short synth),51600,1790.0,1464.5,51900.0,1723.95,1522.95,51800.0,25.5,1.0,30,735.0,1255.78,-520.78,Revert,2026-04
20260406,2026-04-06 10:56:00+05:30,2026-04-06 11:01:00+05:30,5,+1 (short synth),51600,1756.15,1490.3,51837.2,1720.0,1537.1,51780.0,28.65,2.9,30,772.5,1254.13,-481.63,Revert,2026-04
20260406,2026-04-06 11:21:00+05:30,2026-04-06 11:45:00+05:30,24,+1 (short synth),51600,1735.0,1520.8,51786.0,1742.1,1508.5,51830.0,28.2,3.6,30,738.0,1253.93,-515.93,Revert,2026-04
20260406,2026-04-06 11:46:00+05:30,2026-04-06 11:50:00+05:30,4,+1 (short synth),51600,1765.5,1491.2,51843.8,1776.2,1473.8,51899.4,30.5,3.0,30,825.0,1254.98,-429.98,Revert,2026-04
20260406,2026-04-06 11:56:00+05:30,2026-04-06 12:02:00+05:30,6,+1 (short synth),51600,1834.55,1438.5,51969.2,1788.0,1477.3,51912.8,26.85,-2.1,30,868.5,1258.27,-389.77,Revert,2026-04
20260406,2026-04-06 12:08:00+05:30,2026-04-06 12:10:00+05:30,2,+1 (short synth),51600,1815.0,1455.6,51931.4,1780.6,1481.45,51904.0,28.0,-4.85,30,985.5,1257.46,-271.96,Revert,2026-04
20260406,2026-04-06 12:26:00+05:30,2026-04-06 12:27:00+05:30,1,+1 (short synth),51600,1878.4,1409.95,52039.0,1870.2,1405.65,52060.0,29.45,4.55,30,747.0,1260.55,-513.55,Revert,2026-04
20260406,2026-04-06 12:40:00+05:30,2026-04-06 12:42:00+05:30,2,+1 (short synth),51600,1820.8,1430.7,51960.0,1795.9,1465.8,51932.6,30.1,-2.5,30,978.0,1256.58,-278.58,Revert,2026-04
20260406,2026-04-06 12:43:00+05:30,2026-04-06 12:44:00+05:30,1,+1 (short synth),51600,1809.25,1442.85,51912.4,1811.85,1443.8,51969.0,54.0,-0.95,30,1648.5,1255.82,392.68,Revert,2026-04
20260406,2026-04-06 12:51:00+05:30,2026-04-06 13:07:00+05:30,16,+1 (short synth),51600,2013.45,1301.45,52284.0,1996.25,1309.15,52285.2,28.0,1.9,30,783.0,1266.6,-483.6,Revert,2026-04
20260406,2026-04-06 13:15:00+05:30,2026-04-06 13:17:00+05:30,2,+1 (short synth),51600,2076.7,1245.6,52400.0,2143.95,1220.0,52524.0,31.1,-0.05,30,934.5,1269.1,-334.6,Revert,2026-04
20260406,2026-04-06 13:18:00+05:30,2026-04-06 13:25:00+05:30,7,+1 (short synth),51600,2122.9,1221.1,52474.6,2153.0,1210.35,52544.4,27.2,-1.75,30,868.5,1271.92,-403.42,Revert,2026-04
20260406,2026-04-06 13:32:00+05:30,2026-04-06 13:35:00+05:30,3,+1 (short synth),51600,2174.8,1212.0,52528.4,2192.4,1194.95,52600.0,34.4,-2.55,30,1108.5,1275.88,-167.38,Revert,2026-04
20260406,2026-04-06 13:40:00+05:30,2026-04-06 13:45:00+05:30,5,+1 (short synth),51600,2168.2,1200.65,52521.4,2116.95,1225.45,52493.6,46.15,-2.1,30,1447.5,1274.48,173.02,Revert,2026-04
20260406,2026-04-06 14:08:00+05:30,2026-04-06 14:21:00+05:30,13,+1 (short synth),51600,2169.85,1200.65,52525.0,2225.9,1149.8,52675.8,44.2,0.3,30,1317.0,1274.66,42.34,Revert,2026-04
20260406,2026-04-06 14:38:00+05:30,2026-04-06 14:45:00+05:30,7,-1 (long synth),51600,2231.75,1139.45,52723.8,2226.3,1140.2,52682.8,-31.5,3.3,30,1044.0,1278.09,-234.09,Revert,2026-04
20260406,2026-04-06 14:48:00+05:30,2026-04-06 14:54:00+05:30,6,-1 (long synth),51600,2239.0,1144.3,52721.0,2223.0,1144.05,52681.0,-26.3,-2.05,30,727.5,1278.9,-551.4,Revert,2026-04
20260406,2026-04-06 14:55:00+05:30,2026-04-06 14:56:00+05:30,1,-1 (long synth),51600,2182.1,1163.0,52650.8,2228.65,1145.1,52688.0,-31.7,-4.45,30,817.5,1274.99,-457.49,Revert,2026-04
20260406,2026-04-06 14:58:00+05:30,2026-04-06 15:03:00+05:30,5,-1 (long synth),51600,2213.65,1149.5,52690.0,2235.1,1117.45,52713.6,-25.85,4.05,30,897.0,1276.94,-379.94,Revert,2026-04
20260406,2026-04-06 15:10:00+05:30,2026-04-06 15:11:00+05:30,1,-1 (long synth),51600,2349.9,1051.1,52930.0,2381.5,1051.55,52929.2,-31.2,0.75,30,958.5,1283.72,-325.22,Revert,2026-04
20260407,2026-04-07 09:41:00+05:30,2026-04-07 09:42:00+05:30,1,-1 (long synth),52400,1506.15,1564.2,52369.8,1486.7,1585.0,52305.2,-27.85,-3.5,30,730.5,1250.66,-520.16,Revert,2026-04
20260407,2026-04-07 10:07:00+05:30,2026-04-07 10:14:00+05:30,7,+1 (short synth),52400,1552.5,1514.1,52410.8,1552.75,1521.9,52430.0,27.6,0.85,30,802.5,1251.09,-448.59,Revert,2026-04
20260407,2026-04-07 10:31:00+05:30,2026-04-07 10:34:00+05:30,3,+1 (short synth),52400,1566.75,1483.05,52453.2,1529.5,1516.45,52411.0,30.5,2.05,30,853.5,1250.62,-397.12,Revert,2026-04
20260407,2026-04-07 10:36:00+05:30,2026-04-07 10:45:00+05:30,9,+1 (short synth),52400,1497.45,1559.35,52312.4,1570.0,1484.0,52487.0,25.7,-1.0,30,801.0,1248.72,-447.72,Revert,2026-04
20260407,2026-04-07 10:48:00+05:30,2026-04-07 10:49:00+05:30,1,+1 (short synth),52400,1558.45,1488.2,52443.4,1531.05,1532.05,52395.0,26.85,4.0,30,685.5,1250.22,-564.72,Revert,2026-04
20260407,2026-04-07 11:09:00+05:30,2026-04-07 11:10:00+05:30,1,-1 (long synth),52400,1462.65,1593.55,52298.8,1454.6,1610.0,52240.0,-29.7,4.6,30,1029.0,1248.45,-219.45,Revert,2026-04
20260407,2026-04-07 11:14:00+05:30,2026-04-07 11:31:00+05:30,17,+1 (short synth),52400,1440.9,1630.65,52178.4,1515.55,1512.0,52401.0,31.85,2.55,30,879.0,1247.49,-368.49,Revert,2026-04
20260407,2026-04-07 11:44:00+05:30,2026-04-07 11:45:00+05:30,1,+1 (short synth),52400,1497.0,1527.6,52331.8,1491.6,1544.35,52350.0,37.6,-2.75,30,1210.5,1246.76,-36.26,Revert,2026-04
20260407,2026-04-07 12:00:00+05:30,2026-04-07 12:07:00+05:30,7,+1 (short synth),52400,1563.8,1481.95,52453.4,1522.7,1518.3,52399.8,28.45,4.6,30,715.5,1250.33,-534.83,Revert,2026-04
20260407,2026-04-07 12:09:00+05:30,2026-04-07 12:15:00+05:30,6,+1 (short synth),52400,1539.0,1505.0,52408.0,1515.0,1537.8,52375.0,26.0,2.2,30,714.0,1249.43,-535.43,Revert,2026-04
20260407,2026-04-07 12:20:00+05:30,2026-04-07 12:23:00+05:30,3,+1 (short synth),52400,1496.0,1556.6,52312.0,1474.0,1580.65,52292.0,27.4,1.35,30,781.5,1248.41,-466.91,Revert,2026-04
20260407,2026-04-07 12:28:00+05:30,2026-04-07 12:29:00+05:30,1,+1 (short synth),52400,1492.05,1561.0,52300.0,1493.9,1551.9,52344.0,31.05,-2.0,30,991.5,1248.24,-256.74,Revert,2026-04
20260407,2026-04-07 12:31:00+05:30,2026-04-07 12:42:00+05:30,11,+1 (short synth),52400,1512.4,1537.95,52346.4,1499.55,1559.65,52343.4,28.05,-3.5,30,946.5,1248.84,-302.34,Revert,2026-04
20260407,2026-04-07 12:45:00+05:30,2026-04-07 12:55:00+05:30,10,+1 (short synth),52400,1498.4,1551.7,52320.4,1489.05,1549.45,52339.8,26.3,-0.2,30,795.0,1248.38,-453.38,Revert,2026-04
20260407,2026-04-07 12:59:00+05:30,2026-04-07 13:19:00+05:30,20,+1 (short synth),52400,1481.45,1579.85,52276.2,1544.35,1497.55,52444.0,25.4,2.8,30,678.0,1248.42,-570.42,Revert,2026-04
20260407,2026-04-07 13:26:00+05:30,2026-04-07 13:31:00+05:30,5,+1 (short synth),52400,1509.05,1534.0,52345.2,1561.2,1472.15,52488.0,29.85,1.05,30,864.0,1248.3,-384.3,Revert,2026-04
20260407,2026-04-07 13:34:00+05:30,2026-04-07 13:54:00+05:30,20,+1 (short synth),52400,1616.05,1430.4,52551.4,1695.0,1356.8,52740.0,34.25,-1.8,30,1081.5,1252.05,-170.55,Revert,2026-04
20260407,2026-04-07 14:10:00+05:30,2026-04-07 14:17:00+05:30,7,-1 (long synth),52400,1649.9,1393.55,52685.6,1656.6,1396.3,52660.0,-29.25,0.3,30,886.5,1254.12,-367.62,Revert,2026-04
20260407,2026-04-07 14:19:00+05:30,2026-04-07 14:23:00+05:30,4,+1 (short synth),52400,1645.0,1402.0,52602.0,1635.45,1417.15,52620.0,41.0,-1.7,30,1281.0,1252.95,28.05,Revert,2026-04
20260407,2026-04-07 14:24:00+05:30,2026-04-07 14:28:00+05:30,4,+1 (short synth),52400,1650.55,1399.5,52622.6,1673.7,1391.05,52680.0,28.45,2.65,30,774.0,1253.51,-479.51,Revert,2026-04
20260407,2026-04-07 14:33:00+05:30,2026-04-07 14:46:00+05:30,13,+1 (short synth),52400,1681.9,1364.05,52690.0,1660.0,1399.35,52656.0,27.85,4.65,30,696.0,1254.37,-558.37,Revert,2026-04
20260407,2026-04-07 14:54:00+05:30,2026-04-07 14:55:00+05:30,1,+1 (short synth),52400,1710.45,1334.55,52748.2,1739.05,1305.85,52832.0,27.7,1.2,30,795.0,1255.29,-460.29,Revert,2026-04
20260408,2026-04-08 09:53:00+05:30,2026-04-08 09:58:00+05:30,5,-1 (long synth),55100,1260.25,997.1,55389.8,1225.4,1021.7,55300.0,-26.65,3.7,30,910.5,1244.16,-333.66,Revert,2026-04
20260408,2026-04-08 09:59:00+05:30,2026-04-08 10:00:00+05:30,1,-1 (long synth),55100,1222.25,1017.6,55330.0,1256.55,1005.0,55350.0,-25.35,1.55,30,807.0,1241.9,-434.9,Revert,2026-04
20260408,2026-04-08 10:03:00+05:30,2026-04-08 10:12:00+05:30,9,-1 (long synth),55100,1234.2,998.55,55362.0,1236.05,1000.65,55340.0,-26.35,-4.6,30,652.5,1241.94,-589.44,Revert,2026-04
20260408,2026-04-08 10:23:00+05:30,2026-04-08 10:28:00+05:30,5,-1 (long synth),55100,1250.65,984.5,55397.0,1290.0,955.0,55435.4,-30.85,-0.4,30,913.5,1242.7,-329.2,Revert,2026-04
20260408,2026-04-08 10:30:00+05:30,2026-04-08 10:52:00+05:30,22,-1 (long synth),55100,1306.5,939.95,55496.4,1348.7,899.0,55550.0,-29.85,-0.3,30,886.5,1245.2,-358.7,Revert,2026-04
20260408,2026-04-08 10:59:00+05:30,2026-04-08 11:04:00+05:30,5,-1 (long synth),55100,1392.2,867.2,55657.4,1396.75,865.0,55631.2,-32.4,0.55,30,988.5,1248.85,-260.35,Revert,2026-04
20260408,2026-04-08 11:18:00+05:30,2026-04-08 11:32:00+05:30,14,-1 (long synth),55100,1398.35,871.5,55659.6,1394.4,880.0,55611.2,-32.75,3.2,30,1078.5,1249.64,-171.14,Revert,2026-04
20260408,2026-04-08 11:44:00+05:30,2026-04-08 11:51:00+05:30,7,-1 (long synth),55100,1370.05,890.0,55609.4,1339.9,903.1,55537.2,-29.35,-0.4,30,868.5,1248.08,-379.58,Revert,2026-04
20260408,2026-04-08 11:58:00+05:30,2026-04-08 12:00:00+05:30,2,-1 (long synth),55100,1310.65,921.6,55516.8,1310.95,915.6,55500.0,-27.75,-4.65,30,693.0,1244.53,-551.53,Revert,2026-04
20260408,2026-04-08 12:01:00+05:30,2026-04-08 12:05:00+05:30,4,-1 (long synth),55100,1314.95,913.95,55528.0,1377.9,878.65,55600.0,-27.0,-0.75,30,787.5,1244.48,-456.98,Revert,2026-04
20260408,2026-04-08 12:21:00+05:30,2026-04-08 12:31:00+05:30,10,-1 (long synth),55100,1360.3,886.0,55600.0,1300.4,923.75,55480.0,-25.7,-3.35,30,670.5,1246.95,-576.45,Revert,2026-04
20260408,2026-04-08 12:37:00+05:30,2026-04-08 12:41:00+05:30,4,-1 (long synth),55100,1315.0,926.5,55515.0,1317.5,920.0,55500.0,-26.5,-2.5,30,720.0,1245.16,-525.16,Revert,2026-04
20260408,2026-04-08 12:55:00+05:30,2026-04-08 13:00:00+05:30,5,-1 (long synth),55100,1394.05,864.2,55656.2,1370.0,862.6,55603.8,-26.35,3.6,30,898.5,1248.75,-350.25,Revert,2026-04
20260408,2026-04-08 13:11:00+05:30,2026-04-08 13:15:00+05:30,4,-1 (long synth),55100,1381.3,870.0,55641.2,1373.1,875.15,55600.0,-29.9,-2.05,30,835.5,1248.0,-412.5,Revert,2026-04
20260408,2026-04-08 13:19:00+05:30,2026-04-08 13:21:00+05:30,2,-1 (long synth),55100,1361.55,885.0,55607.2,1359.75,883.15,55580.0,-30.65,-3.4,30,817.5,1247.09,-429.59,Revert,2026-04
20260408,2026-04-08 13:28:00+05:30,2026-04-08 13:54:00+05:30,26,-1 (long synth),55100,1385.65,874.7,55638.8,1371.5,876.0,55600.0,-27.85,-4.5,30,700.5,1248.61,-548.11,Revert,2026-04
20260408,2026-04-08 13:56:00+05:30,2026-04-08 13:58:00+05:30,2,-1 (long synth),55100,1388.45,867.0,55652.4,1395.25,860.0,55636.8,-30.95,-1.55,30,882.0,1248.49,-366.49,Revert,2026-04
20260408,2026-04-08 13:59:00+05:30,2026-04-08 14:03:00+05:30,4,-1 (long synth),55100,1397.6,859.85,55667.4,1394.0,861.5,55631.0,-29.65,1.5,30,934.5,1248.89,-314.39,Revert,2026-04
20260408,2026-04-08 14:09:00+05:30,2026-04-08 14:11:00+05:30,2,-1 (long synth),55100,1373.5,873.05,55635.2,1385.3,865.3,55620.0,-34.75,0.0,30,1042.5,1247.56,-205.06,Revert,2026-04
20260408,2026-04-08 14:15:00+05:30,2026-04-08 14:16:00+05:30,1,-1 (long synth),55100,1396.75,877.6,55649.0,1388.6,878.55,55605.2,-29.85,4.85,30,1041.0,1249.78,-208.78,Revert,2026-04
20260408,2026-04-08 14:26:00+05:30,2026-04-08 14:27:00+05:30,1,-1 (long synth),55100,1477.0,844.6,55760.0,1489.95,823.0,55766.0,-27.6,0.95,30,856.5,1255.03,-398.53,Revert,2026-04
20260408,2026-04-08 14:29:00+05:30,2026-04-08 14:47:00+05:30,18,-1 (long synth),55100,1472.0,839.4,55765.0,1610.55,765.0,55948.2,-32.4,-2.65,30,892.5,1254.39,-361.89,Revert,2026-04
20260408,2026-04-08 14:51:00+05:30,2026-04-08 14:54:00+05:30,3,-1 (long synth),55100,1564.3,792.0,55898.4,1563.0,782.6,55879.8,-26.1,0.6,30,801.0,1259.85,-458.85,Revert,2026-04
20260408,2026-04-08 15:04:00+05:30,2026-04-08 15:09:00+05:30,5,-1 (long synth),55100,1559.9,781.8,55910.0,1562.75,774.55,55890.0,-31.9,-1.8,30,903.0,1259.01,-356.01,Revert,2026-04
20260408,2026-04-08 15:12:00+05:30,2026-04-08 15:19:00+05:30,7,-1 (long synth),55100,1573.9,775.2,55924.6,1595.0,760.7,55930.0,-25.9,4.3,30,906.0,1259.78,-353.78,Revert,2026-04
20260408,2026-04-08 15:23:00+05:30,2026-04-08 15:24:00+05:30,1,-1 (long synth),55100,1587.25,758.5,55961.6,1595.0,756.2,55951.6,-32.85,-12.8,30,601.5,1260.17,-658.67,EOD,2026-04
20260409,2026-04-09 09:33:00+05:30,2026-04-09 09:38:00+05:30,5,-1 (long synth),55600,1070.15,1147.0,55550.0,1077.95,1144.2,55530.0,-26.85,3.75,30,918.0,1244.02,-326.02,Revert,2026-04
20260409,2026-04-09 10:07:00+05:30,2026-04-09 10:18:00+05:30,11,-1 (long synth),55600,1036.45,1240.2,55423.4,1149.05,1113.45,55640.0,-27.15,-4.4,30,682.5,1246.1,-563.6,Revert,2026-04
20260409,2026-04-09 10:50:00+05:30,2026-04-09 10:55:00+05:30,5,-1 (long synth),55600,1099.2,1158.4,55566.0,1118.0,1133.0,55581.0,-25.2,4.0,30,876.0,1247.17,-371.17,Revert,2026-04
20260409,2026-04-09 11:06:00+05:30,2026-04-09 11:13:00+05:30,7,-1 (long synth),55600,1098.0,1154.2,55572.2,1109.7,1135.4,55570.0,-28.4,4.3,30,981.0,1246.89,-265.89,Revert,2026-04
20260409,2026-04-09 11:18:00+05:30,2026-04-09 11:22:00+05:30,4,-1 (long synth),55600,1084.15,1175.3,55534.8,1079.95,1191.9,55490.0,-25.95,-1.95,30,720.0,1246.77,-526.77,Revert,2026-04
20260409,2026-04-09 11:27:00+05:30,2026-04-09 11:36:00+05:30,9,-1 (long synth),55600,1070.8,1162.2,55545.0,1066.95,1174.9,55494.0,-36.4,-1.95,30,1033.5,1245.06,-211.56,Revert,2026-04
20260409,2026-04-09 11:45:00+05:30,2026-04-09 11:46:00+05:30,1,-1 (long synth),55600,1039.9,1199.65,55469.2,1055.2,1185.1,55471.0,-28.95,-0.9,30,841.5,1244.24,-402.74,Revert,2026-04
20260409,2026-04-09 12:29:00+05:30,2026-04-09 12:37:00+05:30,8,-1 (long synth),55600,1037.0,1190.0,55473.2,1007.75,1225.6,55380.0,-26.2,2.15,30,850.5,1243.42,-392.92,Revert,2026-04
20260409,2026-04-09 12:54:00+05:30,2026-04-09 13:10:00+05:30,16,-1 (long synth),55600,974.55,1262.4,55342.0,940.95,1310.95,55230.2,-29.85,-0.2,30,889.5,1241.89,-352.39,Revert,2026-04
20260409,2026-04-09 13:37:00+05:30,2026-04-09 13:40:00+05:30,3,-1 (long synth),55600,896.0,1403.45,55119.6,899.15,1402.65,55094.8,-27.05,1.7,30,862.5,1242.56,-380.06,Revert,2026-04
20260409,2026-04-09 13:50:00+05:30,2026-04-09 13:55:00+05:30,5,-1 (long synth),55600,905.85,1393.8,55139.6,892.3,1392.1,55100.0,-27.55,0.2,30,832.5,1242.91,-410.41,Revert,2026-04
20260409,2026-04-09 14:04:00+05:30,2026-04-09 14:08:00+05:30,4,+1 (short synth),55600,910.0,1356.75,55124.0,919.0,1355.0,55160.0,29.25,4.0,30,757.5,1240.31,-482.81,Revert,2026-04
20260409,2026-04-09 14:39:00+05:30,2026-04-09 14:46:00+05:30,7,-1 (long synth),55600,836.35,1484.95,54977.0,818.0,1484.55,54930.0,-25.6,3.45,30,871.5,1241.69,-370.19,Revert,2026-04
20260409,2026-04-09 15:00:00+05:30,2026-04-09 15:02:00+05:30,2,-1 (long synth),55600,823.3,1469.0,54981.4,870.8,1374.85,55095.0,-27.1,0.95,30,841.5,1239.7,-398.2,Revert,2026-04
20260409,2026-04-09 15:03:00+05:30,2026-04-09 15:09:00+05:30,6,-1 (long synth),55600,874.8,1375.0,55131.6,876.95,1370.15,55110.0,-31.8,-3.2,30,858.0,1239.23,-381.23,Revert,2026-04
20260410,2026-04-10 09:40:00+05:30,2026-04-10 09:45:00+05:30,5,-1 (long synth),55800,1036.25,1026.25,55835.6,1049.9,1006.25,55844.2,-25.6,-0.55,30,751.5,1237.87,-486.37,Revert,2026-04
20260410,2026-04-10 10:20:00+05:30,2026-04-10 10:26:00+05:30,6,-1 (long synth),55800,1163.8,924.3,56065.0,1155.0,926.2,56032.2,-25.5,-3.4,30,663.0,1243.6,-580.6,Revert,2026-04
20260410,2026-04-10 10:27:00+05:30,2026-04-10 10:29:00+05:30,2,-1 (long synth),55800,1135.0,933.0,56029.6,1128.0,945.3,55980.0,-27.6,2.7,30,909.0,1241.56,-332.56,Revert,2026-04
20260410,2026-04-10 10:33:00+05:30,2026-04-10 10:34:00+05:30,1,-1 (long synth),55800,1099.0,965.35,55960.6,1118.7,948.05,55972.6,-26.95,-1.95,30,750.0,1240.13,-490.13,Revert,2026-04
20260410,2026-04-10 10:41:00+05:30,2026-04-10 10:44:00+05:30,3,-1 (long synth),55800,1118.1,956.25,55988.4,1109.0,954.0,55950.0,-26.55,5.0,30,946.5,1241.31,-294.81,Revert,2026-04
20260410,2026-04-10 10:50:00+05:30,2026-04-10 10:55:00+05:30,5,-1 (long synth),55800,1107.1,962.45,55971.8,1089.35,967.6,55920.0,-27.15,1.75,30,867.0,1240.69,-373.69,Revert,2026-04
20260410,2026-04-10 10:56:00+05:30,2026-04-10 10:58:00+05:30,2,-1 (long synth),55800,1084.0,968.9,55943.0,1096.65,957.75,55935.0,-27.9,3.9,30,954.0,1239.02,-285.02,Revert,2026-04
20260410,2026-04-10 11:01:00+05:30,2026-04-10 11:04:00+05:30,3,-1 (long synth),55800,1135.75,933.85,56033.0,1125.4,953.45,55970.6,-31.1,1.35,30,973.5,1241.74,-268.24,Revert,2026-04
20260410,2026-04-10 11:06:00+05:30,2026-04-10 11:29:00+05:30,23,-1 (long synth),55800,1117.5,952.05,55991.8,1086.25,979.0,55912.0,-26.35,-4.75,30,648.0,1241.03,-593.03,Revert,2026-04
20260410,2026-04-10 11:32:00+05:30,2026-04-10 12:02:00+05:30,30,-1 (long synth),55800,1104.4,962.0,55972.0,1084.0,971.0,55919.2,-29.6,-6.2,30,702.0,1240.47,-538.47,MaxHold,2026-04
20260410,2026-04-10 12:05:00+05:30,2026-04-10 12:25:00+05:30,20,-1 (long synth),55800,1098.35,959.2,55965.0,1125.0,928.4,56000.0,-25.85,-3.4,30,673.5,1239.72,-566.22,Revert,2026-04
20260410,2026-04-10 12:26:00+05:30,2026-04-10 12:29:00+05:30,3,-1 (long synth),55800,1116.35,934.85,56015.0,1103.05,943.0,55962.4,-33.5,-2.35,30,934.5,1240.12,-305.62,Revert,2026-04
20260410,2026-04-10 12:31:00+05:30,2026-04-10 12:54:00+05:30,23,-1 (long synth),55800,1100.0,953.05,55983.2,1082.25,962.55,55923.2,-36.25,-3.5,30,982.5,1239.71,-257.21,Revert,2026-04
20260410,2026-04-10 12:56:00+05:30,2026-04-10 13:26:00+05:30,30,-1 (long synth),55800,1088.45,958.55,55958.6,1125.0,933.4,56000.2,-28.7,-8.6,30,603.0,1238.86,-635.86,MaxHold,2026-04
20260410,2026-04-10 13:29:00+05:30,2026-04-10 13:49:00+05:30,20,-1 (long synth),55800,1133.85,926.95,56035.4,1114.35,937.5,55981.0,-28.5,-4.15,30,730.5,1241.15,-510.65,Revert,2026-04
20260410,2026-04-10 13:54:00+05:30,2026-04-10 14:24:00+05:30,30,-1 (long synth),55800,1128.45,927.45,56027.8,1036.85,998.05,55840.2,-26.8,-1.4,30,762.0,1240.67,-478.67,Revert,2026-04
20260410,2026-04-10 14:32:00+05:30,2026-04-10 14:56:00+05:30,24,-1 (long synth),55800,1048.0,1002.0,55880.2,1086.0,954.25,55935.2,-34.2,-3.45,30,922.5,1237.74,-315.24,Revert,2026-04
20260410,2026-04-10 15:01:00+05:30,2026-04-10 15:04:00+05:30,3,-1 (long synth),55800,1088.95,939.8,55977.8,1116.75,910.1,56003.4,-28.65,3.25,30,957.0,1237.89,-280.89,Revert,2026-04
20260410,2026-04-10 15:08:00+05:30,2026-04-10 15:24:00+05:30,16,-1 (long synth),55800,1148.05,884.35,56090.0,1151.05,885.95,56104.4,-26.3,-39.3,30,-390.0,1240.06,-1630.06,EOD,2026-04
