date,pair,direction,entry_ts,exit_ts,hold_secs,entry_msp,exit_close_msp,entry_exec,exit_exec,lot_size,units,gross_pnl,exit_why,cum_pnl
20251211,"(+0,+1)",-1,2025-12-11 10:41:04+05:30,2025-12-11 10:41:05+05:30,1.0,11.08,0.65,38.92,50.62,75,150,1755.0,Revert,1755.0
20260105,"(+0,+1)",-1,2026-01-05 09:20:59+05:30,2026-01-05 09:21:00+05:30,1.0,9.62,-0.3,40.38,49.7,65,130,1212.25,Revert,2967.25
20260105,"(-1,+1)",1,2026-01-05 09:27:27+05:30,2026-01-05 09:27:28+05:30,1.0,8.8,0.35,108.8,99.65,65,130,1189.5,Revert,4156.75
20260112,"(-1,+0)",-1,2026-01-12 12:17:38+05:30,2026-01-12 12:17:39+05:30,1.0,8.5,-0.4,41.5,49.6,65,130,1053.0,Revert,5209.75
20260112,"(+0,+1)",1,2026-01-12 12:21:54+05:30,2026-01-12 12:21:55+05:30,1.0,8.9,-0.5,58.9,50.5,65,130,1092.0,Revert,6301.75
20260112,"(-1,+0)",1,2026-01-12 12:43:46+05:30,2026-01-12 12:43:47+05:30,1.0,9.45,-0.2,59.45,50.2,65,130,1202.5,Revert,7504.25
20260116,"(+0,+1)",-1,2026-01-16 12:28:38+05:30,2026-01-16 12:28:39+05:30,1.0,8.65,0.2,41.35,50.2,65,130,1150.5,Revert,8654.75
20260116,"(-1,+1)",1,2026-01-16 13:35:20+05:30,2026-01-16 13:35:21+05:30,1.0,11.2,0.95,111.2,99.05,65,130,1579.5,Revert,10234.25
20260116,"(-1,+1)",-1,2026-01-16 13:36:20+05:30,2026-01-16 13:36:21+05:30,1.0,8.6,-0.75,91.4,99.22,65,130,1017.25,Revert,11251.5
20260116,"(+0,+1)",1,2026-01-16 13:54:20+05:30,2026-01-16 13:54:23+05:30,3.0,8.1,-0.35,58.1,50.35,65,130,1007.5,Revert,12259.0
20260119,"(+0,+1)",1,2026-01-19 09:20:00+05:30,2026-01-19 09:20:01+05:30,1.0,8.25,3.2,58.25,46.8,65,130,1488.5,Revert,13747.5
20260121,"(-1,+0)",1,2026-01-21 10:43:24+05:30,2026-01-21 10:43:28+05:30,4.0,10.7,-1.0,60.7,51.02,65,130,1257.75,Revert,15005.25
20260121,"(-1,+0)",1,2026-01-21 10:56:10+05:30,2026-01-21 10:56:14+05:30,4.0,8.03,-0.7,58.03,50.7,65,130,952.25,Revert,15957.5
20260121,"(-1,+1)",-1,2026-01-21 10:57:00+05:30,2026-01-21 10:57:01+05:30,1.0,8.25,1.25,91.75,101.25,65,130,1235.0,Revert,17192.5
20260121,"(-1,+0)",-1,2026-01-21 10:58:10+05:30,2026-01-21 10:58:12+05:30,2.0,8.4,1.15,41.6,51.15,65,130,1241.5,Revert,18434.0
20260121,"(-1,+0)",1,2026-01-21 11:10:37+05:30,2026-01-21 11:10:38+05:30,1.0,8.05,-0.75,58.05,50.75,65,130,949.0,Revert,19383.0
20260121,"(+0,+1)",-1,2026-01-21 11:14:55+05:30,2026-01-21 11:14:56+05:30,1.0,8.22,0.0,41.78,49.95,65,130,1062.75,Revert,20445.75
20260121,"(-1,+0)",1,2026-01-21 11:19:40+05:30,2026-01-21 11:19:42+05:30,2.0,8.65,0.45,58.65,49.55,65,130,1183.0,Revert,21628.75
20260121,"(-1,+0)",1,2026-01-21 11:47:13+05:30,2026-01-21 11:47:14+05:30,1.0,9.6,0.25,59.6,49.85,65,130,1267.5,Revert,22896.25
20260121,"(-1,+0)",1,2026-01-21 11:51:43+05:30,2026-01-21 11:51:44+05:30,1.0,8.0,5.3,58.0,44.72,65,130,1725.75,Revert,24622.0
20260121,"(+0,+1)",-1,2026-01-21 12:37:57+05:30,2026-01-21 12:37:59+05:30,2.0,13.2,-0.35,36.8,49.65,65,130,1670.5,Revert,26292.5
20260121,"(-1,+0)",1,2026-01-21 12:45:08+05:30,2026-01-21 12:45:09+05:30,1.0,9.33,0.05,59.32,49.98,65,130,1215.5,Revert,27508.0
20260121,"(-1,+1)",-1,2026-01-21 13:18:47+05:30,2026-01-21 13:18:51+05:30,4.0,9.05,-0.15,90.95,99.85,65,130,1157.0,Revert,28665.0
20260121,"(-1,+0)",-1,2026-01-21 13:39:01+05:30,2026-01-21 13:39:04+05:30,3.0,13.45,-0.05,36.55,49.95,65,130,1742.0,Revert,30407.0
20260121,"(-1,+1)",1,2026-01-21 13:53:01+05:30,2026-01-21 13:53:03+05:30,2.0,10.25,0.3,110.25,99.7,65,130,1371.5,Revert,31778.5
20260121,"(-1,+1)",1,2026-01-21 14:14:19+05:30,2026-01-21 14:14:20+05:30,1.0,8.4,-0.75,108.4,100.78,65,130,991.25,Revert,32769.75
20260121,"(+0,+1)",1,2026-01-21 14:17:42+05:30,2026-01-21 14:17:43+05:30,1.0,14.65,2.25,64.65,47.78,65,130,2193.75,Revert,34963.5
20260121,"(-1,+0)",-1,2026-01-21 14:34:06+05:30,2026-01-21 14:34:08+05:30,2.0,8.6,1.05,41.4,51.0,65,130,1248.0,Revert,36211.5
20260121,"(-1,+0)",1,2026-01-21 14:44:01+05:30,2026-01-21 14:44:02+05:30,1.0,8.35,-0.75,58.35,50.78,65,130,984.75,Revert,37196.25
20260122,"(-1,+1)",1,2026-01-22 09:38:58+05:30,2026-01-22 09:38:59+05:30,1.0,10.95,-0.65,110.95,100.65,65,130,1339.0,Revert,38535.25
20260122,"(-1,+0)",1,2026-01-22 10:19:30+05:30,2026-01-22 10:19:31+05:30,1.0,10.45,-0.95,60.45,50.95,65,130,1235.0,Revert,39770.25
20260122,"(-1,+1)",-1,2026-01-22 10:28:02+05:30,2026-01-22 10:28:05+05:30,3.0,8.35,-0.9,91.65,99.1,65,130,968.5,Revert,40738.75
20260122,"(+0,+1)",1,2026-01-22 10:32:54+05:30,2026-01-22 10:32:56+05:30,2.0,8.6,0.95,58.6,49.05,65,130,1241.5,Revert,41980.25
20260122,"(+0,+1)",1,2026-01-22 11:42:15+05:30,2026-01-22 11:42:19+05:30,4.0,9.3,-0.45,59.3,50.45,65,130,1150.5,Revert,43130.75
20260122,"(+0,+1)",1,2026-01-22 11:47:40+05:30,2026-01-22 11:47:44+05:30,4.0,12.57,-0.6,62.57,50.62,65,130,1553.5,Revert,44684.25
20260122,"(-1,+0)",-1,2026-01-22 12:46:46+05:30,2026-01-22 12:46:48+05:30,2.0,8.75,-0.55,41.25,49.4,65,130,1059.5,Revert,45743.75
20260122,"(-1,+1)",1,2026-01-22 14:16:00+05:30,2026-01-22 14:16:01+05:30,1.0,12.55,0.75,112.55,99.25,65,130,1729.0,Revert,47472.75
20260122,"(-1,+1)",-1,2026-01-22 14:18:59+05:30,2026-01-22 14:19:01+05:30,2.0,10.0,-0.65,90.0,99.32,65,130,1212.25,Revert,48685.0
20260122,"(-1,+0)",1,2026-01-22 14:59:00+05:30,2026-01-22 14:59:01+05:30,1.0,11.75,2.8,61.75,47.2,65,130,1891.5,Revert,50576.5
20260122,"(+0,+1)",-1,2026-01-22 15:06:53+05:30,2026-01-22 15:06:55+05:30,2.0,9.95,-0.5,40.05,49.43,65,130,1218.75,Revert,51795.25
20260123,"(+0,+1)",1,2026-01-23 09:18:49+05:30,2026-01-23 09:18:50+05:30,1.0,11.95,3.35,61.95,46.7,65,130,1982.5,Revert,53777.75
20260123,"(+0,+1)",-1,2026-01-23 09:27:59+05:30,2026-01-23 09:28:00+05:30,1.0,8.65,-0.7,41.35,49.3,65,130,1033.5,Revert,54811.25
20260123,"(+0,+1)",-1,2026-01-23 09:35:50+05:30,2026-01-23 09:35:54+05:30,4.0,10.35,0.35,39.65,50.35,65,130,1391.0,Revert,56202.25
20260123,"(-1,+1)",1,2026-01-23 09:46:52+05:30,2026-01-23 09:46:53+05:30,1.0,9.15,-0.85,109.15,100.88,65,130,1075.75,Revert,57278.0
20260123,"(-1,+1)",-1,2026-01-23 10:04:58+05:30,2026-01-23 10:04:59+05:30,1.0,12.45,-0.55,87.55,99.45,65,130,1547.0,Revert,58825.0
20260123,"(-1,+0)",-1,2026-01-23 14:15:40+05:30,2026-01-23 14:15:41+05:30,1.0,8.65,-0.8,41.35,49.2,65,130,1020.5,Revert,59845.5
20260123,"(+0,+1)",1,2026-01-23 14:39:54+05:30,2026-01-23 14:39:55+05:30,1.0,8.6,0.2,58.6,49.8,65,130,1144.0,Revert,60989.5
20260123,"(-1,+1)",1,2026-01-23 15:03:00+05:30,2026-01-23 15:03:02+05:30,2.0,13.95,0.7,113.95,99.3,65,130,1904.5,Revert,62894.0
20260127,"(-1,+0)",-1,2026-01-27 09:18:23+05:30,2026-01-27 09:18:25+05:30,2.0,12.03,-0.45,37.97,49.52,65,130,1501.5,Revert,64395.5
20260127,"(-1,+0)",1,2026-01-27 09:18:58+05:30,2026-01-27 09:18:59+05:30,1.0,9.1,2.4,59.1,47.6,65,130,1495.0,Revert,65890.5
20260127,"(-1,+1)",-1,2026-01-27 09:19:03+05:30,2026-01-27 09:19:05+05:30,2.0,8.05,-0.55,91.95,99.43,65,130,971.75,Revert,66862.25
20260127,"(-1,+0)",-1,2026-01-27 09:20:53+05:30,2026-01-27 09:20:55+05:30,2.0,8.3,-0.55,41.7,49.45,65,130,1007.5,Revert,67869.75
20260127,"(-1,+1)",-1,2026-01-27 09:21:46+05:30,2026-01-27 09:21:48+05:30,2.0,9.25,-0.15,90.75,99.8,65,130,1176.5,Revert,69046.25
20260127,"(-1,+1)",-1,2026-01-27 09:22:02+05:30,2026-01-27 09:22:03+05:30,1.0,8.1,0.9,91.9,100.85,65,130,1163.5,Revert,70209.75
20260127,"(-1,+0)",-1,2026-01-27 09:22:50+05:30,2026-01-27 09:22:52+05:30,2.0,19.75,-0.1,30.25,49.9,65,130,2554.5,Revert,72764.25
20260127,"(-1,+0)",1,2026-01-27 09:22:55+05:30,2026-01-27 09:22:57+05:30,2.0,9.08,2.45,59.08,47.55,65,130,1498.25,Revert,74262.5
20260127,"(+0,+1)",1,2026-01-27 09:22:58+05:30,2026-01-27 09:22:59+05:30,1.0,8.35,-0.1,58.35,50.18,65,130,1062.75,Revert,75325.25
20260127,"(-1,+0)",-1,2026-01-27 09:25:10+05:30,2026-01-27 09:25:11+05:30,1.0,8.47,-0.4,41.53,49.57,65,130,1046.5,Revert,76371.75
20260127,"(-1,+1)",1,2026-01-27 09:26:24+05:30,2026-01-27 09:26:26+05:30,2.0,10.9,1.9,110.9,98.13,65,130,1660.75,Revert,78032.5
20260127,"(-1,+1)",-1,2026-01-27 09:28:01+05:30,2026-01-27 09:28:05+05:30,4.0,8.1,-0.2,91.9,99.8,65,130,1027.0,Revert,79059.5
20260127,"(-1,+1)",1,2026-01-27 09:31:04+05:30,2026-01-27 09:31:05+05:30,1.0,10.15,0.95,110.15,99.05,65,130,1443.0,Revert,80502.5
20260127,"(-1,+1)",-1,2026-01-27 09:37:05+05:30,2026-01-27 09:37:06+05:30,1.0,8.58,1.85,91.42,101.85,65,130,1355.25,Revert,81857.75
20260127,"(-1,+1)",1,2026-01-27 09:38:16+05:30,2026-01-27 09:38:18+05:30,2.0,10.17,3.3,110.17,96.7,65,130,1751.75,Revert,83609.5
20260127,"(-1,+1)",1,2026-01-27 09:38:19+05:30,2026-01-27 09:38:22+05:30,3.0,10.58,1.5,110.58,98.53,65,130,1566.5,Revert,85176.0
20260127,"(+0,+1)",-1,2026-01-27 09:39:27+05:30,2026-01-27 09:39:29+05:30,2.0,11.25,-0.0,38.75,49.97,65,130,1459.25,Revert,86635.25
20260127,"(-1,+1)",1,2026-01-27 09:42:06+05:30,2026-01-27 09:42:08+05:30,2.0,8.57,3.6,108.57,96.4,65,130,1582.75,Revert,88218.0
20260127,"(+0,+1)",1,2026-01-27 09:43:26+05:30,2026-01-27 09:43:27+05:30,1.0,14.12,1.65,64.12,48.35,65,130,2050.75,Revert,90268.75
20260127,"(+0,+1)",1,2026-01-27 10:09:02+05:30,2026-01-27 10:09:03+05:30,1.0,8.2,-0.05,58.2,50.07,65,130,1056.25,Revert,91325.0
20260127,"(-1,+1)",1,2026-01-27 10:16:12+05:30,2026-01-27 10:16:13+05:30,1.0,10.75,0.3,110.75,99.7,65,130,1436.5,Revert,92761.5
20260127,"(+0,+1)",-1,2026-01-27 10:30:00+05:30,2026-01-27 10:30:01+05:30,1.0,10.4,0.05,39.6,50.05,65,130,1358.5,Revert,94120.0
20260127,"(+0,+1)",-1,2026-01-27 11:08:04+05:30,2026-01-27 11:08:06+05:30,2.0,9.42,-0.8,40.58,49.2,65,130,1121.25,Revert,95241.25
20260127,"(-1,+0)",1,2026-01-27 11:09:34+05:30,2026-01-27 11:09:35+05:30,1.0,19.85,0.35,69.85,49.65,65,130,2626.0,Revert,97867.25
20260127,"(-1,+0)",1,2026-01-27 11:17:01+05:30,2026-01-27 11:17:02+05:30,1.0,8.05,0.3,58.05,49.73,65,130,1082.25,Revert,98949.5
20260127,"(+0,+1)",-1,2026-01-27 11:21:31+05:30,2026-01-27 11:21:32+05:30,1.0,12.4,0.4,37.6,50.4,65,130,1664.0,Revert,100613.5
20260127,"(-1,+1)",1,2026-01-27 11:26:48+05:30,2026-01-27 11:26:50+05:30,2.0,11.05,-0.1,111.05,100.1,65,130,1423.5,Revert,102037.0
20260127,"(+0,+1)",-1,2026-01-27 11:45:21+05:30,2026-01-27 11:45:23+05:30,2.0,8.55,-0.85,41.45,49.15,65,130,1001.0,Revert,103038.0
20260127,"(-1,+1)",1,2026-01-27 12:31:10+05:30,2026-01-27 12:31:12+05:30,2.0,8.3,0.6,108.3,99.4,65,130,1157.0,Revert,104195.0
20260127,"(-1,+1)",1,2026-01-27 13:52:55+05:30,2026-01-27 13:52:56+05:30,1.0,8.1,0.0,108.1,100.0,65,130,1053.0,Revert,105248.0
20260128,"(-1,+1)",1,2026-01-28 09:18:34+05:30,2026-01-28 09:18:37+05:30,3.0,8.55,0.25,108.55,99.93,65,130,1121.25,Revert,106369.25
20260128,"(-1,+1)",-1,2026-01-28 09:20:09+05:30,2026-01-28 09:20:11+05:30,2.0,10.75,0.6,89.25,100.6,65,130,1475.5,Revert,107844.75
20260128,"(+0,+1)",-1,2026-01-28 09:26:52+05:30,2026-01-28 09:26:53+05:30,1.0,10.2,0.75,39.8,50.75,65,130,1423.5,Revert,109268.25
20260128,"(+0,+1)",-1,2026-01-28 10:09:00+05:30,2026-01-28 10:09:03+05:30,3.0,8.55,0.1,41.45,50.1,65,130,1124.5,Revert,110392.75
20260128,"(+0,+1)",1,2026-01-28 13:48:29+05:30,2026-01-28 13:48:30+05:30,1.0,9.55,0.0,59.55,50.05,65,130,1235.0,Revert,111627.75
20260130,"(+0,+1)",-1,2026-01-30 09:54:26+05:30,2026-01-30 09:54:27+05:30,1.0,10.37,-0.45,39.63,49.5,65,130,1283.75,Revert,112911.5
20260130,"(+0,+1)",-1,2026-01-30 13:15:03+05:30,2026-01-30 13:15:04+05:30,1.0,14.32,-0.95,35.68,49.05,65,130,1738.75,Revert,114650.25
20260130,"(-1,+1)",-1,2026-01-30 14:42:13+05:30,2026-01-30 14:42:14+05:30,1.0,9.53,-1.0,90.48,98.95,65,130,1101.75,Revert,115752.0
20260201,"(+0,+1)",1,2026-02-01 11:08:46+05:30,2026-02-01 11:08:47+05:30,1.0,9.72,15.35,59.72,34.65,65,130,3259.75,Revert,119011.75
20260201,"(+0,+1)",-1,2026-02-01 11:08:47+05:30,2026-02-01 11:08:48+05:30,1.0,15.35,-0.7,34.65,49.28,65,130,1901.25,Revert,120913.0
20260201,"(-1,+0)",1,2026-02-01 11:42:44+05:30,2026-02-01 11:42:48+05:30,4.0,8.6,-0.75,58.6,50.75,65,130,1020.5,Revert,121933.5
20260201,"(-1,+1)",1,2026-02-01 11:55:38+05:30,2026-02-01 11:55:39+05:30,1.0,8.65,3.5,108.65,96.55,65,130,1573.0,Revert,123506.5
20260201,"(-1,+0)",1,2026-02-01 12:07:42+05:30,2026-02-01 12:07:43+05:30,1.0,14.95,-0.2,64.95,50.22,65,130,1914.25,Revert,125420.75
20260201,"(+0,+1)",-1,2026-02-01 12:08:33+05:30,2026-02-01 12:08:35+05:30,2.0,10.22,5.95,39.78,55.92,65,130,2099.5,Revert,127520.25
20260201,"(-1,+0)",-1,2026-02-01 12:11:48+05:30,2026-02-01 12:11:51+05:30,3.0,12.8,1.6,37.2,51.58,65,130,1868.75,Revert,129389.0
20260201,"(-1,+1)",1,2026-02-01 12:11:57+05:30,2026-02-01 12:11:58+05:30,1.0,9.78,0.85,109.78,99.22,65,130,1371.5,Revert,130760.5
20260201,"(+0,+1)",-1,2026-02-01 12:12:00+05:30,2026-02-01 12:12:02+05:30,2.0,8.25,0.3,41.75,50.25,65,130,1105.0,Revert,131865.5
20260201,"(+0,+1)",1,2026-02-01 12:12:27+05:30,2026-02-01 12:12:29+05:30,2.0,10.25,-0.15,60.25,50.17,65,130,1309.75,Revert,133175.25
20260201,"(-1,+1)",-1,2026-02-01 12:16:58+05:30,2026-02-01 12:16:59+05:30,1.0,8.62,-0.45,91.38,99.48,65,130,1053.0,Revert,134228.25
20260201,"(-1,+1)",-1,2026-02-01 12:18:53+05:30,2026-02-01 12:18:54+05:30,1.0,9.2,-0.1,90.8,99.9,65,130,1183.0,Revert,135411.25
20260201,"(-1,+0)",-1,2026-02-01 12:19:53+05:30,2026-02-01 12:19:54+05:30,1.0,11.35,0.65,38.65,50.62,65,130,1556.75,Revert,136968.0
20260201,"(-1,+1)",1,2026-02-01 12:20:09+05:30,2026-02-01 12:20:12+05:30,3.0,15.12,3.25,115.12,96.77,65,130,2385.5,Revert,139353.5
20260201,"(-1,+0)",-1,2026-02-01 12:20:19+05:30,2026-02-01 12:20:21+05:30,2.0,10.0,0.05,40.0,50.05,65,130,1306.5,Revert,140660.0
20260201,"(-1,+1)",-1,2026-02-01 12:20:22+05:30,2026-02-01 12:20:23+05:30,1.0,8.1,2.75,91.9,102.62,65,130,1394.25,Revert,142054.25
20260201,"(-1,+1)",-1,2026-02-01 12:20:24+05:30,2026-02-01 12:20:26+05:30,2.0,9.1,0.4,90.9,100.4,65,130,1235.0,Revert,143289.25
20260201,"(-1,+1)",1,2026-02-01 12:20:28+05:30,2026-02-01 12:20:31+05:30,3.0,9.8,-0.15,109.8,100.15,65,130,1254.5,Revert,144543.75
20260201,"(+0,+1)",1,2026-02-01 12:27:44+05:30,2026-02-01 12:27:45+05:30,1.0,11.8,-0.5,61.8,50.52,65,130,1465.75,Revert,146009.5
20260201,"(-1,+0)",1,2026-02-01 12:30:11+05:30,2026-02-01 12:30:12+05:30,1.0,12.8,-0.05,62.8,50.05,65,130,1657.5,Revert,147667.0
20260201,"(-1,+0)",1,2026-02-01 12:30:18+05:30,2026-02-01 12:30:20+05:30,2.0,11.43,2.45,61.43,47.58,65,130,1800.5,Revert,149467.5
20260201,"(+0,+1)",1,2026-02-01 12:30:23+05:30,2026-02-01 12:30:25+05:30,2.0,14.95,7.65,64.95,42.35,65,130,2938.0,Revert,152405.5
20260201,"(-1,+0)",1,2026-02-01 12:30:25+05:30,2026-02-01 12:30:29+05:30,4.0,11.75,1.95,61.75,48.05,65,130,1781.0,Revert,154186.5
20260201,"(+0,+1)",1,2026-02-01 12:31:13+05:30,2026-02-01 12:31:18+05:30,5.0,9.65,6.15,59.65,43.85,65,130,2054.0,Revert,156240.5
20260201,"(-1,+0)",1,2026-02-01 12:31:18+05:30,2026-02-01 12:31:25+05:30,7.0,9.48,0.5,59.48,49.52,65,130,1293.5,Revert,157534.0
20260201,"(-1,+0)",1,2026-02-01 12:31:33+05:30,2026-02-01 12:31:40+05:30,7.0,15.18,1.4,65.18,48.98,65,130,2106.0,Revert,159640.0
20260201,"(+0,+1)",1,2026-02-01 12:31:43+05:30,2026-02-01 12:31:45+05:30,2.0,27.17,2.8,77.17,47.2,65,130,3896.75,Revert,163536.75
20260201,"(-1,+1)",1,2026-02-01 12:31:52+05:30,2026-02-01 12:31:56+05:30,4.0,9.85,-0.05,109.85,100.05,65,130,1274.0,Revert,164810.75
20260201,"(-1,+1)",1,2026-02-01 12:32:05+05:30,2026-02-01 12:32:09+05:30,4.0,14.75,2.95,114.75,97.07,65,130,2297.75,Revert,167108.5
20260201,"(-1,+1)",1,2026-02-01 12:32:10+05:30,2026-02-01 12:32:11+05:30,1.0,14.95,0.55,114.95,100.1,65,130,1930.5,Revert,169039.0
20260201,"(-1,+0)",1,2026-02-01 12:32:23+05:30,2026-02-01 12:32:25+05:30,2.0,10.62,-0.45,60.62,50.5,65,130,1316.25,Revert,170355.25
20260201,"(-1,+0)",-1,2026-02-01 12:32:43+05:30,2026-02-01 12:32:45+05:30,2.0,11.58,-0.1,38.42,49.88,65,130,1488.5,Revert,171843.75
20260201,"(+0,+1)",1,2026-02-01 12:33:03+05:30,2026-02-01 12:33:19+05:30,16.0,12.47,0.5,62.47,49.52,65,130,1683.5,Revert,173527.25
20260201,"(+0,+1)",-1,2026-02-01 12:33:25+05:30,2026-02-01 12:33:26+05:30,1.0,13.1,-0.65,36.9,49.35,65,130,1618.5,Revert,175145.75
20260201,"(-1,+0)",-1,2026-02-01 12:33:28+05:30,2026-02-01 12:33:29+05:30,1.0,14.42,-0.5,35.58,49.48,65,130,1807.0,Revert,176952.75
20260201,"(-1,+0)",1,2026-02-01 12:33:43+05:30,2026-02-01 12:34:00+05:30,17.0,10.65,-0.8,60.65,50.8,65,130,1280.5,Revert,178233.25
20260201,"(-1,+0)",-1,2026-02-01 12:34:05+05:30,2026-02-01 12:34:07+05:30,2.0,9.73,0.7,40.27,50.63,65,130,1345.5,Revert,179578.75
20260201,"(-1,+1)",1,2026-02-01 12:34:07+05:30,2026-02-01 12:34:10+05:30,3.0,9.33,3.55,109.33,96.88,65,130,1618.5,Revert,181197.25
20260201,"(+0,+1)",1,2026-02-01 12:34:17+05:30,2026-02-01 12:34:18+05:30,1.0,11.7,-0.9,61.7,50.92,65,130,1400.75,Revert,182598.0
20260201,"(+0,+1)",-1,2026-02-01 12:34:19+05:30,2026-02-01 12:34:20+05:30,1.0,9.3,3.25,40.7,53.23,65,130,1628.25,Revert,184226.25
20260201,"(+0,+1)",1,2026-02-01 12:34:34+05:30,2026-02-01 12:34:35+05:30,1.0,12.33,8.65,62.33,41.35,65,130,2726.75,Revert,186953.0
20260201,"(-1,+1)",-1,2026-02-01 12:34:35+05:30,2026-02-01 12:34:37+05:30,2.0,9.55,6.35,90.45,106.28,65,130,2057.25,Revert,189010.25
20260201,"(-1,+0)",-1,2026-02-01 12:35:05+05:30,2026-02-01 12:35:10+05:30,5.0,8.0,0.7,42.0,50.7,65,130,1131.0,Revert,190141.25
20260201,"(-1,+1)",-1,2026-02-01 12:35:30+05:30,2026-02-01 12:35:31+05:30,1.0,8.85,-0.8,91.15,98.9,65,130,1007.5,Revert,191148.75
20260201,"(-1,+1)",1,2026-02-01 12:36:05+05:30,2026-02-01 12:36:07+05:30,2.0,8.18,-0.65,108.18,100.65,65,130,978.25,Revert,192127.0
20260201,"(+0,+1)",1,2026-02-01 12:36:42+05:30,2026-02-01 12:36:51+05:30,9.0,13.07,0.25,63.07,49.78,65,130,1729.0,Revert,193856.0
20260201,"(-1,+0)",-1,2026-02-01 12:36:53+05:30,2026-02-01 12:36:54+05:30,1.0,11.22,0.15,38.78,50.15,65,130,1478.75,Revert,195334.75
20260201,"(-1,+1)",1,2026-02-01 12:36:55+05:30,2026-02-01 12:36:56+05:30,1.0,8.75,1.45,108.75,98.57,65,130,1322.75,Revert,196657.5
20260201,"(-1,+1)",1,2026-02-01 12:37:00+05:30,2026-02-01 12:37:01+05:30,1.0,9.65,7.15,109.65,92.85,65,130,2184.0,Revert,198841.5
20260201,"(-1,+0)",-1,2026-02-01 12:37:01+05:30,2026-02-01 12:37:03+05:30,2.0,10.85,4.0,39.15,53.97,65,130,1927.25,Revert,200768.75
20260201,"(-1,+0)",-1,2026-02-01 12:37:21+05:30,2026-02-01 12:37:22+05:30,1.0,8.15,2.1,41.85,51.82,65,130,1296.75,Revert,202065.5
20260201,"(-1,+1)",1,2026-02-01 12:37:22+05:30,2026-02-01 12:37:28+05:30,6.0,8.52,1.55,108.52,98.45,65,130,1309.75,Revert,203375.25
20260201,"(+0,+1)",1,2026-02-01 12:37:30+05:30,2026-02-01 12:37:31+05:30,1.0,9.55,0.35,59.55,49.7,65,130,1280.5,Revert,204655.75
20260201,"(-1,+1)",1,2026-02-01 12:37:34+05:30,2026-02-01 12:37:36+05:30,2.0,8.97,1.7,108.97,98.32,65,130,1384.5,Revert,206040.25
20260201,"(-1,+0)",1,2026-02-01 12:37:42+05:30,2026-02-01 12:37:45+05:30,3.0,8.2,-0.2,58.2,50.2,65,130,1040.0,Revert,207080.25
20260201,"(-1,+0)",-1,2026-02-01 12:37:47+05:30,2026-02-01 12:37:50+05:30,3.0,14.15,1.6,35.85,51.57,65,130,2044.25,Revert,209124.5
20260201,"(+0,+1)",1,2026-02-01 12:38:30+05:30,2026-02-01 12:38:39+05:30,9.0,10.95,-0.9,60.95,50.9,65,130,1306.5,Revert,210431.0
20260201,"(-1,+1)",1,2026-02-01 12:38:52+05:30,2026-02-01 12:38:54+05:30,2.0,9.8,0.75,109.8,99.3,65,130,1365.0,Revert,211796.0
20260201,"(-1,+1)",-1,2026-02-01 12:39:42+05:30,2026-02-01 12:39:47+05:30,5.0,12.18,6.5,87.82,106.5,65,130,2427.75,Revert,214223.75
20260201,"(-1,+1)",-1,2026-02-01 12:41:07+05:30,2026-02-01 12:41:08+05:30,1.0,8.7,1.8,91.3,101.77,65,130,1361.75,Revert,215585.5
20260201,"(-1,+0)",-1,2026-02-01 12:44:08+05:30,2026-02-01 12:44:09+05:30,1.0,8.7,-0.95,41.3,49.02,65,130,1004.25,Revert,216589.75
20260201,"(+0,+1)",1,2026-02-01 12:45:37+05:30,2026-02-01 12:45:38+05:30,1.0,8.72,-0.6,58.72,50.6,65,130,1056.25,Revert,217646.0
20260201,"(-1,+0)",1,2026-02-01 12:49:19+05:30,2026-02-01 12:49:20+05:30,1.0,8.95,5.1,58.95,44.92,65,130,1823.25,Revert,219469.25
20260201,"(-1,+1)",-1,2026-02-01 12:49:24+05:30,2026-02-01 12:49:25+05:30,1.0,10.88,4.85,89.12,104.85,65,130,2044.25,Revert,221513.5
20260201,"(-1,+1)",1,2026-02-01 12:57:05+05:30,2026-02-01 12:57:06+05:30,1.0,9.52,0.35,109.52,99.72,65,130,1274.0,Revert,222787.5
20260201,"(-1,+0)",-1,2026-02-01 12:59:38+05:30,2026-02-01 12:59:39+05:30,1.0,9.45,-0.8,40.55,49.18,65,130,1121.25,Revert,223908.75
20260201,"(-1,+0)",1,2026-02-01 13:14:08+05:30,2026-02-01 13:14:11+05:30,3.0,10.07,3.05,60.07,46.97,65,130,1703.0,Revert,225611.75
20260201,"(-1,+1)",1,2026-02-01 13:15:02+05:30,2026-02-01 13:15:03+05:30,1.0,10.72,-0.5,110.72,100.52,65,130,1326.0,Revert,226937.75
20260201,"(+0,+1)",1,2026-02-01 13:32:06+05:30,2026-02-01 13:32:07+05:30,1.0,9.65,0.75,59.65,49.25,65,130,1352.0,Revert,228289.75
20260201,"(-1,+0)",1,2026-02-01 13:32:09+05:30,2026-02-01 13:32:10+05:30,1.0,8.03,-0.85,58.03,50.9,65,130,926.25,Revert,229216.0
20260201,"(-1,+0)",-1,2026-02-01 14:36:31+05:30,2026-02-01 14:36:32+05:30,1.0,8.45,3.5,41.55,53.5,65,130,1553.5,Revert,230769.5
20260201,"(+0,+1)",-1,2026-02-01 14:58:06+05:30,2026-02-01 14:58:08+05:30,2.0,11.5,-0.3,38.5,49.7,65,130,1456.0,Revert,232225.5
20260201,"(-1,+0)",-1,2026-02-01 15:06:23+05:30,2026-02-01 15:06:27+05:30,4.0,8.6,0.45,41.4,50.45,65,130,1176.5,Revert,233402.0
20260202,"(-1,+1)",1,2026-02-02 09:20:43+05:30,2026-02-02 09:20:44+05:30,1.0,12.6,0.2,112.6,99.82,65,130,1660.75,Revert,235062.75
20260202,"(-1,+1)",1,2026-02-02 09:21:23+05:30,2026-02-02 09:21:24+05:30,1.0,8.85,-0.8,108.85,100.8,65,130,1046.5,Revert,236109.25
20260202,"(-1,+1)",-1,2026-02-02 09:25:55+05:30,2026-02-02 09:25:56+05:30,1.0,10.25,1.6,89.75,101.6,65,130,1540.5,Revert,237649.75
20260202,"(-1,+1)",-1,2026-02-02 10:01:44+05:30,2026-02-02 10:01:46+05:30,2.0,8.75,-0.35,91.25,99.65,65,130,1092.0,Revert,238741.75
20260202,"(-1,+0)",-1,2026-02-02 10:11:31+05:30,2026-02-02 10:11:32+05:30,1.0,8.43,0.75,41.57,50.75,65,130,1192.75,Revert,239934.5
20260202,"(+0,+1)",1,2026-02-02 12:14:36+05:30,2026-02-02 12:14:37+05:30,1.0,10.33,-0.95,60.32,50.95,65,130,1218.75,Revert,241153.25
20260202,"(-1,+1)",1,2026-02-02 14:31:02+05:30,2026-02-02 14:31:03+05:30,1.0,12.35,-0.05,112.35,100.05,65,130,1599.0,Revert,242752.25
20260203,"(-1,+1)",1,2026-02-03 09:26:44+05:30,2026-02-03 09:26:48+05:30,4.0,9.97,2.25,109.98,97.75,65,130,1589.25,Revert,244341.5
20260203,"(-1,+0)",1,2026-02-03 09:28:00+05:30,2026-02-03 09:28:01+05:30,1.0,10.95,-0.65,60.95,50.7,65,130,1332.5,Revert,245674.0
20260203,"(+0,+1)",1,2026-02-03 09:40:15+05:30,2026-02-03 09:40:19+05:30,4.0,10.2,1.1,60.2,48.9,65,130,1469.0,Revert,247143.0
20260203,"(-1,+1)",-1,2026-02-03 09:43:18+05:30,2026-02-03 09:43:19+05:30,1.0,8.58,-0.05,91.42,99.95,65,130,1108.25,Revert,248251.25
20260203,"(+0,+1)",-1,2026-02-03 09:56:02+05:30,2026-02-03 09:56:03+05:30,1.0,18.45,-0.9,31.55,49.1,65,130,2281.5,Revert,250532.75
20260203,"(+0,+1)",1,2026-02-03 10:29:55+05:30,2026-02-03 10:29:58+05:30,3.0,10.93,-0.4,60.93,50.42,65,130,1365.0,Revert,251897.75
20260203,"(-1,+0)",-1,2026-02-03 12:55:02+05:30,2026-02-03 12:55:04+05:30,2.0,12.75,0.45,37.25,50.45,65,130,1716.0,Revert,253613.75
20260203,"(+0,+1)",-1,2026-02-03 13:26:00+05:30,2026-02-03 13:26:03+05:30,3.0,11.05,0.85,38.95,50.85,65,130,1547.0,Revert,255160.75
20260203,"(-1,+1)",1,2026-02-03 14:30:06+05:30,2026-02-03 14:30:07+05:30,1.0,10.6,0.55,110.6,99.45,65,130,1449.5,Revert,256610.25
20260206,"(+0,+1)",-1,2026-02-06 09:39:28+05:30,2026-02-06 09:39:29+05:30,1.0,8.55,2.15,41.45,52.15,65,130,1391.0,Revert,258001.25
20260206,"(-1,+1)",-1,2026-02-06 13:52:43+05:30,2026-02-06 13:52:44+05:30,1.0,11.2,2.1,88.8,102.1,65,130,1729.0,Revert,259730.25
20260216,"(+0,+1)",1,2026-02-16 14:28:48+05:30,2026-02-16 14:28:49+05:30,1.0,9.2,-0.35,59.2,50.35,65,130,1150.5,Revert,260880.75
20260217,"(-1,+1)",1,2026-02-17 09:42:40+05:30,2026-02-17 09:42:41+05:30,1.0,8.2,0.15,108.2,99.85,65,130,1085.5,Revert,261966.25
20260302,"(-1,+1)",-1,2026-03-02 09:18:01+05:30,2026-03-02 09:18:02+05:30,1.0,8.8,-0.6,91.2,99.4,65,130,1066.0,Revert,263032.25
20260302,"(-1,+1)",-1,2026-03-02 09:18:59+05:30,2026-03-02 09:19:01+05:30,2.0,10.2,-0.7,89.8,99.25,65,130,1228.5,Revert,264260.75
20260302,"(+0,+1)",1,2026-03-02 09:19:42+05:30,2026-03-02 09:19:45+05:30,3.0,10.15,-0.65,60.15,50.65,65,130,1235.0,Revert,265495.75
20260302,"(+0,+1)",-1,2026-03-02 09:21:00+05:30,2026-03-02 09:21:01+05:30,1.0,10.03,0.65,39.97,50.65,65,130,1387.75,Revert,266883.5
20260302,"(-1,+1)",1,2026-03-02 09:23:50+05:30,2026-03-02 09:23:51+05:30,1.0,8.0,3.75,108.0,96.25,65,130,1527.5,Revert,268411.0
20260302,"(-1,+1)",1,2026-03-02 09:50:13+05:30,2026-03-02 09:50:14+05:30,1.0,9.33,-0.85,109.33,100.9,65,130,1095.25,Revert,269506.25
20260302,"(-1,+0)",1,2026-03-02 10:37:46+05:30,2026-03-02 10:37:47+05:30,1.0,8.35,3.0,58.35,47.0,65,130,1475.5,Revert,270981.75
20260302,"(+0,+1)",1,2026-03-02 10:37:47+05:30,2026-03-02 10:37:48+05:30,1.0,10.15,1.55,60.15,48.45,65,130,1521.0,Revert,272502.75
20260302,"(-1,+1)",-1,2026-03-02 12:15:03+05:30,2026-03-02 12:15:04+05:30,1.0,15.85,1.95,84.15,101.95,65,130,2314.0,Revert,274816.75
20260302,"(+0,+1)",-1,2026-03-02 14:03:49+05:30,2026-03-02 14:03:50+05:30,1.0,8.03,-0.3,41.97,49.67,65,130,1001.0,Revert,275817.75
20260302,"(+0,+1)",-1,2026-03-02 14:04:01+05:30,2026-03-02 14:04:02+05:30,1.0,9.68,0.1,40.32,50.05,65,130,1264.25,Revert,277082.0
20260302,"(-1,+0)",1,2026-03-02 14:04:06+05:30,2026-03-02 14:04:07+05:30,1.0,10.7,-0.25,60.7,50.25,65,130,1358.5,Revert,278440.5
20260302,"(-1,+1)",-1,2026-03-02 14:04:32+05:30,2026-03-02 14:04:33+05:30,1.0,8.85,0.2,91.15,100.18,65,130,1173.25,Revert,279613.75
20260302,"(-1,+1)",-1,2026-03-02 14:07:14+05:30,2026-03-02 14:07:19+05:30,5.0,8.33,-0.5,91.68,99.5,65,130,1017.25,Revert,280631.0
20260302,"(+0,+1)",-1,2026-03-02 14:08:08+05:30,2026-03-02 14:08:11+05:30,3.0,11.45,8.2,38.55,58.18,65,130,2551.25,Revert,283182.25
20260302,"(+0,+1)",1,2026-03-02 14:08:11+05:30,2026-03-02 14:08:12+05:30,1.0,8.18,4.15,58.18,45.85,65,130,1602.25,Revert,284784.5
20260302,"(-1,+0)",1,2026-03-02 14:08:25+05:30,2026-03-02 14:08:26+05:30,1.0,9.05,3.3,59.05,46.7,65,130,1605.5,Revert,286390.0
20260302,"(-1,+0)",-1,2026-03-02 14:11:32+05:30,2026-03-02 14:11:34+05:30,2.0,12.35,0.9,37.65,50.85,65,130,1716.0,Revert,288106.0
20260302,"(+0,+1)",-1,2026-03-02 14:35:48+05:30,2026-03-02 14:35:49+05:30,1.0,8.48,0.35,41.52,50.35,65,130,1147.25,Revert,289253.25
20260302,"(-1,+0)",1,2026-03-02 14:48:12+05:30,2026-03-02 14:48:13+05:30,1.0,11.35,-0.35,61.35,50.35,65,130,1430.0,Revert,290683.25
20260302,"(-1,+0)",1,2026-03-02 14:52:12+05:30,2026-03-02 14:52:13+05:30,1.0,8.0,-0.4,58.0,50.4,65,130,988.0,Revert,291671.25
20260302,"(-1,+1)",1,2026-03-02 14:53:01+05:30,2026-03-02 14:53:02+05:30,1.0,9.48,1.65,109.48,98.35,65,130,1446.25,Revert,293117.5
20260302,"(+0,+1)",-1,2026-03-02 14:55:59+05:30,2026-03-02 14:56:00+05:30,1.0,9.1,-0.65,40.9,49.32,65,130,1095.25,Revert,294212.75
20260302,"(+0,+1)",1,2026-03-02 14:56:49+05:30,2026-03-02 14:56:50+05:30,1.0,13.18,3.3,63.18,46.7,65,130,2141.75,Revert,296354.5
20260302,"(+0,+1)",1,2026-03-02 14:57:39+05:30,2026-03-02 14:57:41+05:30,2.0,9.1,-0.5,59.1,50.5,65,130,1118.0,Revert,297472.5
20260302,"(-1,+0)",-1,2026-03-02 15:00:11+05:30,2026-03-02 15:00:12+05:30,1.0,15.35,1.15,34.65,51.15,65,130,2145.0,Revert,299617.5
20260304,"(+0,+1)",1,2026-03-04 14:15:21+05:30,2026-03-04 14:15:23+05:30,2.0,13.15,-0.1,63.15,50.1,65,130,1696.5,Revert,301314.0
20260305,"(-1,+1)",-1,2026-03-05 09:21:06+05:30,2026-03-05 09:21:07+05:30,1.0,13.45,0.35,86.55,100.3,65,130,1787.5,Revert,303101.5
20260305,"(-1,+0)",1,2026-03-05 09:21:08+05:30,2026-03-05 09:21:09+05:30,1.0,8.72,0.4,58.72,49.78,65,130,1163.5,Revert,304265.0
20260305,"(+0,+1)",1,2026-03-05 14:24:51+05:30,2026-03-05 14:24:52+05:30,1.0,10.8,0.9,60.8,49.23,65,130,1504.75,Revert,305769.75
20260305,"(-1,+0)",1,2026-03-05 14:41:39+05:30,2026-03-05 14:41:40+05:30,1.0,8.72,5.9,58.72,44.2,65,130,1888.25,Revert,307658.0
20260306,"(-1,+0)",-1,2026-03-06 14:47:54+05:30,2026-03-06 14:47:55+05:30,1.0,8.35,-0.6,41.65,49.3,65,130,994.5,Revert,308652.5
20260306,"(-1,+0)",-1,2026-03-06 14:48:51+05:30,2026-03-06 14:48:52+05:30,1.0,8.95,0.35,41.05,50.05,65,130,1170.0,Revert,309822.5
20260306,"(+0,+1)",-1,2026-03-06 14:50:58+05:30,2026-03-06 14:50:59+05:30,1.0,9.7,-0.05,40.3,49.9,65,130,1248.0,Revert,311070.5
20260306,"(-1,+1)",-1,2026-03-06 15:00:47+05:30,2026-03-06 15:00:48+05:30,1.0,8.18,-0.45,91.82,99.53,65,130,1001.0,Revert,312071.5
20260306,"(-1,+1)",-1,2026-03-06 15:02:12+05:30,2026-03-06 15:02:17+05:30,5.0,8.8,2.55,91.2,102.45,65,130,1462.5,Revert,313534.0
20260309,"(-1,+0)",1,2026-03-09 09:19:54+05:30,2026-03-09 09:19:55+05:30,1.0,33.3,6.55,83.3,43.5,65,130,5174.0,Revert,318708.0
20260309,"(-1,+1)",1,2026-03-09 09:19:57+05:30,2026-03-09 09:19:58+05:30,1.0,9.85,1.55,109.85,98.5,65,130,1475.5,Revert,320183.5
20260309,"(-1,+1)",1,2026-03-09 09:20:10+05:30,2026-03-09 09:20:14+05:30,4.0,9.1,0.95,109.1,99.12,65,130,1296.75,Revert,321480.25
20260309,"(-1,+1)",1,2026-03-09 09:22:13+05:30,2026-03-09 09:22:16+05:30,3.0,9.1,3.6,109.1,96.4,65,130,1651.0,Revert,323131.25
20260309,"(+0,+1)",-1,2026-03-09 09:22:40+05:30,2026-03-09 09:22:42+05:30,2.0,17.25,1.65,32.75,51.6,65,130,2450.5,Revert,325581.75
20260309,"(-1,+0)",-1,2026-03-09 09:31:09+05:30,2026-03-09 09:31:13+05:30,4.0,9.67,1.0,40.33,51.0,65,130,1387.75,Revert,326969.5
20260309,"(-1,+1)",-1,2026-03-09 10:33:18+05:30,2026-03-09 10:33:20+05:30,2.0,10.4,-0.8,89.6,99.18,65,130,1244.75,Revert,328214.25
20260309,"(-1,+0)",-1,2026-03-09 10:36:43+05:30,2026-03-09 10:36:46+05:30,3.0,10.4,-0.85,39.6,49.1,65,130,1235.0,Revert,329449.25
20260309,"(-1,+1)",-1,2026-03-09 10:50:54+05:30,2026-03-09 10:50:56+05:30,2.0,26.5,-0.8,73.5,99.12,65,130,3331.25,Revert,332780.5
20260309,"(+0,+1)",1,2026-03-09 10:51:02+05:30,2026-03-09 10:51:04+05:30,2.0,9.38,0.05,59.38,49.98,65,130,1222.0,Revert,334002.5
20260309,"(-1,+1)",1,2026-03-09 10:51:13+05:30,2026-03-09 10:51:14+05:30,1.0,11.95,1.75,111.95,98.25,65,130,1781.0,Revert,335783.5
20260309,"(-1,+0)",-1,2026-03-09 10:51:54+05:30,2026-03-09 10:51:55+05:30,1.0,10.95,-0.85,39.05,49.1,65,130,1306.5,Revert,337090.0
20260309,"(-1,+0)",1,2026-03-09 10:51:58+05:30,2026-03-09 10:52:01+05:30,3.0,11.95,3.25,61.95,46.8,65,130,1969.5,Revert,339059.5
20260309,"(-1,+0)",1,2026-03-09 10:56:43+05:30,2026-03-09 10:56:50+05:30,7.0,8.7,0.55,58.7,49.58,65,130,1186.25,Revert,340245.75
20260309,"(-1,+0)",-1,2026-03-09 11:00:39+05:30,2026-03-09 11:00:40+05:30,1.0,8.78,2.0,41.22,51.97,65,130,1397.5,Revert,341643.25
20260309,"(+0,+1)",1,2026-03-09 11:00:41+05:30,2026-03-09 11:00:43+05:30,2.0,8.53,1.2,58.53,48.82,65,130,1261.0,Revert,342904.25
20260309,"(+0,+1)",1,2026-03-09 11:05:34+05:30,2026-03-09 11:05:37+05:30,3.0,9.45,0.9,59.45,49.1,65,130,1345.5,Revert,344249.75
20260309,"(+0,+1)",-1,2026-03-09 11:10:20+05:30,2026-03-09 11:10:22+05:30,2.0,10.03,-0.6,39.97,49.37,65,130,1222.0,Revert,345471.75
20260309,"(+0,+1)",1,2026-03-09 11:13:36+05:30,2026-03-09 11:13:38+05:30,2.0,12.35,-0.8,62.35,50.8,65,130,1501.5,Revert,346973.25
20260309,"(+0,+1)",-1,2026-03-09 11:39:33+05:30,2026-03-09 11:39:35+05:30,2.0,8.62,-0.45,41.38,49.55,65,130,1062.75,Revert,348036.0
20260309,"(-1,+0)",1,2026-03-09 11:40:21+05:30,2026-03-09 11:40:22+05:30,1.0,8.1,2.7,58.1,47.3,65,130,1404.0,Revert,349440.0
20260309,"(-1,+0)",-1,2026-03-09 14:43:00+05:30,2026-03-09 14:43:03+05:30,3.0,9.25,-0.05,40.75,49.88,65,130,1186.25,Revert,350626.25
20260309,"(-1,+1)",-1,2026-03-09 14:46:00+05:30,2026-03-09 14:46:02+05:30,2.0,9.5,3.45,90.5,103.45,65,130,1683.5,Revert,352309.75
20260309,"(-1,+1)",1,2026-03-09 14:46:03+05:30,2026-03-09 14:46:05+05:30,2.0,11.65,3.35,111.65,96.67,65,130,1946.75,Revert,354256.5
20260309,"(+0,+1)",-1,2026-03-09 14:49:03+05:30,2026-03-09 14:49:04+05:30,1.0,11.9,1.9,38.1,51.9,65,130,1794.0,Revert,356050.5
20260309,"(+0,+1)",-1,2026-03-09 14:52:58+05:30,2026-03-09 14:52:59+05:30,1.0,8.0,-0.85,42.0,49.08,65,130,919.75,Revert,356970.25
20260309,"(+0,+1)",1,2026-03-09 14:54:03+05:30,2026-03-09 14:54:06+05:30,3.0,9.35,-0.45,59.35,50.47,65,130,1153.75,Revert,358124.0
20260309,"(-1,+1)",-1,2026-03-09 15:01:03+05:30,2026-03-09 15:01:04+05:30,1.0,8.18,-0.4,91.82,99.6,65,130,1010.75,Revert,359134.75
20260309,"(-1,+1)",1,2026-03-09 15:02:00+05:30,2026-03-09 15:02:01+05:30,1.0,8.85,-0.2,108.85,100.23,65,130,1121.25,Revert,360256.0
20260309,"(+0,+1)",1,2026-03-09 15:02:02+05:30,2026-03-09 15:02:05+05:30,3.0,11.73,5.65,61.73,44.35,65,130,2258.75,Revert,362514.75
20260309,"(-1,+1)",-1,2026-03-09 15:02:49+05:30,2026-03-09 15:02:55+05:30,6.0,11.4,0.0,88.6,100.0,65,130,1482.0,Revert,363996.75
20260309,"(-1,+1)",1,2026-03-09 15:03:12+05:30,2026-03-09 15:03:13+05:30,1.0,8.68,4.85,108.68,95.15,65,130,1758.25,Revert,365755.0
20260309,"(-1,+1)",-1,2026-03-09 15:03:32+05:30,2026-03-09 15:03:34+05:30,2.0,10.0,-0.7,90.0,99.3,65,130,1209.0,Revert,366964.0
20260309,"(-1,+1)",1,2026-03-09 15:05:00+05:30,2026-03-09 15:05:04+05:30,4.0,9.0,-0.4,109.0,100.43,65,130,1114.75,Revert,368078.75
20260309,"(+0,+1)",1,2026-03-09 15:05:57+05:30,2026-03-09 15:05:59+05:30,2.0,9.6,-0.75,59.6,50.8,65,130,1144.0,Revert,369222.75
20260309,"(+0,+1)",1,2026-03-09 15:06:10+05:30,2026-03-09 15:06:11+05:30,1.0,8.25,1.05,58.25,48.98,65,130,1205.75,Revert,370428.5
20260309,"(-1,+1)",-1,2026-03-09 15:06:12+05:30,2026-03-09 15:06:13+05:30,1.0,9.63,7.6,90.37,107.57,65,130,2236.0,Revert,372664.5
20260309,"(-1,+1)",-1,2026-03-09 15:10:20+05:30,2026-03-09 15:10:23+05:30,3.0,9.25,-0.65,90.75,99.35,65,130,1118.0,Revert,373782.5
20260309,"(+0,+1)",-1,2026-03-09 15:16:01+05:30,2026-03-09 15:16:02+05:30,1.0,9.25,-1.0,40.75,49.0,65,130,1072.5,Revert,374855.0
20260310,"(-1,+0)",-1,2026-03-10 09:18:59+05:30,2026-03-10 09:19:00+05:30,1.0,11.57,3.85,38.43,53.85,65,130,2005.25,Revert,376860.25
20260310,"(-1,+0)",1,2026-03-10 10:14:43+05:30,2026-03-10 10:14:44+05:30,1.0,11.0,0.8,61.0,49.25,65,130,1527.5,Revert,378387.75
20260310,"(-1,+0)",1,2026-03-10 10:31:57+05:30,2026-03-10 10:31:58+05:30,1.0,9.1,1.05,59.1,48.95,65,130,1319.5,Revert,379707.25
20260310,"(+0,+1)",-1,2026-03-10 12:15:04+05:30,2026-03-10 12:15:05+05:30,1.0,10.48,3.9,39.52,53.9,65,130,1868.75,Revert,381576.0
20260310,"(+0,+1)",1,2026-03-10 13:30:59+05:30,2026-03-10 13:31:00+05:30,1.0,19.58,1.7,69.58,48.32,65,130,2762.5,Revert,384338.5
20260310,"(-1,+1)",1,2026-03-10 13:36:59+05:30,2026-03-10 13:37:00+05:30,1.0,10.78,0.65,110.78,99.38,65,130,1482.0,Revert,385820.5
20260310,"(+0,+1)",1,2026-03-10 13:38:55+05:30,2026-03-10 13:38:56+05:30,1.0,9.5,4.2,59.5,45.8,65,130,1781.0,Revert,387601.5
20260310,"(-1,+1)",-1,2026-03-10 13:38:56+05:30,2026-03-10 13:38:57+05:30,1.0,13.15,4.45,86.85,104.45,65,130,2288.0,Revert,389889.5
20260310,"(-1,+0)",-1,2026-03-10 14:08:57+05:30,2026-03-10 14:08:59+05:30,2.0,13.5,0.7,36.5,50.7,65,130,1846.0,Revert,391735.5
20260310,"(-1,+1)",-1,2026-03-10 14:09:44+05:30,2026-03-10 14:09:46+05:30,2.0,8.65,2.6,91.35,102.6,65,130,1462.5,Revert,393198.0
20260310,"(-1,+1)",-1,2026-03-10 14:49:56+05:30,2026-03-10 14:49:58+05:30,2.0,9.5,0.45,90.5,100.42,65,130,1290.25,Revert,394488.25
20260310,"(+0,+1)",-1,2026-03-10 14:52:55+05:30,2026-03-10 14:52:58+05:30,3.0,9.25,3.85,40.75,53.82,65,130,1699.75,Revert,396188.0
20260311,"(+0,+1)",1,2026-03-11 09:53:33+05:30,2026-03-11 09:53:35+05:30,2.0,9.5,-0.3,59.5,50.33,65,130,1192.75,Revert,397380.75
20260311,"(+0,+1)",-1,2026-03-11 12:34:45+05:30,2026-03-11 12:34:47+05:30,2.0,9.35,-0.75,40.65,49.25,65,130,1118.0,Revert,398498.75
20260311,"(-1,+1)",1,2026-03-11 13:11:39+05:30,2026-03-11 13:11:42+05:30,3.0,10.72,-0.5,110.72,100.7,65,130,1303.25,Revert,399802.0
20260311,"(-1,+0)",-1,2026-03-11 14:27:49+05:30,2026-03-11 14:27:50+05:30,1.0,9.15,-0.15,40.85,49.85,65,130,1170.0,Revert,400972.0
20260312,"(-1,+0)",1,2026-03-12 10:26:21+05:30,2026-03-12 10:26:22+05:30,1.0,9.15,-0.55,59.15,50.55,65,130,1118.0,Revert,402090.0
20260312,"(-1,+0)",1,2026-03-12 10:28:16+05:30,2026-03-12 10:28:17+05:30,1.0,10.0,0.9,60.0,49.1,65,130,1417.0,Revert,403507.0
20260312,"(-1,+1)",-1,2026-03-12 10:33:06+05:30,2026-03-12 10:33:07+05:30,1.0,10.95,0.65,89.05,100.65,65,130,1508.0,Revert,405015.0
20260312,"(+0,+1)",-1,2026-03-12 11:19:38+05:30,2026-03-12 11:19:39+05:30,1.0,8.6,-1.0,41.4,48.98,65,130,984.75,Revert,405999.75
20260312,"(-1,+1)",-1,2026-03-12 13:33:59+05:30,2026-03-12 13:34:01+05:30,2.0,9.2,2.5,90.8,102.48,65,130,1517.75,Revert,407517.5
20260312,"(-1,+1)",1,2026-03-12 13:41:02+05:30,2026-03-12 13:41:05+05:30,3.0,9.85,1.4,109.85,98.62,65,130,1459.25,Revert,408976.75
20260312,"(-1,+0)",1,2026-03-12 14:40:06+05:30,2026-03-12 14:40:07+05:30,1.0,10.25,1.15,60.25,48.88,65,130,1478.75,Revert,410455.5
20260312,"(+0,+1)",1,2026-03-12 14:40:09+05:30,2026-03-12 14:40:10+05:30,1.0,8.88,4.55,58.88,45.48,65,130,1742.0,Revert,412197.5
20260313,"(+0,+1)",-1,2026-03-13 11:43:50+05:30,2026-03-13 11:43:51+05:30,1.0,13.7,-0.9,36.3,49.1,65,130,1664.0,Revert,413861.5
20260313,"(-1,+0)",1,2026-03-13 13:24:28+05:30,2026-03-13 13:24:29+05:30,1.0,15.0,-0.55,65.0,50.55,65,130,1878.5,Revert,415740.0
20260313,"(-1,+0)",-1,2026-03-13 14:30:35+05:30,2026-03-13 14:30:39+05:30,4.0,8.18,-1.0,41.82,48.95,65,130,926.25,Revert,416666.25
20260316,"(-1,+0)",-1,2026-03-16 09:37:18+05:30,2026-03-16 09:37:19+05:30,1.0,15.15,-0.25,34.85,49.73,65,130,1933.75,Revert,418600.0
20260316,"(-1,+0)",-1,2026-03-16 10:20:08+05:30,2026-03-16 10:20:09+05:30,1.0,8.4,-0.1,41.6,49.9,65,130,1079.0,Revert,419679.0
20260316,"(-1,+0)",-1,2026-03-16 10:25:24+05:30,2026-03-16 10:25:26+05:30,2.0,8.55,-0.85,41.45,49.15,65,130,1001.0,Revert,420680.0
20260316,"(+0,+1)",-1,2026-03-16 10:55:40+05:30,2026-03-16 10:55:41+05:30,1.0,10.05,-0.8,39.95,49.2,65,130,1202.5,Revert,421882.5
20260316,"(-1,+0)",1,2026-03-16 11:15:50+05:30,2026-03-16 11:15:52+05:30,2.0,9.85,-1.0,59.85,51.03,65,130,1147.25,Revert,423029.75
20260316,"(+0,+1)",1,2026-03-16 11:24:28+05:30,2026-03-16 11:24:30+05:30,2.0,9.85,-0.5,59.85,50.52,65,130,1212.25,Revert,424242.0
20260316,"(-1,+1)",-1,2026-03-16 13:04:54+05:30,2026-03-16 13:04:56+05:30,2.0,13.17,0.85,86.83,100.8,65,130,1816.75,Revert,426058.75
20260316,"(+0,+1)",1,2026-03-16 13:05:04+05:30,2026-03-16 13:05:06+05:30,2.0,8.05,2.15,58.05,47.88,65,130,1322.75,Revert,427381.5
20260316,"(+0,+1)",-1,2026-03-16 14:53:02+05:30,2026-03-16 14:53:06+05:30,4.0,11.3,3.45,38.7,53.45,65,130,1917.5,Revert,429299.0
20260316,"(+0,+1)",1,2026-03-16 14:53:07+05:30,2026-03-16 14:53:08+05:30,1.0,8.55,0.3,58.55,49.7,65,130,1150.5,Revert,430449.5
20260316,"(+0,+1)",1,2026-03-16 14:53:37+05:30,2026-03-16 14:53:41+05:30,4.0,8.45,-0.65,58.45,50.85,65,130,988.0,Revert,431437.5
20260317,"(-1,+0)",-1,2026-03-17 09:29:03+05:30,2026-03-17 09:29:04+05:30,1.0,13.25,0.0,36.75,49.95,65,130,1716.0,Revert,433153.5
20260317,"(-1,+1)",1,2026-03-17 09:52:00+05:30,2026-03-17 09:52:04+05:30,4.0,11.62,-0.5,111.62,100.52,65,130,1443.0,Revert,434596.5
20260317,"(+0,+1)",1,2026-03-17 10:57:44+05:30,2026-03-17 10:57:45+05:30,1.0,9.45,0.45,59.45,49.55,65,130,1287.0,Revert,435883.5
20260317,"(-1,+0)",-1,2026-03-17 11:19:03+05:30,2026-03-17 11:19:04+05:30,1.0,8.35,0.25,41.65,50.25,65,130,1118.0,Revert,437001.5
20260317,"(-1,+0)",1,2026-03-17 11:26:06+05:30,2026-03-17 11:26:08+05:30,2.0,8.58,0.05,58.58,49.98,65,130,1118.0,Revert,438119.5
20260317,"(+0,+1)",-1,2026-03-17 13:02:58+05:30,2026-03-17 13:03:01+05:30,3.0,9.25,3.0,40.75,53.0,65,130,1592.5,Revert,439712.0
20260317,"(-1,+0)",1,2026-03-17 13:40:01+05:30,2026-03-17 13:40:02+05:30,1.0,9.2,0.25,59.2,49.75,65,130,1228.5,Revert,440940.5
20260317,"(-1,+0)",-1,2026-03-17 14:41:35+05:30,2026-03-17 14:41:37+05:30,2.0,8.8,0.5,41.2,50.47,65,130,1205.75,Revert,442146.25
20260317,"(-1,+1)",-1,2026-03-17 14:46:15+05:30,2026-03-17 14:46:17+05:30,2.0,9.75,1.1,90.25,101.1,65,130,1410.5,Revert,443556.75
20260320,"(+0,+1)",1,2026-03-20 11:50:56+05:30,2026-03-20 11:50:57+05:30,1.0,9.85,0.0,59.85,50.0,65,130,1280.5,Revert,444837.25
20260320,"(+0,+1)",-1,2026-03-20 12:18:35+05:30,2026-03-20 12:18:37+05:30,2.0,9.4,-0.5,40.6,49.5,65,130,1157.0,Revert,445994.25
20260320,"(+0,+1)",-1,2026-03-20 14:37:02+05:30,2026-03-20 14:37:03+05:30,1.0,12.6,-0.85,37.4,49.15,65,130,1527.5,Revert,447521.75
20260320,"(+0,+1)",1,2026-03-20 15:01:43+05:30,2026-03-20 15:01:48+05:30,5.0,8.85,7.05,58.85,42.95,65,130,2067.0,Revert,449588.75
20260320,"(-1,+1)",-1,2026-03-20 15:01:48+05:30,2026-03-20 15:01:51+05:30,3.0,9.35,-0.2,90.65,99.77,65,130,1186.25,Revert,450775.0
20260320,"(-1,+1)",-1,2026-03-20 15:01:53+05:30,2026-03-20 15:01:56+05:30,3.0,10.0,1.85,90.0,101.85,65,130,1540.5,Revert,452315.5
20260320,"(+0,+1)",-1,2026-03-20 15:03:12+05:30,2026-03-20 15:03:13+05:30,1.0,10.7,3.5,39.3,53.5,65,130,1846.0,Revert,454161.5
20260320,"(-1,+1)",-1,2026-03-20 15:03:25+05:30,2026-03-20 15:03:32+05:30,7.0,10.5,4.8,89.5,104.65,65,130,1969.5,Revert,456131.0
20260320,"(+0,+1)",-1,2026-03-20 15:03:36+05:30,2026-03-20 15:03:38+05:30,2.0,9.52,0.95,40.48,50.95,65,130,1361.75,Revert,457492.75
20260320,"(-1,+1)",-1,2026-03-20 15:03:40+05:30,2026-03-20 15:03:43+05:30,3.0,11.3,-0.65,88.7,99.22,65,130,1368.25,Revert,458861.0
20260320,"(-1,+0)",1,2026-03-20 15:22:06+05:30,2026-03-20 15:22:07+05:30,1.0,13.27,-0.2,63.27,50.27,65,130,1690.0,Revert,460551.0
20260323,"(-1,+0)",1,2026-03-23 11:53:02+05:30,2026-03-23 11:53:06+05:30,4.0,8.9,-0.2,58.9,50.27,65,130,1121.25,Revert,461672.25
20260323,"(+0,+1)",-1,2026-03-23 13:51:24+05:30,2026-03-23 13:51:26+05:30,2.0,11.45,-0.35,38.55,49.57,65,130,1433.25,Revert,463105.5
20260323,"(-1,+0)",-1,2026-03-23 14:07:15+05:30,2026-03-23 14:07:16+05:30,1.0,8.15,-0.4,41.85,49.57,65,130,1004.25,Revert,464109.75
20260323,"(-1,+0)",-1,2026-03-23 14:32:02+05:30,2026-03-23 14:32:03+05:30,1.0,11.95,0.6,38.05,50.58,65,130,1628.25,Revert,465738.0
20260323,"(+0,+1)",1,2026-03-23 14:33:02+05:30,2026-03-23 14:33:03+05:30,1.0,13.85,0.4,63.85,49.6,65,130,1852.5,Revert,467590.5
20260323,"(+0,+1)",-1,2026-03-23 14:56:01+05:30,2026-03-23 14:56:03+05:30,2.0,8.6,-0.35,41.4,49.62,65,130,1069.25,Revert,468659.75
20260323,"(+0,+1)",1,2026-03-23 15:00:01+05:30,2026-03-23 15:00:03+05:30,2.0,13.97,3.45,63.97,46.55,65,130,2265.25,Revert,470925.0
20260324,"(+0,+1)",1,2026-03-24 09:45:48+05:30,2026-03-24 09:45:49+05:30,1.0,8.25,0.3,58.25,49.72,65,130,1108.25,Revert,472033.25
20260324,"(-1,+1)",-1,2026-03-24 09:51:37+05:30,2026-03-24 09:51:38+05:30,1.0,9.9,-0.6,90.1,99.4,65,130,1209.0,Revert,473242.25
20260324,"(-1,+1)",1,2026-03-24 09:57:41+05:30,2026-03-24 09:57:42+05:30,1.0,8.47,1.1,108.48,98.9,65,130,1244.75,Revert,474487.0
20260324,"(-1,+0)",-1,2026-03-24 11:56:04+05:30,2026-03-24 11:56:05+05:30,1.0,12.7,0.25,37.3,50.25,65,130,1683.5,Revert,476170.5
20260324,"(-1,+1)",-1,2026-03-24 12:22:12+05:30,2026-03-24 12:22:14+05:30,2.0,8.1,1.1,91.9,101.1,65,130,1196.0,Revert,477366.5
20260324,"(+0,+1)",-1,2026-03-24 12:22:21+05:30,2026-03-24 12:22:22+05:30,1.0,9.75,0.0,40.25,50.0,65,130,1267.5,Revert,478634.0
20260324,"(+0,+1)",-1,2026-03-24 12:24:36+05:30,2026-03-24 12:24:39+05:30,3.0,13.38,0.95,36.62,50.93,65,130,1859.0,Revert,480493.0
20260324,"(-1,+0)",-1,2026-03-24 12:26:14+05:30,2026-03-24 12:26:15+05:30,1.0,9.1,-0.8,40.9,49.2,65,130,1079.0,Revert,481572.0
20260324,"(+0,+1)",-1,2026-03-24 12:38:19+05:30,2026-03-24 12:38:20+05:30,1.0,9.45,0.1,40.55,50.1,65,130,1241.5,Revert,482813.5
20260324,"(+0,+1)",-1,2026-03-24 12:41:21+05:30,2026-03-24 12:41:23+05:30,2.0,8.9,-0.3,41.1,49.68,65,130,1114.75,Revert,483928.25
20260324,"(-1,+0)",1,2026-03-24 12:43:07+05:30,2026-03-24 12:43:08+05:30,1.0,8.25,2.15,58.25,47.85,65,130,1352.0,Revert,485280.25
20260324,"(-1,+1)",1,2026-03-24 13:05:51+05:30,2026-03-24 13:05:52+05:30,1.0,8.8,0.35,108.8,99.65,65,130,1189.5,Revert,486469.75
20260324,"(-1,+0)",1,2026-03-24 13:51:05+05:30,2026-03-24 13:51:07+05:30,2.0,8.43,-0.6,58.42,50.65,65,130,1010.75,Revert,487480.5
20260324,"(+0,+1)",1,2026-03-24 14:19:29+05:30,2026-03-24 14:19:30+05:30,1.0,10.22,0.05,60.22,49.95,65,130,1335.75,Revert,488816.25
20260324,"(-1,+0)",1,2026-03-24 14:21:28+05:30,2026-03-24 14:21:37+05:30,9.0,8.32,0.9,58.32,49.13,65,130,1196.0,Revert,490012.25
20260324,"(-1,+0)",1,2026-03-24 14:22:01+05:30,2026-03-24 14:22:03+05:30,2.0,8.25,2.45,58.25,47.55,65,130,1391.0,Revert,491403.25
20260324,"(+0,+1)",-1,2026-03-24 14:22:12+05:30,2026-03-24 14:22:13+05:30,1.0,8.3,3.75,41.7,53.65,65,130,1553.5,Revert,492956.75
20260324,"(-1,+1)",-1,2026-03-24 14:22:55+05:30,2026-03-24 14:22:56+05:30,1.0,9.5,-0.6,90.5,99.35,65,130,1150.5,Revert,494107.25
20260324,"(-1,+0)",1,2026-03-24 14:37:53+05:30,2026-03-24 14:37:54+05:30,1.0,8.35,0.9,58.35,49.1,65,130,1202.5,Revert,495309.75
20260324,"(-1,+1)",1,2026-03-24 14:42:37+05:30,2026-03-24 14:42:38+05:30,1.0,8.85,1.8,108.85,98.2,65,130,1384.5,Revert,496694.25
20260325,"(-1,+1)",-1,2026-03-25 10:06:10+05:30,2026-03-25 10:06:11+05:30,1.0,10.2,4.25,89.8,104.08,65,130,1855.75,Revert,498550.0
20260325,"(+0,+1)",1,2026-03-25 10:06:39+05:30,2026-03-25 10:06:40+05:30,1.0,9.55,-0.5,59.55,50.55,65,130,1170.0,Revert,499720.0
20260325,"(-1,+1)",-1,2026-03-25 10:09:22+05:30,2026-03-25 10:09:23+05:30,1.0,8.2,0.3,91.8,100.3,65,130,1105.0,Revert,500825.0
20260325,"(+0,+1)",1,2026-03-25 11:38:55+05:30,2026-03-25 11:38:58+05:30,3.0,8.05,-0.1,58.05,50.37,65,130,997.75,Revert,501822.75
20260325,"(+0,+1)",1,2026-03-25 13:45:51+05:30,2026-03-25 13:45:52+05:30,1.0,9.53,1.8,59.53,48.23,65,130,1469.0,Revert,503291.75
20260327,"(-1,+0)",1,2026-03-27 12:53:57+05:30,2026-03-27 12:53:59+05:30,2.0,11.35,0.1,61.35,49.9,65,130,1488.5,Revert,504780.25
20260327,"(-1,+0)",-1,2026-03-27 14:27:31+05:30,2026-03-27 14:27:34+05:30,3.0,9.0,-0.5,41.0,49.5,65,130,1105.0,Revert,505885.25
20260330,"(-1,+1)",1,2026-03-30 09:18:01+05:30,2026-03-30 09:18:02+05:30,1.0,9.85,0.75,109.85,99.28,65,130,1374.75,Revert,507260.0
20260330,"(+0,+1)",1,2026-03-30 09:18:04+05:30,2026-03-30 09:18:05+05:30,1.0,8.08,-0.0,58.08,50.0,65,130,1049.75,Revert,508309.75
20260330,"(+0,+1)",1,2026-03-30 09:18:29+05:30,2026-03-30 09:18:32+05:30,3.0,8.17,1.4,58.17,48.62,65,130,1241.5,Revert,509551.25
20260330,"(-1,+0)",1,2026-03-30 09:20:07+05:30,2026-03-30 09:20:08+05:30,1.0,8.3,-0.7,58.3,50.7,65,130,988.0,Revert,510539.25
20260330,"(-1,+1)",1,2026-03-30 09:23:01+05:30,2026-03-30 09:23:02+05:30,1.0,9.4,-0.9,109.4,100.9,65,130,1105.0,Revert,511644.25
20260330,"(-1,+0)",1,2026-03-30 09:24:09+05:30,2026-03-30 09:24:10+05:30,1.0,8.4,4.4,58.4,45.62,65,130,1660.75,Revert,513305.0
20260330,"(+0,+1)",-1,2026-03-30 09:51:22+05:30,2026-03-30 09:51:23+05:30,1.0,8.38,5.15,41.62,55.15,65,130,1758.25,Revert,515063.25
20260330,"(+0,+1)",-1,2026-03-30 10:02:25+05:30,2026-03-30 10:02:26+05:30,1.0,8.05,0.5,41.95,50.5,65,130,1111.5,Revert,516174.75
20260330,"(-1,+0)",1,2026-03-30 10:08:21+05:30,2026-03-30 10:08:24+05:30,3.0,9.7,-0.55,59.7,50.55,65,130,1189.5,Revert,517364.25
20260330,"(-1,+0)",1,2026-03-30 11:09:59+05:30,2026-03-30 11:10:00+05:30,1.0,8.4,2.5,58.4,47.53,65,130,1413.75,Revert,518778.0
20260330,"(+0,+1)",-1,2026-03-30 12:05:23+05:30,2026-03-30 12:05:24+05:30,1.0,9.45,1.05,40.55,51.0,65,130,1358.5,Revert,520136.5
20260330,"(-1,+1)",-1,2026-03-30 12:05:44+05:30,2026-03-30 12:05:45+05:30,1.0,11.7,-0.05,88.3,99.95,65,130,1514.5,Revert,521651.0
20260330,"(-1,+0)",1,2026-03-30 12:46:00+05:30,2026-03-30 12:46:01+05:30,1.0,8.5,0.95,58.5,49.05,65,130,1228.5,Revert,522879.5
20260330,"(-1,+1)",-1,2026-03-30 14:03:16+05:30,2026-03-30 14:03:18+05:30,2.0,8.95,0.9,91.05,100.9,65,130,1280.5,Revert,524160.0
20260330,"(-1,+0)",1,2026-03-30 14:23:46+05:30,2026-03-30 14:23:47+05:30,1.0,8.23,0.4,58.23,49.65,65,130,1114.75,Revert,525274.75
20260330,"(-1,+0)",-1,2026-03-30 14:31:07+05:30,2026-03-30 14:31:08+05:30,1.0,9.25,-0.5,40.75,49.5,65,130,1137.5,Revert,526412.25
20260330,"(-1,+0)",1,2026-03-30 14:32:06+05:30,2026-03-30 14:32:07+05:30,1.0,8.78,-0.95,58.78,50.95,65,130,1017.25,Revert,527429.5
20260330,"(-1,+0)",-1,2026-03-30 14:57:30+05:30,2026-03-30 14:57:33+05:30,3.0,8.55,-0.9,41.45,49.1,65,130,994.5,Revert,528424.0
20260401,"(-1,+1)",-1,2026-04-01 11:27:54+05:30,2026-04-01 11:28:02+05:30,8.0,9.87,-0.35,90.13,99.65,65,130,1238.25,Revert,529662.25
20260401,"(-1,+1)",1,2026-04-01 12:15:42+05:30,2026-04-01 12:15:46+05:30,4.0,11.12,-0.6,111.12,100.62,65,130,1365.0,Revert,531027.25
20260401,"(-1,+0)",-1,2026-04-01 12:21:41+05:30,2026-04-01 12:21:42+05:30,1.0,8.2,0.0,41.8,49.93,65,130,1056.25,Revert,532083.5
20260401,"(+0,+1)",1,2026-04-01 14:22:43+05:30,2026-04-01 14:22:44+05:30,1.0,8.3,-0.65,58.3,50.75,65,130,981.5,Revert,533065.0
20260401,"(-1,+0)",1,2026-04-01 14:24:16+05:30,2026-04-01 14:24:19+05:30,3.0,14.7,-0.7,64.7,50.7,65,130,1820.0,Revert,534885.0
20260401,"(-1,+0)",-1,2026-04-01 14:52:44+05:30,2026-04-01 14:52:45+05:30,1.0,9.5,-0.65,40.5,49.35,65,130,1150.5,Revert,536035.5
20260402,"(+0,+1)",-1,2026-04-02 12:19:42+05:30,2026-04-02 12:19:53+05:30,11.0,10.8,-0.9,39.2,49.07,65,130,1283.75,Revert,537319.25
20260402,"(-1,+1)",-1,2026-04-02 13:00:09+05:30,2026-04-02 13:00:12+05:30,3.0,8.48,0.55,91.52,100.4,65,130,1153.75,Revert,538473.0
20260402,"(+0,+1)",-1,2026-04-02 13:21:29+05:30,2026-04-02 13:21:35+05:30,6.0,8.27,-0.75,41.73,49.22,65,130,975.0,Revert,539448.0
20260402,"(-1,+0)",1,2026-04-02 14:21:07+05:30,2026-04-02 14:21:12+05:30,5.0,12.35,1.45,62.35,48.58,65,130,1790.75,Revert,541238.75
20260402,"(-1,+0)",1,2026-04-02 14:40:58+05:30,2026-04-02 14:40:59+05:30,1.0,10.65,0.0,60.65,50.05,65,130,1378.0,Revert,542616.75
20260402,"(-1,+1)",1,2026-04-02 14:47:19+05:30,2026-04-02 14:47:25+05:30,6.0,8.95,-0.65,108.95,101.0,65,130,1033.5,Revert,543650.25
20260402,"(-1,+1)",1,2026-04-02 14:53:08+05:30,2026-04-02 14:53:15+05:30,7.0,8.13,0.8,108.13,99.52,65,130,1118.0,Revert,544768.25
20260406,"(-1,+0)",1,2026-04-06 09:22:05+05:30,2026-04-06 09:22:06+05:30,1.0,10.5,0.35,60.5,49.73,65,130,1400.75,Revert,546169.0
20260406,"(+0,+1)",-1,2026-04-06 12:20:21+05:30,2026-04-06 12:20:22+05:30,1.0,18.33,-0.4,31.67,49.55,65,130,2323.75,Revert,548492.75
20260406,"(-1,+0)",1,2026-04-06 12:20:24+05:30,2026-04-06 12:20:29+05:30,5.0,10.32,0.55,60.32,49.45,65,130,1413.75,Revert,549906.5
20260406,"(+0,+1)",-1,2026-04-06 12:20:59+05:30,2026-04-06 12:21:02+05:30,3.0,13.65,-0.2,36.35,49.75,65,130,1742.0,Revert,551648.5
20260406,"(-1,+0)",-1,2026-04-06 12:22:02+05:30,2026-04-06 12:22:03+05:30,1.0,8.78,0.9,41.22,50.9,65,130,1257.75,Revert,552906.25
20260406,"(-1,+1)",1,2026-04-06 12:37:50+05:30,2026-04-06 12:37:51+05:30,1.0,8.15,-0.1,108.15,100.1,65,130,1046.5,Revert,553952.75
20260406,"(+0,+1)",1,2026-04-06 12:43:23+05:30,2026-04-06 12:43:24+05:30,1.0,8.25,0.05,58.25,49.95,65,130,1079.0,Revert,555031.75
20260406,"(-1,+0)",1,2026-04-06 13:01:02+05:30,2026-04-06 13:01:03+05:30,1.0,9.4,-0.25,59.4,50.25,65,130,1189.5,Revert,556221.25
20260406,"(-1,+1)",1,2026-04-06 13:29:21+05:30,2026-04-06 13:29:22+05:30,1.0,8.75,-0.75,108.75,100.75,65,130,1040.0,Revert,557261.25
20260407,"(+0,+1)",1,2026-04-07 09:26:09+05:30,2026-04-07 09:26:10+05:30,1.0,9.23,4.25,59.23,45.75,65,130,1751.75,Revert,559013.0
20260407,"(+0,+1)",-1,2026-04-07 09:27:16+05:30,2026-04-07 09:27:19+05:30,3.0,8.9,3.05,41.1,53.0,65,130,1547.0,Revert,560560.0
20260407,"(+0,+1)",-1,2026-04-07 09:27:25+05:30,2026-04-07 09:27:26+05:30,1.0,11.1,0.85,38.9,50.85,65,130,1553.5,Revert,562113.5
20260407,"(+0,+1)",-1,2026-04-07 09:42:58+05:30,2026-04-07 09:42:59+05:30,1.0,8.67,1.5,41.32,51.4,65,130,1309.75,Revert,563423.25
20260407,"(-1,+1)",1,2026-04-07 13:32:15+05:30,2026-04-07 13:32:17+05:30,2.0,8.72,-0.05,108.72,100.07,65,130,1124.5,Revert,564547.75
20260407,"(-1,+0)",1,2026-04-07 13:33:21+05:30,2026-04-07 13:33:23+05:30,2.0,8.07,1.1,58.07,48.93,65,130,1189.5,Revert,565737.25
20260407,"(-1,+0)",1,2026-04-07 13:53:02+05:30,2026-04-07 13:53:03+05:30,1.0,9.05,0.7,59.05,49.55,65,130,1235.0,Revert,566972.25
20260407,"(+0,+1)",-1,2026-04-07 13:57:27+05:30,2026-04-07 13:57:29+05:30,2.0,11.22,0.55,38.78,50.4,65,130,1511.25,Revert,568483.5
20260407,"(+0,+1)",-1,2026-04-07 13:57:37+05:30,2026-04-07 13:57:39+05:30,2.0,8.0,5.45,42.0,55.28,65,130,1725.75,Revert,570209.25
20260407,"(-1,+0)",1,2026-04-07 14:23:51+05:30,2026-04-07 14:23:52+05:30,1.0,11.5,3.4,61.5,46.6,65,130,1937.0,Revert,572146.25
20260407,"(-1,+0)",1,2026-04-07 14:31:34+05:30,2026-04-07 14:31:35+05:30,1.0,8.12,1.0,58.12,49.02,65,130,1183.0,Revert,573329.25
20260408,"(-1,+1)",1,2026-04-08 15:01:05+05:30,2026-04-08 15:01:06+05:30,1.0,8.83,0.05,108.83,99.95,65,130,1153.75,Revert,574483.0
20260409,"(-1,+1)",-1,2026-04-09 09:51:59+05:30,2026-04-09 09:52:00+05:30,1.0,8.7,-0.3,91.3,99.7,65,130,1092.0,Revert,575575.0
20260410,"(+0,+1)",1,2026-04-10 14:14:26+05:30,2026-04-10 14:14:27+05:30,1.0,14.55,6.4,64.55,43.6,65,130,2723.5,Revert,578298.5
20260410,"(+0,+1)",-1,2026-04-10 14:14:29+05:30,2026-04-10 14:14:30+05:30,1.0,8.3,4.0,41.7,53.98,65,130,1595.75,Revert,579894.25
20260410,"(+0,+1)",-1,2026-04-10 14:15:37+05:30,2026-04-10 14:15:38+05:30,1.0,8.25,5.1,41.75,55.1,65,130,1735.5,Revert,581629.75
20260410,"(-1,+1)",1,2026-04-10 14:18:10+05:30,2026-04-10 14:18:11+05:30,1.0,8.3,-0.5,108.3,100.5,65,130,1014.0,Revert,582643.75
20260415,"(+0,+1)",-1,2026-04-15 13:24:26+05:30,2026-04-15 13:24:29+05:30,3.0,8.4,0.05,41.6,50.0,65,130,1092.0,Revert,583735.75
20260417,"(-1,+1)",1,2026-04-17 09:19:24+05:30,2026-04-17 09:19:25+05:30,1.0,8.53,1.6,108.52,98.4,65,130,1316.25,Revert,585052.0
20260420,"(-1,+1)",1,2026-04-20 10:30:23+05:30,2026-04-20 10:30:24+05:30,1.0,8.67,-0.6,108.67,100.6,65,130,1049.75,Revert,586101.75
20260420,"(-1,+1)",1,2026-04-20 13:00:33+05:30,2026-04-20 13:00:34+05:30,1.0,12.73,-0.25,112.73,100.25,65,130,1621.75,Revert,587723.5
20260420,"(+0,+1)",1,2026-04-20 13:16:12+05:30,2026-04-20 13:16:14+05:30,2.0,9.65,0.9,59.65,49.1,65,130,1371.5,Revert,589095.0
20260420,"(-1,+0)",-1,2026-04-20 14:46:11+05:30,2026-04-20 14:46:14+05:30,3.0,9.8,0.5,40.2,50.5,65,130,1339.0,Revert,590434.0
20260420,"(-1,+1)",1,2026-04-20 14:55:54+05:30,2026-04-20 14:55:55+05:30,1.0,10.65,-0.9,110.65,100.9,65,130,1267.5,Revert,591701.5
20260424,"(-1,+1)",1,2026-04-24 14:52:40+05:30,2026-04-24 14:52:41+05:30,1.0,9.07,1.2,109.07,98.82,65,130,1332.5,Revert,593034.0
20260424,"(+0,+1)",-1,2026-04-24 15:00:00+05:30,2026-04-24 15:00:01+05:30,1.0,8.32,0.4,41.68,50.38,65,130,1131.0,Revert,594165.0
20260424,"(-1,+1)",1,2026-04-24 15:00:01+05:30,2026-04-24 15:00:04+05:30,3.0,13.95,-0.05,113.95,100.05,65,130,1807.0,Revert,595972.0
20260427,"(+0,+1)",1,2026-04-27 09:18:01+05:30,2026-04-27 09:18:02+05:30,1.0,9.4,3.85,59.4,46.15,65,130,1722.5,Revert,597694.5
20260427,"(-1,+0)",-1,2026-04-27 09:48:32+05:30,2026-04-27 09:48:33+05:30,1.0,8.5,2.35,41.5,52.35,65,130,1410.5,Revert,599105.0
20260428,"(+0,+1)",1,2026-04-28 12:01:11+05:30,2026-04-28 12:01:15+05:30,4.0,27.98,0.0,77.98,50.0,65,130,3636.75,Revert,602741.75
