date,opt_type,strike,entry_time,exit_time,opt_entry,opt_exit,initial_sl,final_sl,lot_size,gross_pnl,charges,pnl,exit_reason,month
20251110,CE,25500.0,2025-11-10 11:50:00+05:30,2025-11-10 12:40:00+05:30,164.2,174.95,174.95,174.95,75,-806.25,76.78,-883.03,SL,2025-11
20251110,CE,25500.0,2025-11-10 13:05:00+05:30,2025-11-10 15:25:00+05:30,161.0,135.0,170.6,170.6,75,1950.0,74.96,1875.04,EOD,2025-11
20251111,PE,25550.0,2025-11-11 11:40:00+05:30,2025-11-11 15:25:00+05:30,68.9,0.05,78.6,78.6,75,5163.750000000001,57.13,5106.620000000001,EOD,2025-11
20251112,CE,25700.0,2025-11-12 10:15:00+05:30,2025-11-12 10:30:00+05:30,252.4,268.5,268.5,268.5,75,-1207.4999999999995,92.65,-1300.1499999999996,SL,2025-11
20251112,CE,25700.0,2025-11-12 12:15:00+05:30,2025-11-12 12:20:00+05:30,285.75,290.1,290.1,290.1,75,-326.2500000000017,98.19,-424.4400000000017,SL,2025-11
20251112,CE,25700.0,2025-11-12 13:30:00+05:30,2025-11-12 13:35:00+05:30,305.65,308.15,308.15,308.15,75,-187.5,101.66,-289.15999999999997,SL,2025-11
20251112,CE,25700.0,2025-11-12 14:05:00+05:30,2025-11-12 15:25:00+05:30,292.3,286.0,305.95,305.95,75,472.50000000000085,98.99,373.51000000000084,EOD,2025-11
20251112,PE,25700.0,2025-11-12 10:30:00+05:30,2025-11-12 15:25:00+05:30,63.25,55.3,70.0,70.0,75,596.2500000000002,58.18,538.0700000000003,EOD,2025-11
20251113,CE,25850.0,2025-11-13 12:35:00+05:30,2025-11-13 13:00:00+05:30,205.35,223.0,223.0,223.0,75,-1323.7500000000005,84.33,-1408.0800000000004,SL,2025-11
20251113,CE,25850.0,2025-11-13 13:55:00+05:30,2025-11-13 15:25:00+05:30,191.6,170.75,229.8,229.8,75,1563.7499999999995,80.58,1483.1699999999996,EOD,2025-11
20251113,PE,25850.0,2025-11-13 10:10:00+05:30,2025-11-13 14:00:00+05:30,84.35,88.2,88.2,88.2,75,-288.7500000000006,62.34,-351.0900000000006,SL,2025-11
20251114,CE,25900.0,2025-11-14 11:30:00+05:30,2025-11-14 12:10:00+05:30,96.4,105.05,105.05,105.05,75,-648.7499999999993,64.64,-713.3899999999993,SL,2025-11
20251114,CE,25900.0,2025-11-14 12:35:00+05:30,2025-11-14 12:45:00+05:30,89.6,95.15,95.15,95.15,75,-416.25000000000085,63.33,-479.58000000000084,SL,2025-11
20251114,CE,25900.0,2025-11-14 12:55:00+05:30,2025-11-14 13:25:00+05:30,89.4,93.0,93.0,93.0,75,-269.99999999999955,63.23,-333.22999999999956,SL,2025-11
20251114,CE,25900.0,2025-11-14 13:40:00+05:30,2025-11-14 14:25:00+05:30,68.2,75.15,75.15,75.15,75,-521.2500000000002,59.57,-580.8200000000003,SL,2025-11
20251114,PE,25900.0,2025-11-14 10:50:00+05:30,2025-11-14 13:40:00+05:30,126.25,165.15,165.15,165.15,75,-2917.5000000000005,70.98,-2988.4800000000005,SL,2025-11
20251114,PE,25900.0,2025-11-14 15:05:00+05:30,2025-11-14 15:25:00+05:30,85.2,83.0,105.05,105.05,75,165.00000000000023,62.28,102.72000000000023,EOD,2025-11
20251117,CE,25900.0,2025-11-17 10:05:00+05:30,2025-11-17 10:15:00+05:30,126.2,135.8,135.8,135.8,75,-720.0000000000007,69.98,-789.9800000000007,SL,2025-11
20251118,PE,26000.0,2025-11-18 11:00:00+05:30,2025-11-18 15:25:00+05:30,89.15,90.0,91.45,91.45,75,-63.749999999999574,63.09,-126.83999999999958,EOD,2025-11
20251119,CE,25900.0,2025-11-19 11:05:00+05:30,2025-11-19 11:40:00+05:30,172.35,185.35,185.35,185.35,75,-975.0,78.3,-1053.3,SL,2025-11
20251119,CE,25900.0,2025-11-19 13:30:00+05:30,2025-11-19 13:45:00+05:30,222.65,231.3,231.3,231.3,75,-648.7500000000005,87.1,-735.8500000000005,SL,2025-11
20251119,PE,25900.0,2025-11-19 09:55:00+05:30,2025-11-19 15:25:00+05:30,117.95,76.0,126.2,126.2,75,3146.25,66.77,3079.48,EOD,2025-11
20251120,CE,26050.0,2025-11-20 14:30:00+05:30,2025-11-20 15:25:00+05:30,238.65,237.8,249.95,249.95,75,63.749999999999574,89.63,-25.880000000000422,EOD,2025-11
20251120,PE,26050.0,2025-11-20 10:15:00+05:30,2025-11-20 15:25:00+05:30,95.9,51.15,99.75,99.75,75,3356.2500000000005,62.75,3293.5000000000005,EOD,2025-11
20251121,CE,26200.0,2025-11-21 09:50:00+05:30,2025-11-21 09:55:00+05:30,77.45,83.4,83.4,83.4,75,-446.2500000000002,61.18,-507.43000000000023,SL,2025-11
20251121,CE,26200.0,2025-11-21 10:05:00+05:30,2025-11-21 11:10:00+05:30,68.55,72.85,72.85,72.85,75,-322.4999999999998,59.54,-382.0399999999998,SL,2025-11
20251121,CE,26200.0,2025-11-21 13:15:00+05:30,2025-11-21 14:05:00+05:30,67.8,79.45,79.45,79.45,75,-873.7500000000005,59.66,-933.4100000000004,SL,2025-11
20251121,CE,26200.0,2025-11-21 14:40:00+05:30,2025-11-21 15:25:00+05:30,72.65,51.0,83.25,83.25,75,1623.7500000000005,59.39,1564.3600000000004,EOD,2025-11
20251121,PE,26200.0,2025-11-21 12:15:00+05:30,2025-11-21 13:15:00+05:30,127.15,136.45,136.45,136.45,75,-697.4999999999987,70.14,-767.6399999999987,SL,2025-11
20251121,PE,26200.0,2025-11-21 13:55:00+05:30,2025-11-21 14:40:00+05:30,125.85,133.5,133.5,133.5,75,-573.7500000000005,69.85,-643.6000000000005,SL,2025-11
20251124,PE,26750.0,2025-11-24 10:10:00+05:30,2025-11-24 11:15:00+05:30,605.5,616.0,616.0,616.0,75,-787.5,155.28,-942.78,SL,2025-11
20251124,PE,26750.0,2025-11-24 11:35:00+05:30,2025-11-24 11:45:00+05:30,603.1,605.85,605.85,605.85,75,-206.25,154.59,-360.84000000000003,SL,2025-11
20251125,CE,25950.0,2025-11-25 10:45:00+05:30,2025-11-25 14:00:00+05:30,67.8,74.6,74.6,74.6,75,-509.9999999999998,59.49,-569.4899999999998,SL,2025-11
20251126,CE,25850.0,2025-11-26 10:25:00+05:30,2025-11-26 10:35:00+05:30,325.0,337.0,337.0,337.0,75,-900.0,105.43,-1005.4300000000001,SL,2025-11
20251126,CE,25850.0,2025-11-26 11:40:00+05:30,2025-11-26 11:45:00+05:30,347.1,358.0,358.0,358.0,75,-817.4999999999983,109.32,-926.8199999999983,SL,2025-11
20251126,CE,25850.0,2025-11-26 14:40:00+05:30,2025-11-26 15:05:00+05:30,382.85,401.1,401.1,401.1,75,-1368.75,115.93,-1484.68,SL,2025-11
20251127,CE,26200.0,2025-11-27 11:20:00+05:30,2025-11-27 15:25:00+05:30,178.65,130.25,180.85,180.85,75,3630.0000000000005,77.35,3552.6500000000005,EOD,2025-11
20251127,PE,26200.0,2025-11-27 10:00:00+05:30,2025-11-27 10:20:00+05:30,69.8,74.25,74.25,74.25,75,-333.7500000000002,59.77,-393.5200000000002,SL,2025-11
20251127,PE,26200.0,2025-11-27 12:45:00+05:30,2025-11-27 12:50:00+05:30,78.95,82.75,82.75,82.75,75,-284.9999999999998,61.37,-346.3699999999998,SL,2025-11
20251127,PE,26200.0,2025-11-27 13:55:00+05:30,2025-11-27 15:25:00+05:30,102.8,85.2,112.75,112.75,75,1319.9999999999995,64.89,1255.1099999999994,EOD,2025-11
20251128,CE,26200.0,2025-11-28 10:20:00+05:30,2025-11-28 10:30:00+05:30,125.7,136.3,136.3,136.3,75,-795.0000000000007,69.92,-864.9200000000006,SL,2025-11
20251128,CE,26200.0,2025-11-28 12:00:00+05:30,2025-11-28 15:25:00+05:30,126.8,113.3,134.15,134.15,75,1012.5,69.3,943.2,EOD,2025-11
20251128,PE,26200.0,2025-11-28 10:05:00+05:30,2025-11-28 10:10:00+05:30,63.6,65.0,65.0,65.0,75,-104.99999999999989,58.56,-163.5599999999999,SL,2025-11
20251128,PE,26200.0,2025-11-28 10:40:00+05:30,2025-11-28 10:55:00+05:30,59.4,61.8,61.8,61.8,75,-179.9999999999999,57.85,-237.84999999999988,SL,2025-11
20251128,PE,26200.0,2025-11-28 14:35:00+05:30,2025-11-28 14:40:00+05:30,71.2,75.5,75.5,75.5,75,-322.4999999999998,60.01,-382.50999999999976,SL,2025-11
20251128,PE,26200.0,2025-11-28 15:20:00+05:30,2025-11-28 15:25:00+05:30,67.25,63.8,69.3,69.3,75,258.7500000000002,59.05,199.70000000000022,EOD,2025-11
20251201,CE,26200.0,2025-12-01 09:55:00+05:30,2025-12-01 10:00:00+05:30,127.8,136.1,136.1,136.1,75,-622.4999999999998,70.22,-692.7199999999998,SL,2025-12
20251201,CE,26200.0,2025-12-01 10:40:00+05:30,2025-12-01 15:25:00+05:30,120.8,53.3,126.15,126.15,75,5062.5,66.41,4996.09,EOD,2025-12
20251201,PE,26200.0,2025-12-01 13:15:00+05:30,2025-12-01 13:20:00+05:30,66.4,71.9,71.9,71.9,75,-412.5,59.2,-471.7,SL,2025-12
20251201,PE,26200.0,2025-12-01 13:45:00+05:30,2025-12-01 14:40:00+05:30,63.65,72.0,72.0,72.0,75,-626.2500000000001,58.81,-685.0600000000002,SL,2025-12
20251202,PE,26200.0,2025-12-02 10:55:00+05:30,2025-12-02 11:10:00+05:30,103.3,113.65,113.65,113.65,75,-776.2500000000007,65.93,-842.1800000000007,SL,2025-12
20251202,PE,26200.0,2025-12-02 12:25:00+05:30,2025-12-02 12:45:00+05:30,127.35,134.75,134.75,134.75,75,-555.0000000000005,70.11,-625.1100000000005,SL,2025-12
20251202,PE,26200.0,2025-12-02 14:00:00+05:30,2025-12-02 14:20:00+05:30,134.95,151.8,151.8,151.8,75,-1263.7500000000018,71.78,-1335.5300000000018,SL,2025-12
20251202,PE,26200.0,2025-12-02 15:10:00+05:30,2025-12-02 15:25:00+05:30,170.6,167.6,177.6,177.6,75,225.0,77.45,147.55,EOD,2025-12
20251203,CE,26050.0,2025-12-03 10:05:00+05:30,2025-12-03 10:10:00+05:30,90.65,93.45,93.45,93.45,75,-209.99999999999977,63.42,-273.4199999999998,SL,2025-12
20251203,CE,26050.0,2025-12-03 12:35:00+05:30,2025-12-03 14:10:00+05:30,92.05,96.7,96.7,96.7,75,-348.75000000000045,63.73,-412.4800000000005,SL,2025-12
20251203,PE,26050.0,2025-12-03 11:35:00+05:30,2025-12-03 13:45:00+05:30,163.2,178.0,178.0,178.0,75,-1110.000000000001,76.74,-1186.740000000001,SL,2025-12
20251203,PE,26050.0,2025-12-03 15:00:00+05:30,2025-12-03 15:25:00+05:30,145.05,130.5,149.1,149.1,75,1091.250000000001,72.51,1018.7400000000009,EOD,2025-12
20251204,CE,26000.0,2025-12-04 11:20:00+05:30,2025-12-04 15:25:00+05:30,163.05,140.75,169.65,169.65,75,1672.500000000001,75.45,1597.0500000000009,EOD,2025-12
20251204,PE,26000.0,2025-12-04 10:15:00+05:30,2025-12-04 11:40:00+05:30,79.0,84.8,84.8,84.8,75,-434.9999999999998,61.45,-496.44999999999976,SL,2025-12
20251204,PE,26000.0,2025-12-04 14:10:00+05:30,2025-12-04 15:25:00+05:30,90.55,70.35,95.55,95.55,75,1515.0000000000002,62.63,1452.3700000000001,EOD,2025-12
20251205,CE,26000.0,2025-12-05 13:05:00+05:30,2025-12-05 13:15:00+05:30,236.4,241.35,241.35,241.35,75,-371.24999999999915,89.43,-460.67999999999915,SL,2025-12
20251205,CE,26000.0,2025-12-05 13:50:00+05:30,2025-12-05 15:25:00+05:30,227.0,222.9,238.9,238.9,75,307.49999999999955,87.45,220.04999999999956,EOD,2025-12
20251208,CE,26150.0,2025-12-08 09:50:00+05:30,2025-12-08 15:25:00+05:30,54.3,9.85,60.35,60.35,75,3333.7499999999995,55.36,3278.3899999999994,EOD,2025-12
20251208,PE,26150.0,2025-12-08 14:45:00+05:30,2025-12-08 15:15:00+05:30,191.85,211.15,211.15,211.15,75,-1447.500000000001,81.99,-1529.490000000001,SL,2025-12
20251209,PE,25850.0,2025-12-09 10:10:00+05:30,2025-12-09 11:00:00+05:30,88.35,57.15,96.15,96.15,75,2339.9999999999995,61.86,2278.1399999999994,EOD,2025-12
20251210,CE,25850.0,2025-12-10 10:50:00+05:30,2025-12-10 15:25:00+05:30,149.75,100.6,166.25,166.25,75,3686.2500000000005,72.18,3614.0700000000006,EOD,2025-12
20251210,PE,25850.0,2025-12-10 10:10:00+05:30,2025-12-10 10:45:00+05:30,80.4,84.45,84.45,84.45,75,-303.7499999999998,61.64,-365.38999999999976,SL,2025-12
20251210,PE,25850.0,2025-12-10 13:20:00+05:30,2025-12-10 13:40:00+05:30,120.3,124.75,124.75,124.75,75,-333.7500000000002,68.75,-402.5000000000002,SL,2025-12
20251211,CE,25750.0,2025-12-11 11:00:00+05:30,2025-12-11 11:15:00+05:30,145.15,170.45,170.45,170.45,75,-1897.4999999999986,73.88,-1971.3799999999987,SL,2025-12
20251211,CE,25750.0,2025-12-11 13:00:00+05:30,2025-12-11 14:25:00+05:30,203.05,222.4,222.4,222.4,75,-1451.2499999999995,83.98,-1535.2299999999996,SL,2025-12
20251211,PE,25750.0,2025-12-11 10:10:00+05:30,2025-12-11 15:25:00+05:30,73.9,37.25,96.8,96.8,75,2748.7500000000005,59.11,2689.6400000000003,EOD,2025-12
20251212,CE,26000.0,2025-12-12 10:00:00+05:30,2025-12-12 11:50:00+05:30,108.4,114.75,114.75,114.75,75,-476.24999999999955,66.7,-542.9499999999996,SL,2025-12
20251212,CE,26000.0,2025-12-12 12:45:00+05:30,2025-12-12 12:50:00+05:30,100.65,106.2,106.2,106.2,75,-416.2499999999998,65.29,-481.5399999999998,SL,2025-12
20251212,CE,26000.0,2025-12-12 13:25:00+05:30,2025-12-12 13:45:00+05:30,98.35,108.0,108.0,108.0,75,-723.7500000000005,65.02,-788.7700000000004,SL,2025-12
20251212,PE,26000.0,2025-12-12 11:10:00+05:30,2025-12-12 15:25:00+05:30,84.65,49.5,86.1,86.1,75,2636.2500000000005,61.07,2575.1800000000003,EOD,2025-12
20251215,CE,25950.0,2025-12-15 11:35:00+05:30,2025-12-15 11:45:00+05:30,73.7,77.6,77.6,77.6,75,-292.4999999999994,60.44,-352.9399999999994,SL,2025-12
20251215,PE,25950.0,2025-12-15 10:00:00+05:30,2025-12-15 15:25:00+05:30,69.35,30.1,75.6,75.6,75,2943.7499999999995,58.21,2885.5399999999995,EOD,2025-12
20251216,PE,25950.0,2025-12-16 09:50:00+05:30,2025-12-16 09:55:00+05:30,50.35,57.45,57.45,57.45,75,-532.5000000000001,56.4,-588.9000000000001,SL,2025-12
20251216,PE,25950.0,2025-12-16 12:15:00+05:30,2025-12-16 14:15:00+05:30,66.1,72.4,72.4,72.4,75,-472.50000000000085,59.17,-531.6700000000009,SL,2025-12
20251216,PE,25950.0,2025-12-16 14:50:00+05:30,2025-12-16 15:05:00+05:30,65.0,77.0,77.0,77.0,75,-900.0,59.17,-959.17,SL,2025-12
20251217,CE,25850.0,2025-12-17 10:00:00+05:30,2025-12-17 15:25:00+05:30,136.7,125.35,151.5,151.5,75,851.2499999999995,71.14,780.1099999999996,EOD,2025-12
20251217,PE,25850.0,2025-12-17 11:10:00+05:30,2025-12-17 11:25:00+05:30,105.35,116.2,116.2,116.2,75,-813.7500000000007,66.31,-880.0600000000006,SL,2025-12
20251217,PE,25850.0,2025-12-17 13:20:00+05:30,2025-12-17 13:35:00+05:30,117.85,121.7,121.7,121.7,75,-288.7500000000006,68.3,-357.05000000000064,SL,2025-12
20251217,PE,25850.0,2025-12-17 14:15:00+05:30,2025-12-17 14:20:00+05:30,113.7,119.1,119.1,119.1,75,-404.9999999999994,67.61,-472.6099999999994,SL,2025-12
20251217,PE,25850.0,2025-12-17 14:55:00+05:30,2025-12-17 15:25:00+05:30,116.6,105.95,119.0,119.0,75,798.7499999999993,67.58,731.1699999999993,EOD,2025-12
20251218,CE,25750.0,2025-12-18 11:15:00+05:30,2025-12-18 11:20:00+05:30,171.6,176.15,176.15,176.15,75,-341.25000000000085,77.88,-419.13000000000085,SL,2025-12
20251218,CE,25750.0,2025-12-18 12:55:00+05:30,2025-12-18 15:25:00+05:30,201.65,150.35,208.3,208.3,75,3847.500000000001,81.34,3766.1600000000008,EOD,2025-12
20251218,PE,25750.0,2025-12-18 10:15:00+05:30,2025-12-18 15:25:00+05:30,60.3,65.5,77.5,77.5,75,-390.0000000000002,58.1,-448.10000000000025,EOD,2025-12
20251219,CE,25900.0,2025-12-19 11:00:00+05:30,2025-12-19 14:20:00+05:30,124.75,131.85,131.85,131.85,75,-532.4999999999995,69.63,-602.1299999999995,SL,2025-12
20251219,PE,25900.0,2025-12-19 10:30:00+05:30,2025-12-19 11:20:00+05:30,58.25,60.4,60.4,60.4,75,-161.2499999999999,57.64,-218.88999999999987,SL,2025-12
20251219,PE,25900.0,2025-12-19 12:05:00+05:30,2025-12-19 12:20:00+05:30,59.5,65.0,65.0,65.0,75,-412.5,57.97,-470.47,SL,2025-12
20251219,PE,25900.0,2025-12-19 12:35:00+05:30,2025-12-19 13:00:00+05:30,52.8,56.55,56.55,56.55,75,-281.25,56.72,-337.97,SL,2025-12
20251219,PE,25900.0,2025-12-19 13:20:00+05:30,2025-12-19 15:25:00+05:30,54.25,43.05,56.8,56.8,75,840.0000000000002,56.47,783.5300000000002,EOD,2025-12
20251222,CE,26100.0,2025-12-22 11:20:00+05:30,2025-12-22 11:25:00+05:30,76.4,78.4,78.4,78.4,75,-150.0,60.86,-210.86,SL,2025-12
20251222,CE,26100.0,2025-12-22 12:45:00+05:30,2025-12-22 12:50:00+05:30,73.15,76.15,76.15,76.15,75,-225.0,60.32,-285.32,SL,2025-12
20251224,CE,26150.0,2025-12-24 10:45:00+05:30,2025-12-24 15:25:00+05:30,145.3,93.55,152.6,152.6,75,3881.250000000001,71.3,3809.9500000000007,EOD,2025-12
20251224,PE,26150.0,2025-12-24 09:55:00+05:30,2025-12-24 10:50:00+05:30,58.85,62.45,62.45,62.45,75,-270.0000000000001,57.79,-327.79000000000013,SL,2025-12
20251224,PE,26150.0,2025-12-24 11:20:00+05:30,2025-12-24 11:40:00+05:30,54.5,57.35,57.35,57.35,75,-213.7500000000001,56.99,-270.7400000000001,SL,2025-12
20251224,PE,26150.0,2025-12-24 12:15:00+05:30,2025-12-24 13:05:00+05:30,57.9,60.25,60.25,60.25,75,-176.2500000000001,57.58,-233.8300000000001,SL,2025-12
20251226,CE,26100.0,2025-12-26 11:10:00+05:30,2025-12-26 15:25:00+05:30,62.0,47.4,64.7,64.7,75,1095.0,57.74,1037.26,EOD,2025-12
20251226,PE,26100.0,2025-12-26 12:15:00+05:30,2025-12-26 12:20:00+05:30,75.2,77.55,77.55,77.55,75,-176.24999999999957,60.66,-236.90999999999957,SL,2025-12
20251226,PE,26100.0,2025-12-26 13:10:00+05:30,2025-12-26 14:15:00+05:30,87.3,91.2,91.2,91.2,75,-292.50000000000045,62.86,-355.36000000000047,SL,2025-12
20251230,CE,25900.0,2025-12-30 10:45:00+05:30,2025-12-30 15:25:00+05:30,62.95,38.9,65.1,65.1,75,1803.7500000000002,57.59,1746.1600000000003,EOD,2025-12
20260101,CE,26200.0,2026-01-01 10:15:00+05:30,2026-01-01 10:25:00+05:30,63.75,71.4,71.4,71.4,65,-497.25000000000034,57.25,-554.5000000000003,SL,2026-01
20260101,CE,26200.0,2026-01-01 11:30:00+05:30,2026-01-01 15:25:00+05:30,72.1,61.0,78.25,78.25,65,721.4999999999997,57.99,663.5099999999996,EOD,2026-01
20260101,PE,26200.0,2026-01-01 09:50:00+05:30,2026-01-01 09:55:00+05:30,84.7,87.2,87.2,87.2,65,-162.5,60.33,-222.82999999999998,SL,2026-01
20260101,PE,26200.0,2026-01-01 10:50:00+05:30,2026-01-01 11:00:00+05:30,84.65,86.75,86.75,86.75,65,-136.49999999999963,60.31,-196.80999999999963,SL,2026-01
20260101,PE,26200.0,2026-01-01 13:00:00+05:30,2026-01-01 13:20:00+05:30,93.5,96.85,96.85,96.85,65,-217.74999999999963,61.72,-279.46999999999963,SL,2026-01
20260101,PE,26200.0,2026-01-01 14:15:00+05:30,2026-01-01 14:25:00+05:30,83.85,88.5,88.5,88.5,65,-302.25000000000034,60.27,-362.5200000000003,SL,2026-01
20260102,CE,26150.0,2026-01-02 14:00:00+05:30,2026-01-02 14:20:00+05:30,180.0,184.35,184.35,184.35,65,-282.74999999999966,75.08,-357.82999999999964,SL,2026-01
20260102,CE,26150.0,2026-01-02 14:35:00+05:30,2026-01-02 14:50:00+05:30,168.8,174.7,174.7,174.7,65,-383.4999999999985,73.4,-456.8999999999985,SL,2026-01
20260105,PE,26350.0,2026-01-05 09:55:00+05:30,2026-01-05 10:00:00+05:30,72.45,83.05,83.05,83.05,65,-688.9999999999997,58.68,-747.6799999999996,SL,2026-01
20260105,PE,26350.0,2026-01-05 10:10:00+05:30,2026-01-05 11:20:00+05:30,60.45,64.8,64.8,64.8,65,-282.74999999999966,56.65,-339.39999999999964,SL,2026-01
20260105,PE,26350.0,2026-01-05 12:25:00+05:30,2026-01-05 13:00:00+05:30,59.8,63.0,63.0,63.0,65,-208.00000000000017,56.51,-264.51000000000016,SL,2026-01
20260105,PE,26350.0,2026-01-05 14:55:00+05:30,2026-01-05 15:00:00+05:30,117.65,122.0,122.0,122.0,65,-282.74999999999966,65.47,-348.2199999999997,SL,2026-01
20260106,PE,26250.0,2026-01-06 12:55:00+05:30,2026-01-06 13:15:00+05:30,67.7,79.2,79.2,79.2,65,-747.5,57.98,-805.48,SL,2026-01
20260106,PE,26250.0,2026-01-06 14:45:00+05:30,2026-01-06 15:25:00+05:30,86.7,71.05,100.75,100.75,65,1017.2500000000003,60.11,957.1400000000003,EOD,2026-01
20260107,CE,26100.0,2026-01-07 10:30:00+05:30,2026-01-07 10:50:00+05:30,137.45,145.35,145.35,145.35,65,-513.5000000000003,68.63,-582.1300000000003,SL,2026-01
20260107,CE,26100.0,2026-01-07 11:50:00+05:30,2026-01-07 15:25:00+05:30,132.05,130.3,143.6,143.6,65,113.75,67.51,46.239999999999995,EOD,2026-01
20260107,PE,26100.0,2026-01-07 10:00:00+05:30,2026-01-07 12:15:00+05:30,73.4,78.6,78.6,78.6,65,-337.99999999999926,58.67,-396.6699999999993,SL,2026-01
20260107,PE,26100.0,2026-01-07 14:00:00+05:30,2026-01-07 15:25:00+05:30,78.2,69.3,88.0,88.0,65,578.5000000000003,59.0,519.5000000000003,EOD,2026-01
20260108,CE,26100.0,2026-01-08 10:05:00+05:30,2026-01-08 15:25:00+05:30,78.85,27.2,86.45,86.45,65,3357.2499999999995,57.84,3299.4099999999994,EOD,2026-01
20260108,PE,26100.0,2026-01-08 13:50:00+05:30,2026-01-08 15:00:00+05:30,187.2,197.3,197.3,197.3,65,-656.5000000000015,76.36,-732.8600000000015,SL,2026-01
20260109,CE,25900.0,2026-01-09 10:15:00+05:30,2026-01-09 10:25:00+05:30,88.9,94.5,94.5,94.5,65,-363.99999999999966,61.07,-425.06999999999965,SL,2026-01
20260109,CE,25900.0,2026-01-09 10:50:00+05:30,2026-01-09 15:25:00+05:30,75.6,41.1,88.2,88.2,65,2242.4999999999995,57.85,2184.6499999999996,EOD,2026-01
20260109,PE,25900.0,2026-01-09 13:15:00+05:30,2026-01-09 13:45:00+05:30,197.5,211.9,211.9,211.9,65,-936.0000000000003,78.07,-1014.0700000000004,SL,2026-01
20260109,PE,25900.0,2026-01-09 15:00:00+05:30,2026-01-09 15:25:00+05:30,223.4,193.4,236.7,236.7,65,1950.0,80.77,1869.23,EOD,2026-01
20260112,CE,25650.0,2026-01-12 13:20:00+05:30,2026-01-12 13:30:00+05:30,120.35,124.6,124.6,124.6,65,-276.25,65.88,-342.13,SL,2026-01
20260112,PE,25650.0,2026-01-12 12:10:00+05:30,2026-01-12 15:25:00+05:30,106.45,17.65,156.3,156.3,65,5772.000000000001,61.01,5710.990000000001,EOD,2026-01
20260113,PE,25850.0,2026-01-13 10:05:00+05:30,2026-01-13 12:10:00+05:30,115.0,134.9,134.9,134.9,65,-1293.5000000000005,65.52,-1359.0200000000004,SL,2026-01
20260113,PE,25850.0,2026-01-13 14:35:00+05:30,2026-01-13 15:25:00+05:30,180.3,117.4,203.75,203.75,65,4088.5000000000005,73.16,4015.3400000000006,EOD,2026-01
20260114,CE,25650.0,2026-01-14 10:20:00+05:30,2026-01-14 10:45:00+05:30,155.2,164.35,164.35,164.35,65,-594.7500000000003,71.4,-666.1500000000003,SL,2026-01
20260114,CE,25650.0,2026-01-14 12:10:00+05:30,2026-01-14 12:35:00+05:30,193.25,208.65,208.65,208.65,65,-1001.0000000000003,77.45,-1078.4500000000003,SL,2026-01
20260114,CE,25650.0,2026-01-14 12:50:00+05:30,2026-01-14 15:25:00+05:30,188.65,146.3,196.75,196.75,65,2752.7499999999995,75.05,2677.6999999999994,EOD,2026-01
20260114,PE,25650.0,2026-01-14 10:50:00+05:30,2026-01-14 13:35:00+05:30,96.4,99.9,99.9,99.9,65,-227.5,62.17,-289.67,SL,2026-01
20260114,PE,25650.0,2026-01-14 14:45:00+05:30,2026-01-14 15:05:00+05:30,93.45,104.5,104.5,104.5,65,-718.2499999999998,61.93,-780.1799999999997,SL,2026-01
20260116,CE,25700.0,2026-01-16 10:55:00+05:30,2026-01-16 15:25:00+05:30,215.1,108.6,232.0,232.0,65,6922.5,77.24,6845.26,EOD,2026-01
20260116,PE,25700.0,2026-01-16 09:50:00+05:30,2026-01-16 13:00:00+05:30,71.15,77.7,77.7,77.7,65,-425.74999999999983,58.36,-484.10999999999984,SL,2026-01
20260116,PE,25700.0,2026-01-16 14:25:00+05:30,2026-01-16 15:25:00+05:30,93.55,90.25,102.4,102.4,65,214.49999999999983,61.53,152.96999999999983,EOD,2026-01
20260119,CE,25550.0,2026-01-19 12:05:00+05:30,2026-01-19 12:10:00+05:30,61.95,64.5,64.5,64.5,65,-165.74999999999983,56.83,-222.5799999999998,SL,2026-01
20260119,PE,25550.0,2026-01-19 11:00:00+05:30,2026-01-19 11:15:00+05:30,72.85,83.95,83.95,83.95,65,-721.5000000000006,58.76,-780.2600000000006,SL,2026-01
20260119,PE,25550.0,2026-01-19 11:40:00+05:30,2026-01-19 11:55:00+05:30,75.8,82.45,82.45,82.45,65,-432.25000000000034,59.08,-491.3300000000003,SL,2026-01
20260119,PE,25550.0,2026-01-19 12:55:00+05:30,2026-01-19 13:10:00+05:30,72.25,74.75,74.75,74.75,65,-162.5,58.41,-220.91,SL,2026-01
20260119,PE,25550.0,2026-01-19 13:35:00+05:30,2026-01-19 13:40:00+05:30,67.45,70.55,70.55,70.55,65,-201.49999999999963,57.69,-259.1899999999996,SL,2026-01
20260120,PE,25550.0,2026-01-20 11:40:00+05:30,2026-01-20 12:00:00+05:30,89.0,94.25,94.25,94.25,65,-341.25,61.08,-402.33,SL,2026-01
20260121,CE,25150.0,2026-01-21 09:50:00+05:30,2026-01-21 12:35:00+05:30,195.55,212.0,212.0,212.0,65,-1069.2499999999993,77.83,-1147.0799999999992,SL,2026-01
20260121,CE,25150.0,2026-01-21 13:20:00+05:30,2026-01-21 15:25:00+05:30,225.4,171.2,238.45,238.45,65,3523.000000000001,80.37,3442.630000000001,EOD,2026-01
20260121,PE,25150.0,2026-01-21 11:15:00+05:30,2026-01-21 11:25:00+05:30,175.3,199.3,199.3,199.3,65,-1560.0,74.93,-1634.93,SL,2026-01
20260121,PE,25150.0,2026-01-21 11:55:00+05:30,2026-01-21 15:25:00+05:30,182.7,131.85,193.6,193.6,65,3305.2499999999995,73.88,3231.3699999999994,EOD,2026-01
20260122,CE,25350.0,2026-01-22 10:05:00+05:30,2026-01-22 15:25:00+05:30,166.0,131.5,179.05,179.05,65,2242.5,71.78,2170.72,EOD,2026-01
20260122,PE,25350.0,2026-01-22 12:15:00+05:30,2026-01-22 12:55:00+05:30,185.3,198.55,198.55,198.55,65,-861.25,76.16,-937.41,SL,2026-01
20260122,PE,25350.0,2026-01-22 14:30:00+05:30,2026-01-22 15:25:00+05:30,138.9,102.35,164.85,164.85,65,2375.750000000001,67.55,2308.2000000000007,EOD,2026-01
20260123,CE,25300.0,2026-01-23 11:00:00+05:30,2026-01-23 15:25:00+05:30,103.1,35.6,115.35,115.35,65,4387.5,61.12,4326.38,EOD,2026-01
20260123,PE,25300.0,2026-01-23 10:30:00+05:30,2026-01-23 10:45:00+05:30,92.85,103.2,103.2,103.2,65,-672.7500000000006,61.82,-734.5700000000006,SL,2026-01
20260123,PE,25300.0,2026-01-23 12:40:00+05:30,2026-01-23 13:00:00+05:30,120.4,131.9,131.9,131.9,65,-747.5,66.1,-813.6,SL,2026-01
20260123,PE,25300.0,2026-01-23 14:30:00+05:30,2026-01-23 14:45:00+05:30,218.95,232.7,232.7,232.7,65,-893.75,81.36,-975.11,SL,2026-01
20260127,CE,25100.0,2026-01-27 12:30:00+05:30,2026-01-27 13:25:00+05:30,68.05,73.5,73.5,73.5,65,-354.25000000000017,57.85,-412.1000000000002,SL,2026-01
20260127,PE,25100.0,2026-01-27 11:30:00+05:30,2026-01-27 15:25:00+05:30,81.85,0.05,91.7,91.7,65,5317.0,57.42,5259.58,EOD,2026-01
20260128,CE,25300.0,2026-01-28 10:10:00+05:30,2026-01-28 10:20:00+05:30,224.2,230.55,230.55,230.55,65,-412.7500000000015,81.96,-494.71000000000146,SL,2026-01
20260128,CE,25300.0,2026-01-28 11:40:00+05:30,2026-01-28 12:00:00+05:30,239.3,252.5,252.5,252.5,65,-857.9999999999993,84.48,-942.4799999999993,SL,2026-01
20260128,CE,25300.0,2026-01-28 12:20:00+05:30,2026-01-28 14:55:00+05:30,226.2,239.4,239.4,239.4,65,-858.0000000000011,82.46,-940.4600000000012,SL,2026-01
20260128,PE,25300.0,2026-01-28 11:15:00+05:30,2026-01-28 11:40:00+05:30,193.7,198.65,198.65,198.65,65,-321.75000000000114,77.21,-398.9600000000011,SL,2026-01
20260128,PE,25300.0,2026-01-28 13:15:00+05:30,2026-01-28 13:20:00+05:30,200.8,207.75,207.75,207.75,65,-451.74999999999926,78.37,-530.1199999999992,SL,2026-01
20260128,PE,25300.0,2026-01-28 14:40:00+05:30,2026-01-28 15:25:00+05:30,219.35,171.0,231.8,231.8,65,3142.7499999999995,79.6,3063.1499999999996,EOD,2026-01
20260129,CE,25250.0,2026-01-29 10:40:00+05:30,2026-01-29 10:50:00+05:30,183.75,189.75,189.75,189.75,65,-390.0,75.71,-465.71,SL,2026-01
20260129,CE,25250.0,2026-01-29 15:15:00+05:30,2026-01-29 15:25:00+05:30,309.05,309.0,318.4,318.4,65,3.250000000000739,94.85,-91.59999999999926,EOD,2026-01
20260129,PE,25250.0,2026-01-29 10:55:00+05:30,2026-01-29 15:25:00+05:30,203.75,109.2,213.85,213.85,65,6145.75,75.84,6069.91,EOD,2026-01
20260130,CE,25250.0,2026-01-30 10:25:00+05:30,2026-01-30 10:30:00+05:30,219.7,221.85,221.85,221.85,65,-139.75000000000037,81.14,-220.89000000000038,SL,2026-01
20260130,CE,25250.0,2026-01-30 11:10:00+05:30,2026-01-30 11:35:00+05:30,208.15,215.7,215.7,215.7,65,-490.74999999999886,79.52,-570.2699999999988,SL,2026-01
20260130,CE,25250.0,2026-01-30 13:05:00+05:30,2026-01-30 13:35:00+05:30,205.8,220.8,220.8,220.8,65,-975.0,79.37,-1054.37,SL,2026-01
20260130,CE,25250.0,2026-01-30 14:30:00+05:30,2026-01-30 15:25:00+05:30,253.75,241.9,266.0,266.0,65,770.2499999999997,85.98,684.2699999999996,EOD,2026-01
20260130,PE,25250.0,2026-01-30 09:50:00+05:30,2026-01-30 09:55:00+05:30,161.65,169.15,169.15,169.15,65,-487.5,72.34,-559.84,SL,2026-01
20260130,PE,25250.0,2026-01-30 13:40:00+05:30,2026-01-30 15:25:00+05:30,172.0,140.75,192.7,192.7,65,2031.25,72.8,1958.45,EOD,2026-01
20260201,CE,25300.0,2026-02-01 11:40:00+05:30,2026-02-01 15:25:00+05:30,213.35,21.75,240.35,240.35,65,12454.0,74.48,12379.52,EOD,2026-02
20260201,PE,25300.0,2026-02-01 12:55:00+05:30,2026-02-01 13:50:00+05:30,327.7,357.45,357.45,357.45,65,-1933.75,98.6,-2032.35,SL,2026-02
20260202,CE,24750.0,2026-02-02 10:00:00+05:30,2026-02-02 12:10:00+05:30,171.9,206.0,206.0,206.0,65,-2216.4999999999995,74.71,-2291.2099999999996,SL,2026-02
20260202,CE,24750.0,2026-02-02 13:20:00+05:30,2026-02-02 13:35:00+05:30,182.1,201.1,201.1,201.1,65,-1235.0,75.84,-1310.84,SL,2026-02
20260202,PE,24750.0,2026-02-02 09:50:00+05:30,2026-02-02 10:00:00+05:30,81.15,110.3,110.3,110.3,65,-1894.7499999999995,60.57,-1955.3199999999995,SL,2026-02
20260202,PE,24750.0,2026-02-02 10:30:00+05:30,2026-02-02 10:50:00+05:30,85.2,97.7,97.7,97.7,65,-812.5,60.7,-873.2,SL,2026-02
20260202,PE,24750.0,2026-02-02 11:35:00+05:30,2026-02-02 15:25:00+05:30,78.05,14.8,102.65,102.65,65,4111.25,57.38,4053.87,EOD,2026-02
20260203,CE,25800.0,2026-02-03 09:55:00+05:30,2026-02-03 10:15:00+05:30,63.75,81.65,81.65,81.65,65,-1163.5000000000005,57.55,-1221.0500000000004,SL,2026-02
20260203,CE,25800.0,2026-02-03 12:25:00+05:30,2026-02-03 15:25:00+05:30,59.1,0.05,72.45,72.45,65,3838.2500000000005,54.58,3783.6700000000005,EOD,2026-02
20260203,PE,25800.0,2026-02-03 10:35:00+05:30,2026-02-03 10:40:00+05:30,97.35,104.0,104.0,104.0,65,-432.25000000000034,62.41,-494.6600000000003,SL,2026-02
20260203,PE,25800.0,2026-02-03 11:25:00+05:30,2026-02-03 15:05:00+05:30,73.7,83.1,83.1,83.1,65,-610.9999999999994,58.84,-669.8399999999995,SL,2026-02
20260204,CE,25650.0,2026-02-04 10:20:00+05:30,2026-02-04 13:50:00+05:30,236.3,250.4,250.4,250.4,65,-916.4999999999997,84.05,-1000.5499999999996,SL,2026-02
20260204,CE,25650.0,2026-02-04 15:00:00+05:30,2026-02-04 15:25:00+05:30,251.1,232.65,267.0,267.0,65,1199.2499999999993,85.38,1113.8699999999994,EOD,2026-02
20260204,PE,25650.0,2026-02-04 11:45:00+05:30,2026-02-04 15:25:00+05:30,125.7,111.35,130.95,130.95,65,932.7500000000006,66.16,866.5900000000006,EOD,2026-02
20260205,CE,25700.0,2026-02-05 09:50:00+05:30,2026-02-05 10:10:00+05:30,127.6,132.9,132.9,132.9,65,-344.50000000000074,67.03,-411.53000000000077,SL,2026-02
20260205,CE,25700.0,2026-02-05 10:55:00+05:30,2026-02-05 11:00:00+05:30,117.7,120.3,120.3,120.3,65,-168.99999999999963,65.42,-234.41999999999962,SL,2026-02
20260205,CE,25700.0,2026-02-05 12:15:00+05:30,2026-02-05 12:55:00+05:30,111.7,117.1,117.1,117.1,65,-350.99999999999943,64.58,-415.5799999999994,SL,2026-02
20260205,CE,25700.0,2026-02-05 14:05:00+05:30,2026-02-05 14:50:00+05:30,102.85,110.8,110.8,110.8,65,-516.7500000000002,63.29,-580.0400000000002,SL,2026-02
20260205,PE,25700.0,2026-02-05 10:15:00+05:30,2026-02-05 10:35:00+05:30,149.45,158.85,158.85,158.85,65,-611.0000000000003,70.52,-681.5200000000003,SL,2026-02
20260205,PE,25700.0,2026-02-05 11:10:00+05:30,2026-02-05 11:15:00+05:30,146.2,154.7,154.7,154.7,65,-552.5,69.99,-622.49,SL,2026-02
20260205,PE,25700.0,2026-02-05 11:40:00+05:30,2026-02-05 11:45:00+05:30,145.2,149.0,149.0,149.0,65,-247.00000000000074,69.7,-316.7000000000007,SL,2026-02
20260205,PE,25700.0,2026-02-05 14:35:00+05:30,2026-02-05 14:45:00+05:30,160.75,163.8,163.8,163.8,65,-198.25000000000074,72.08,-270.3300000000007,SL,2026-02
20260205,PE,25700.0,2026-02-05 14:55:00+05:30,2026-02-05 15:15:00+05:30,153.55,158.8,158.8,158.8,65,-341.25,71.03,-412.28,SL,2026-02
20260206,CE,25600.0,2026-02-06 10:05:00+05:30,2026-02-06 11:10:00+05:30,88.7,93.65,93.65,93.65,65,-321.75000000000017,61.02,-382.77000000000015,SL,2026-02
20260206,CE,25600.0,2026-02-06 12:50:00+05:30,2026-02-06 12:55:00+05:30,81.0,84.65,84.65,84.65,65,-237.25000000000037,59.8,-297.05000000000035,SL,2026-02
20260206,PE,25600.0,2026-02-06 11:00:00+05:30,2026-02-06 15:25:00+05:30,138.25,72.4,152.4,152.4,65,4280.25,66.59,4213.66,EOD,2026-02
20260209,CE,25850.0,2026-02-09 11:45:00+05:30,2026-02-09 12:05:00+05:30,79.35,81.95,81.95,81.95,65,-169.00000000000057,59.51,-228.51000000000056,SL,2026-02
20260209,CE,25850.0,2026-02-09 12:35:00+05:30,2026-02-09 13:05:00+05:30,70.35,75.25,75.25,75.25,65,-318.50000000000034,58.19,-376.69000000000034,SL,2026-02
20260209,PE,25850.0,2026-02-09 10:35:00+05:30,2026-02-09 15:25:00+05:30,73.4,65.35,85.4,85.4,65,523.2500000000007,58.28,464.9700000000007,EOD,2026-02
20260210,CE,25900.0,2026-02-10 10:50:00+05:30,2026-02-10 12:45:00+05:30,71.35,76.1,76.1,76.1,65,-308.75,58.34,-367.09000000000003,SL,2026-02
20260211,CE,26000.0,2026-02-11 10:55:00+05:30,2026-02-11 15:25:00+05:30,118.05,102.6,121.5,121.5,65,1004.2500000000002,64.95,939.3000000000002,EOD,2026-02
20260211,PE,26000.0,2026-02-11 10:20:00+05:30,2026-02-11 12:20:00+05:30,126.35,135.1,135.1,135.1,65,-568.75,66.94,-635.69,SL,2026-02
20260211,PE,26000.0,2026-02-11 13:20:00+05:30,2026-02-11 15:25:00+05:30,137.75,137.9,146.25,146.25,65,-9.75000000000037,68.44,-78.19000000000037,EOD,2026-02
20260212,CE,25900.0,2026-02-12 10:40:00+05:30,2026-02-12 15:25:00+05:30,99.25,76.0,102.1,102.1,65,1511.25,61.82,1449.43,EOD,2026-02
20260212,PE,25900.0,2026-02-12 09:55:00+05:30,2026-02-12 11:20:00+05:30,115.1,123.25,123.25,123.25,65,-529.7500000000003,65.19,-594.9400000000003,SL,2026-02
20260212,PE,25900.0,2026-02-12 12:20:00+05:30,2026-02-12 13:10:00+05:30,123.9,127.45,127.45,127.45,65,-230.74999999999983,66.41,-297.15999999999985,SL,2026-02
20260212,PE,25900.0,2026-02-12 13:25:00+05:30,2026-02-12 13:40:00+05:30,113.4,114.45,114.45,114.45,65,-68.24999999999982,64.72,-132.9699999999998,SL,2026-02
20260213,CE,25600.0,2026-02-13 10:15:00+05:30,2026-02-13 10:20:00+05:30,90.85,91.55,91.55,91.55,65,-45.500000000000185,61.23,-106.73000000000019,SL,2026-02
20260213,CE,25600.0,2026-02-13 11:00:00+05:30,2026-02-13 12:10:00+05:30,86.95,93.5,93.5,93.5,65,-425.74999999999983,60.8,-486.54999999999984,SL,2026-02
20260213,CE,25600.0,2026-02-13 12:55:00+05:30,2026-02-13 13:10:00+05:30,84.7,89.2,89.2,89.2,65,-292.5,60.39,-352.89,SL,2026-02
20260213,CE,25600.0,2026-02-13 13:45:00+05:30,2026-02-13 15:25:00+05:30,75.55,62.0,82.8,82.8,65,880.7499999999998,58.45,822.2999999999997,EOD,2026-02
20260213,PE,25600.0,2026-02-13 10:35:00+05:30,2026-02-13 10:45:00+05:30,102.35,110.5,110.5,110.5,65,-529.7500000000003,63.22,-592.9700000000004,SL,2026-02
20260213,PE,25600.0,2026-02-13 12:10:00+05:30,2026-02-13 12:55:00+05:30,106.2,109.95,109.95,109.95,65,-243.75,63.68,-307.43,SL,2026-02
20260216,CE,25450.0,2026-02-16 10:50:00+05:30,2026-02-16 11:10:00+05:30,134.2,142.2,142.2,142.2,65,-520.0,68.13,-588.13,SL,2026-02
20260216,CE,25450.0,2026-02-16 11:30:00+05:30,2026-02-16 12:05:00+05:30,130.95,139.65,139.65,139.65,65,-565.5000000000011,67.65,-633.1500000000011,SL,2026-02
20260216,CE,25450.0,2026-02-16 13:55:00+05:30,2026-02-16 14:10:00+05:30,158.95,163.75,163.75,163.75,65,-312.00000000000074,71.85,-383.8500000000007,SL,2026-02
20260217,CE,25600.0,2026-02-17 10:45:00+05:30,2026-02-17 11:10:00+05:30,77.1,86.2,86.2,86.2,65,-591.5000000000006,59.35,-650.8500000000006,SL,2026-02
20260217,CE,25600.0,2026-02-17 13:00:00+05:30,2026-02-17 13:05:00+05:30,121.8,144.45,144.45,144.45,65,-1472.2499999999995,66.64,-1538.8899999999996,SL,2026-02
20260217,CE,25600.0,2026-02-17 13:50:00+05:30,2026-02-17 15:25:00+05:30,130.2,125.15,146.05,146.05,65,328.24999999999886,67.13,261.11999999999887,EOD,2026-02
20260218,CE,25700.0,2026-02-18 09:55:00+05:30,2026-02-18 11:00:00+05:30,134.0,146.75,146.75,146.75,65,-828.75,68.24,-896.99,SL,2026-02
20260218,CE,25700.0,2026-02-18 13:35:00+05:30,2026-02-18 13:45:00+05:30,153.1,158.0,158.0,158.0,65,-318.50000000000034,70.95,-389.45000000000033,SL,2026-02
20260218,PE,25700.0,2026-02-18 10:50:00+05:30,2026-02-18 15:25:00+05:30,134.55,81.05,143.2,143.2,65,3477.500000000001,66.38,3411.120000000001,EOD,2026-02
20260219,CE,25850.0,2026-02-19 09:55:00+05:30,2026-02-19 15:25:00+05:30,89.3,26.0,93.3,93.3,65,4114.5,59.11,4055.39,EOD,2026-02
20260220,CE,25450.0,2026-02-20 11:10:00+05:30,2026-02-20 11:30:00+05:30,220.5,237.95,237.95,237.95,65,-1134.2499999999993,81.71,-1215.9599999999994,SL,2026-02
20260220,CE,25450.0,2026-02-20 13:00:00+05:30,2026-02-20 14:15:00+05:30,227.0,245.0,245.0,245.0,65,-1170.0,82.73,-1252.73,SL,2026-02
20260220,CE,25450.0,2026-02-20 15:05:00+05:30,2026-02-20 15:25:00+05:30,216.4,201.5,236.05,236.05,65,968.5000000000003,80.13,888.3700000000003,EOD,2026-02
20260220,PE,25450.0,2026-02-20 09:50:00+05:30,2026-02-20 10:05:00+05:30,98.85,105.35,105.35,105.35,65,-422.5,62.63,-485.13,SL,2026-02
20260220,PE,25450.0,2026-02-20 10:30:00+05:30,2026-02-20 13:10:00+05:30,84.0,88.4,88.4,88.4,65,-286.00000000000034,60.28,-346.2800000000003,SL,2026-02
20260220,PE,25450.0,2026-02-20 14:15:00+05:30,2026-02-20 14:25:00+05:30,63.8,68.05,68.05,68.05,65,-276.25,57.16,-333.40999999999997,SL,2026-02
20260220,PE,25450.0,2026-02-20 14:45:00+05:30,2026-02-20 15:00:00+05:30,55.65,61.75,61.75,61.75,65,-396.5000000000001,55.96,-452.4600000000001,SL,2026-02
20260223,CE,25650.0,2026-02-23 10:30:00+05:30,2026-02-23 15:25:00+05:30,132.1,109.75,136.5,136.5,65,1452.7499999999995,66.91,1385.8399999999995,EOD,2026-02
20260223,PE,25650.0,2026-02-23 14:30:00+05:30,2026-02-23 15:25:00+05:30,65.0,63.3,78.1,78.1,65,110.50000000000018,57.17,53.33000000000018,EOD,2026-02
20260224,PE,25600.0,2026-02-24 11:15:00+05:30,2026-02-24 11:50:00+05:30,107.6,118.35,118.35,118.35,65,-698.75,64.11,-762.86,SL,2026-02
20260224,PE,25600.0,2026-02-24 14:10:00+05:30,2026-02-24 14:30:00+05:30,163.15,193.9,193.9,193.9,65,-1998.75,73.26,-2072.01,SL,2026-02
20260225,CE,25550.0,2026-02-25 10:45:00+05:30,2026-02-25 15:25:00+05:30,204.5,123.7,212.7,212.7,65,5252.0,76.36,5175.64,EOD,2026-02
20260225,PE,25550.0,2026-02-25 10:00:00+05:30,2026-02-25 11:55:00+05:30,97.2,102.45,102.45,102.45,65,-341.25,62.34,-403.59000000000003,SL,2026-02
20260225,PE,25550.0,2026-02-25 13:55:00+05:30,2026-02-25 14:00:00+05:30,173.0,178.1,178.1,178.1,65,-331.49999999999966,74.02,-405.51999999999964,SL,2026-02
20260226,CE,25550.0,2026-02-26 10:55:00+05:30,2026-02-26 11:15:00+05:30,112.35,122.0,122.0,122.0,65,-627.2500000000003,64.81,-692.0600000000004,SL,2026-02
20260226,CE,25550.0,2026-02-26 11:40:00+05:30,2026-02-26 15:25:00+05:30,97.0,100.7,110.35,110.35,65,-240.50000000000017,62.26,-302.76000000000016,EOD,2026-02
20260226,PE,25550.0,2026-02-26 14:35:00+05:30,2026-02-26 15:25:00+05:30,149.0,134.25,158.7,158.7,65,958.75,69.74,889.01,EOD,2026-02
20260227,CE,25400.0,2026-02-27 09:50:00+05:30,2026-02-27 15:25:00+05:30,82.5,37.75,90.3,90.3,65,2908.75,58.61,2850.14,EOD,2026-02
20260227,PE,25400.0,2026-02-27 11:10:00+05:30,2026-02-27 11:20:00+05:30,136.7,144.95,144.95,144.95,65,-536.25,68.52,-604.77,SL,2026-02
20260302,CE,24850.0,2026-03-02 10:10:00+05:30,2026-03-02 15:25:00+05:30,94.15,15.6,100.45,100.45,65,5105.750000000001,59.41,5046.340000000001,EOD,2026-03
20260302,PE,24850.0,2026-03-02 14:05:00+05:30,2026-03-02 15:25:00+05:30,134.85,0.05,191.0,191.0,65,8761.999999999998,64.04,8697.959999999997,EOD,2026-03
20260304,CE,24400.0,2026-03-04 10:55:00+05:30,2026-03-04 11:00:00+05:30,316.65,322.25,322.25,322.25,65,-364.0000000000015,96.19,-460.1900000000015,SL,2026-03
20260304,CE,24400.0,2026-03-04 11:30:00+05:30,2026-03-04 12:00:00+05:30,301.8,307.95,307.95,307.95,65,-399.7499999999985,93.91,-493.6599999999985,SL,2026-03
20260304,CE,24400.0,2026-03-04 15:05:00+05:30,2026-03-04 15:25:00+05:30,365.25,360.5,402.95,402.95,65,308.75,103.38,205.37,EOD,2026-03
20260304,PE,24400.0,2026-03-04 11:05:00+05:30,2026-03-04 11:20:00+05:30,278.95,297.25,297.25,297.25,65,-1189.5000000000007,90.75,-1280.2500000000007,SL,2026-03
20260304,PE,24400.0,2026-03-04 12:00:00+05:30,2026-03-04 12:10:00+05:30,301.85,307.65,307.65,307.65,65,-376.99999999999704,93.91,-470.909999999997,SL,2026-03
20260304,PE,24400.0,2026-03-04 12:55:00+05:30,2026-03-04 15:25:00+05:30,290.0,272.1,298.35,298.35,65,1163.4999999999986,91.39,1072.1099999999985,EOD,2026-03
20260305,CE,24600.0,2026-03-05 10:15:00+05:30,2026-03-05 10:35:00+05:30,229.5,240.9,240.9,240.9,65,-741.0000000000003,82.92,-823.9200000000003,SL,2026-03
20260305,CE,24600.0,2026-03-05 11:25:00+05:30,2026-03-05 12:50:00+05:30,234.0,255.35,255.35,255.35,65,-1387.7499999999995,83.91,-1471.6599999999996,SL,2026-03
20260305,CE,24600.0,2026-03-05 13:55:00+05:30,2026-03-05 14:20:00+05:30,205.8,214.85,214.85,214.85,65,-588.2499999999989,79.2,-667.4499999999989,SL,2026-03
20260305,PE,24600.0,2026-03-05 10:40:00+05:30,2026-03-05 11:25:00+05:30,206.7,217.25,217.25,217.25,65,-685.7500000000007,79.38,-765.1300000000007,SL,2026-03
20260305,PE,24600.0,2026-03-05 12:25:00+05:30,2026-03-05 13:35:00+05:30,199.85,213.85,213.85,213.85,65,-910.0,78.43,-988.4300000000001,SL,2026-03
20260305,PE,24600.0,2026-03-05 14:25:00+05:30,2026-03-05 15:25:00+05:30,206.75,160.3,222.3,222.3,65,3019.249999999999,77.72,2941.5299999999993,EOD,2026-03
20260306,CE,24600.0,2026-03-06 10:35:00+05:30,2026-03-06 15:25:00+05:30,226.3,144.55,232.65,232.65,65,5313.75,79.7,5234.05,EOD,2026-03
20260306,PE,24600.0,2026-03-06 11:05:00+05:30,2026-03-06 11:10:00+05:30,191.45,197.85,197.85,197.85,65,-416.00000000000034,76.91,-492.9100000000003,SL,2026-03
20260306,PE,24600.0,2026-03-06 14:20:00+05:30,2026-03-06 14:25:00+05:30,204.95,210.5,210.5,210.5,65,-360.75000000000074,78.96,-439.7100000000007,SL,2026-03
20260309,CE,23900.0,2026-03-09 10:20:00+05:30,2026-03-09 10:50:00+05:30,153.65,166.1,166.1,166.1,65,-809.2499999999993,71.26,-880.5099999999993,SL,2026-03
20260309,CE,23900.0,2026-03-09 12:05:00+05:30,2026-03-09 12:50:00+05:30,171.3,195.9,195.9,195.9,65,-1598.9999999999995,74.33,-1673.3299999999995,SL,2026-03
20260309,CE,23900.0,2026-03-09 14:15:00+05:30,2026-03-09 14:20:00+05:30,199.8,205.8,205.8,205.8,65,-390.0,78.18,-468.18,SL,2026-03
20260309,PE,23900.0,2026-03-09 10:55:00+05:30,2026-03-09 11:05:00+05:30,213.0,220.45,220.45,220.45,65,-484.24999999999926,80.26,-564.5099999999993,SL,2026-03
20260309,PE,23900.0,2026-03-09 11:30:00+05:30,2026-03-09 12:05:00+05:30,201.75,211.0,211.0,211.0,65,-601.25,78.58,-679.83,SL,2026-03
20260309,PE,23900.0,2026-03-09 12:55:00+05:30,2026-03-09 13:05:00+05:30,203.5,209.85,209.85,209.85,65,-412.74999999999966,78.76,-491.50999999999965,SL,2026-03
20260309,PE,23900.0,2026-03-09 13:35:00+05:30,2026-03-09 13:45:00+05:30,200.1,207.2,207.2,207.2,65,-461.49999999999966,78.26,-539.7599999999996,SL,2026-03
20260309,PE,23900.0,2026-03-09 14:30:00+05:30,2026-03-09 15:25:00+05:30,199.35,137.25,204.9,204.9,65,4036.4999999999995,76.12,3960.3799999999997,EOD,2026-03
20260310,CE,24200.0,2026-03-10 12:00:00+05:30,2026-03-10 13:35:00+05:30,65.7,72.8,72.8,72.8,65,-461.49999999999966,57.54,-519.0399999999996,SL,2026-03
20260310,CE,24200.0,2026-03-10 14:25:00+05:30,2026-03-10 14:45:00+05:30,63.0,68.15,68.15,68.15,65,-334.75000000000034,57.06,-391.81000000000034,SL,2026-03
20260310,PE,24200.0,2026-03-10 10:15:00+05:30,2026-03-10 15:25:00+05:30,74.4,0.05,107.25,107.25,65,4832.750000000001,56.49,4776.260000000001,EOD,2026-03
20260311,CE,24250.0,2026-03-11 10:40:00+05:30,2026-03-11 10:55:00+05:30,203.2,212.5,212.5,212.5,65,-604.5000000000007,78.8,-683.3000000000006,SL,2026-03
20260311,CE,24250.0,2026-03-11 11:20:00+05:30,2026-03-11 15:25:00+05:30,190.65,126.0,198.9,198.9,65,4202.25,74.7,4127.55,EOD,2026-03
20260312,CE,23600.0,2026-03-12 10:15:00+05:30,2026-03-12 10:25:00+05:30,297.3,301.5,301.5,301.5,65,-272.99999999999926,93.16,-366.1599999999993,SL,2026-03
20260312,CE,23600.0,2026-03-12 12:35:00+05:30,2026-03-12 13:25:00+05:30,330.55,344.85,344.85,344.85,65,-929.5000000000007,98.59,-1028.0900000000006,SL,2026-03
20260312,CE,23600.0,2026-03-12 14:45:00+05:30,2026-03-12 15:25:00+05:30,303.4,288.6,309.25,309.25,65,961.999999999997,93.55,868.4499999999971,EOD,2026-03
20260312,PE,23600.0,2026-03-12 09:50:00+05:30,2026-03-12 15:25:00+05:30,249.2,221.35,267.0,267.0,65,1810.2499999999995,84.81,1725.4399999999996,EOD,2026-03
20260313,CE,23450.0,2026-03-13 09:50:00+05:30,2026-03-13 11:35:00+05:30,205.65,218.0,218.0,218.0,65,-802.7499999999997,79.27,-882.0199999999996,SL,2026-03
20260313,CE,23450.0,2026-03-13 12:00:00+05:30,2026-03-13 15:25:00+05:30,190.45,128.55,198.6,198.6,65,4023.4999999999986,74.75,3948.7499999999986,EOD,2026-03
20260313,PE,23450.0,2026-03-13 10:55:00+05:30,2026-03-13 11:05:00+05:30,265.8,279.15,279.15,279.15,65,-867.7499999999977,88.58,-956.3299999999978,SL,2026-03
20260313,PE,23450.0,2026-03-13 11:30:00+05:30,2026-03-13 11:55:00+05:30,257.75,271.35,271.35,271.35,65,-884.0000000000015,87.34,-971.3400000000015,SL,2026-03
20260313,PE,23450.0,2026-03-13 14:10:00+05:30,2026-03-13 15:00:00+05:30,385.8,412.75,412.75,412.75,65,-1751.7499999999993,107.48,-1859.2299999999993,SL,2026-03
20260316,CE,23150.0,2026-03-16 10:15:00+05:30,2026-03-16 11:15:00+05:30,157.05,181.25,181.25,181.25,65,-1572.9999999999993,72.13,-1645.1299999999992,SL,2026-03
20260316,CE,23150.0,2026-03-16 12:45:00+05:30,2026-03-16 14:15:00+05:30,145.4,176.35,176.35,176.35,65,-2011.7499999999993,70.53,-2082.2799999999993,SL,2026-03
20260316,CE,23150.0,2026-03-16 15:20:00+05:30,2026-03-16 15:25:00+05:30,273.55,272.65,298.1,298.1,65,58.50000000000222,89.35,-30.849999999997777,EOD,2026-03
20260316,PE,23150.0,2026-03-16 11:10:00+05:30,2026-03-16 15:25:00+05:30,196.95,71.45,212.3,212.3,65,8157.499999999999,73.89,8083.609999999999,EOD,2026-03
20260317,CE,23400.0,2026-03-17 10:30:00+05:30,2026-03-17 10:45:00+05:30,106.55,136.1,136.1,136.1,65,-1920.7499999999998,64.5,-1985.2499999999998,SL,2026-03
20260317,CE,23400.0,2026-03-17 11:15:00+05:30,2026-03-17 12:45:00+05:30,78.7,105.2,105.2,105.2,65,-1722.5,60.11,-1782.61,SL,2026-03
20260317,PE,23400.0,2026-03-17 11:55:00+05:30,2026-03-17 15:25:00+05:30,60.2,0.05,85.05,85.05,65,3909.7500000000005,54.72,3855.0300000000007,EOD,2026-03
20260318,CE,23650.0,2026-03-18 10:00:00+05:30,2026-03-18 10:15:00+05:30,233.75,249.15,249.15,249.15,65,-1001.0000000000003,83.69,-1084.6900000000003,SL,2026-03
20260318,CE,23650.0,2026-03-18 15:20:00+05:30,2026-03-18 15:25:00+05:30,266.25,272.9,281.7,281.7,65,-432.2499999999985,88.45,-520.6999999999986,EOD,2026-03
20260318,PE,23650.0,2026-03-18 10:50:00+05:30,2026-03-18 15:25:00+05:30,174.5,168.35,182.65,182.65,65,399.75000000000034,73.93,325.82000000000033,EOD,2026-03
20260320,CE,23250.0,2026-03-20 11:55:00+05:30,2026-03-20 13:00:00+05:30,237.8,239.15,239.15,239.15,65,-87.74999999999963,83.91,-171.65999999999963,SL,2026-03
20260320,CE,23250.0,2026-03-20 13:45:00+05:30,2026-03-20 14:00:00+05:30,220.65,235.2,235.2,235.2,65,-945.7499999999989,81.65,-1027.399999999999,SL,2026-03
20260320,CE,23250.0,2026-03-20 14:25:00+05:30,2026-03-20 15:25:00+05:30,198.95,163.5,209.55,209.55,65,2304.249999999999,76.84,2227.409999999999,EOD,2026-03
20260320,PE,23250.0,2026-03-20 10:30:00+05:30,2026-03-20 12:00:00+05:30,231.9,241.35,241.35,241.35,65,-614.2499999999993,83.23,-697.4799999999993,SL,2026-03
20260320,PE,23250.0,2026-03-20 12:50:00+05:30,2026-03-20 13:55:00+05:30,253.0,268.9,268.9,268.9,65,-1033.4999999999986,86.68,-1120.1799999999987,SL,2026-03
20260323,CE,22700.0,2026-03-23 09:55:00+05:30,2026-03-23 15:25:00+05:30,175.6,107.15,186.3,186.3,65,4449.249999999999,72.27,4376.979999999999,EOD,2026-03
20260323,PE,22700.0,2026-03-23 12:45:00+05:30,2026-03-23 12:50:00+05:30,314.65,331.5,331.5,331.5,65,-1095.2500000000014,96.21,-1191.4600000000014,SL,2026-03
20260323,PE,22700.0,2026-03-23 13:45:00+05:30,2026-03-23 14:30:00+05:30,269.25,294.7,294.7,294.7,65,-1654.2499999999993,89.46,-1743.7099999999994,SL,2026-03
20260323,PE,22700.0,2026-03-23 14:55:00+05:30,2026-03-23 15:00:00+05:30,249.6,266.4,266.4,266.4,65,-1091.9999999999989,86.18,-1178.179999999999,SL,2026-03
20260324,CE,22800.0,2026-03-24 10:05:00+05:30,2026-03-24 10:20:00+05:30,50.3,64.2,64.2,64.2,65,-903.5000000000003,55.36,-958.8600000000004,SL,2026-03
20260324,CE,22800.0,2026-03-24 14:25:00+05:30,2026-03-24 15:25:00+05:30,143.15,112.2,167.75,167.75,65,2011.7500000000002,68.36,1943.3900000000003,EOD,2026-03
20260324,PE,22800.0,2026-03-24 11:15:00+05:30,2026-03-24 15:25:00+05:30,128.5,0.05,153.45,153.45,65,8349.25,63.25,8286.0,EOD,2026-03
20260325,CE,23200.0,2026-03-25 11:40:00+05:30,2026-03-25 11:45:00+05:30,387.1,400.3,400.3,400.3,65,-857.9999999999993,107.27,-965.2699999999993,SL,2026-03
20260325,CE,23200.0,2026-03-25 12:50:00+05:30,2026-03-25 13:35:00+05:30,397.25,416.55,416.55,416.55,65,-1254.5000000000007,109.02,-1363.5200000000007,SL,2026-03
20260325,CE,23200.0,2026-03-25 14:10:00+05:30,2026-03-25 15:25:00+05:30,395.0,343.75,411.8,411.8,65,3331.25,106.6,3224.65,EOD,2026-03
20260325,PE,23200.0,2026-03-25 11:05:00+05:30,2026-03-25 11:30:00+05:30,213.0,225.45,225.45,225.45,65,-809.2499999999993,80.41,-889.6599999999993,SL,2026-03
20260325,PE,23200.0,2026-03-25 12:25:00+05:30,2026-03-25 12:50:00+05:30,201.9,206.45,206.45,206.45,65,-295.74999999999886,78.46,-374.20999999999884,SL,2026-03
20260325,PE,23200.0,2026-03-25 13:25:00+05:30,2026-03-25 14:20:00+05:30,197.05,205.35,205.35,205.35,65,-539.4999999999989,77.83,-617.3299999999989,SL,2026-03
20260327,CE,23050.0,2026-03-27 09:55:00+05:30,2026-03-27 15:25:00+05:30,222.8,106.4,239.55,239.55,65,7566.0,78.14,7487.86,EOD,2026-03
20260327,PE,23050.0,2026-03-27 10:35:00+05:30,2026-03-27 10:40:00+05:30,250.65,261.4,261.4,261.4,65,-698.7499999999982,86.16,-784.9099999999981,SL,2026-03
20260330,CE,22500.0,2026-03-30 10:10:00+05:30,2026-03-30 15:25:00+05:30,154.0,0.1,158.45,158.45,65,10003.5,66.43,9937.07,EOD,2026-03
20260330,PE,22500.0,2026-03-30 11:35:00+05:30,2026-03-30 11:40:00+05:30,74.7,82.8,82.8,82.8,65,-526.4999999999997,58.96,-585.4599999999997,SL,2026-03
20260330,PE,22500.0,2026-03-30 12:05:00+05:30,2026-03-30 12:20:00+05:30,53.3,59.35,59.35,59.35,65,-393.2500000000003,55.6,-448.8500000000003,SL,2026-03
20260330,PE,22500.0,2026-03-30 13:35:00+05:30,2026-03-30 13:40:00+05:30,55.95,71.2,71.2,71.2,65,-991.25,56.27,-1047.52,SL,2026-03
20260401,CE,22850.0,2026-04-01 10:25:00+05:30,2026-04-01 12:00:00+05:30,295.0,312.35,312.35,312.35,65,-1127.7500000000014,93.19,-1220.9400000000014,SL,2026-04
20260401,CE,22850.0,2026-04-01 13:20:00+05:30,2026-04-01 15:25:00+05:30,291.85,256.0,312.6,312.6,65,2330.2500000000014,91.15,2239.1000000000013,EOD,2026-04
20260401,PE,22850.0,2026-04-01 11:30:00+05:30,2026-04-01 11:45:00+05:30,315.15,324.3,324.3,324.3,65,-594.7500000000023,96.06,-690.8100000000022,SL,2026-04
20260401,PE,22850.0,2026-04-01 12:05:00+05:30,2026-04-01 13:25:00+05:30,285.75,291.7,291.7,291.7,65,-386.74999999999926,91.43,-478.17999999999927,SL,2026-04
20260402,CE,22200.0,2026-04-02 09:50:00+05:30,2026-04-02 11:55:00+05:30,327.6,339.0,339.0,339.0,65,-740.9999999999985,98.05,-839.0499999999985,SL,2026-04
20260402,PE,22200.0,2026-04-02 10:55:00+05:30,2026-04-02 11:15:00+05:30,274.6,287.45,287.45,287.45,65,-835.2499999999977,89.92,-925.1699999999977,SL,2026-04
20260402,PE,22200.0,2026-04-02 11:50:00+05:30,2026-04-02 15:25:00+05:30,272.6,106.15,276.4,276.4,65,10819.250000000002,84.35,10734.900000000001,EOD,2026-04
20260406,CE,22700.0,2026-04-06 09:50:00+05:30,2026-04-06 10:05:00+05:30,154.1,165.5,165.5,165.5,65,-741.0000000000003,71.29,-812.2900000000003,SL,2026-04
20260406,CE,22700.0,2026-04-06 11:05:00+05:30,2026-04-06 11:20:00+05:30,151.15,157.0,157.0,157.0,65,-380.24999999999966,70.68,-450.92999999999967,SL,2026-04
20260406,CE,22700.0,2026-04-06 13:45:00+05:30,2026-04-06 13:50:00+05:30,284.85,309.3,309.3,309.3,65,-1589.2499999999993,91.84,-1681.0899999999992,SL,2026-04
20260406,PE,22700.0,2026-04-06 11:55:00+05:30,2026-04-06 12:15:00+05:30,209.6,218.55,218.55,218.55,65,-581.7500000000011,79.78,-661.5300000000011,SL,2026-04
20260406,PE,22700.0,2026-04-06 12:25:00+05:30,2026-04-06 12:30:00+05:30,188.15,198.55,198.55,198.55,65,-676.0000000000003,76.52,-752.5200000000003,SL,2026-04
20260406,PE,22700.0,2026-04-06 12:50:00+05:30,2026-04-06 15:25:00+05:30,161.0,87.4,169.4,169.4,65,4784.0,69.87,4714.13,EOD,2026-04
20260407,CE,22750.0,2026-04-07 10:55:00+05:30,2026-04-07 11:20:00+05:30,136.85,183.65,183.65,183.65,65,-3042.000000000001,69.67,-3111.670000000001,SL,2026-04
20260408,CE,23850.0,2026-04-08 11:30:00+05:30,2026-04-08 13:25:00+05:30,288.35,298.6,298.6,298.6,65,-666.25,91.96,-758.21,SL,2026-04
20260408,PE,23850.0,2026-04-08 10:30:00+05:30,2026-04-08 15:25:00+05:30,191.65,131.85,199.1,199.1,65,3887.000000000001,75.0,3812.000000000001,EOD,2026-04
20260409,CE,23850.0,2026-04-09 09:50:00+05:30,2026-04-09 10:10:00+05:30,196.8,203.45,203.45,203.45,65,-432.2499999999985,77.74,-509.98999999999853,SL,2026-04
20260409,CE,23850.0,2026-04-09 12:20:00+05:30,2026-04-09 15:25:00+05:30,217.75,175.25,224.35,224.35,65,2762.5,79.53,2682.97,EOD,2026-04
20260409,PE,23850.0,2026-04-09 11:40:00+05:30,2026-04-09 12:45:00+05:30,185.65,194.75,194.75,194.75,65,-591.4999999999997,76.09,-667.5899999999997,SL,2026-04
20260409,PE,23850.0,2026-04-09 14:05:00+05:30,2026-04-09 14:10:00+05:30,223.75,236.95,236.95,236.95,65,-857.9999999999993,82.09,-940.0899999999993,SL,2026-04
20260409,PE,23850.0,2026-04-09 15:05:00+05:30,2026-04-09 15:25:00+05:30,211.4,213.85,233.0,233.0,65,-159.24999999999926,79.87,-239.11999999999927,EOD,2026-04
