date,opt_type,strike,entry_time,exit_time,opt_entry,opt_exit,max_price,lot_size,gross_pnl,charges,pnl,exit_reason,month
20251110,CE,25500,2025-11-10 14:25:01.545000+05:30,2025-11-10 15:01:00.597000+05:30,168.35,145.95,170.95,75,-1680.0,73.92,-1753.92,Flip,2025-11
20251112,PE,25700,2025-11-12 13:33:00.607000+05:30,2025-11-12 15:25:59.926000+05:30,52.9,55.85,57.6,75,221.25,57.04,164.21,EOD,2025-11
20251113,CE,25850,2025-11-13 13:24:00.805000+05:30,2025-11-13 13:57:00.075000+05:30,236.5,220.55,256.9,75,-1196.25,86.98,-1283.23,Flip,2025-11
20251113,PE,25850,2025-11-13 12:37:01.241000+05:30,2025-11-13 13:03:01.054000+05:30,72.9,64.25,79.15,75,-648.75,58.92,-707.67,Flip,2025-11
20251113,PE,25850,2025-11-13 13:57:00.087000+05:30,2025-11-13 14:13:06.600000+05:30,69.25,112.95,112.95,75,3277.5,65.82,3211.68,DPT,2025-11
20251114,CE,25900,2025-11-14 10:55:00.510000+05:30,2025-11-14 11:34:00.304000+05:30,120.8,87.4,128.8,75,-2505.0,63.88,-2568.88,Flip,2025-11
20251114,CE,25900,2025-11-14 15:01:00.480000+05:30,2025-11-14 15:25:59.767000+05:30,94.2,121.5,127.9,75,2047.5,67.89,1979.61,EOD,2025-11
20251114,PE,25900,2025-11-14 11:34:00.314000+05:30,2025-11-14 13:54:29.988000+05:30,152.95,188.0,188.0,75,2628.75,79.46,2549.29,DPT,2025-11
20251117,CE,25900,2025-11-17 11:57:00.366000+05:30,2025-11-17 14:45:00.226000+05:30,132.7,122.6,160.1,75,-757.5,69.35,-826.85,Flip,2025-11
20251118,PE,26000,2025-11-18 12:28:00.668000+05:30,2025-11-18 13:16:00.320000+05:30,69.9,49.6,84.2,75,-1522.5,56.71,-1579.21,Flip,2025-11
20251119,CE,25900,2025-11-19 11:42:00.684000+05:30,2025-11-19 12:15:10.138000+05:30,191.55,227.95,227.95,75,2730.0,86.52,2643.48,DPT,2025-11
20251119,PE,25900,2025-11-19 11:11:00.891000+05:30,2025-11-19 11:39:00.239000+05:30,118.75,105.2,125.0,75,-1016.25,66.37,-1082.62,Flip,2025-11
20251120,PE,26050,2025-11-20 14:33:00.442000+05:30,2025-11-20 15:25:58.660000+05:30,59.9,53.25,61.8,75,-498.75,56.9,-555.65,EOD,2025-11
20251121,CE,26200,2025-11-21 12:13:00.837000+05:30,2025-11-21 13:15:01.191000+05:30,76.65,77.5,103.5,75,63.75,60.96,2.79,Flip,2025-11
20251121,CE,26200,2025-11-21 14:10:00.220000+05:30,2025-11-21 14:48:00.605000+05:30,83.4,68.5,90.2,75,-1117.5,59.89,-1177.39,Flip,2025-11
20251121,PE,26200,2025-11-21 13:15:01.200000+05:30,2025-11-21 14:10:00.229000+05:30,130.25,118.45,157.1,75,-885.0,68.67,-953.67,Flip,2025-11
20251121,PE,26200,2025-11-21 14:45:00.525000+05:30,2025-11-21 15:25:58.792000+05:30,136.15,172.85,182.25,75,2752.5,76.71,2675.79,EOD,2025-11
20251124,PE,26750,2025-11-24 10:56:01.289000+05:30,2025-11-24 11:31:01.135000+05:30,615.9,605.85,642.4,75,-753.75,155.33,-909.08,Flip,2025-11
20251124,PE,26750,2025-11-24 11:51:00.325000+05:30,2025-11-24 12:37:01.413000+05:30,631.25,645.55,670.0,75,1072.5,161.57,910.93,Flip,2025-11
20251124,PE,26750,2025-11-24 12:55:00.323000+05:30,2025-11-24 14:20:23.852000+05:30,654.25,704.25,704.25,75,3750.0,170.8,3579.2,DPT,2025-11
20251125,CE,25950,2025-11-25 11:57:00.915000+05:30,2025-11-25 14:28:00.770000+05:30,58.3,32.15,84.3,75,-1961.25,53.8,-2015.05,Flip,2025-11
20251126,CE,25850,2025-11-26 14:04:01.156000+05:30,2025-11-26 14:36:00.337000+05:30,422.45,391.5,422.5,75,-2321.25,117.9,-2439.15,Flip,2025-11
20251127,CE,26200,2025-11-27 12:46:01.195000+05:30,2025-11-27 13:12:00.596000+05:30,159.3,122.55,164.0,75,-2756.25,70.25,-2826.5,Flip,2025-11
20251127,CE,26200,2025-11-27 14:25:00.210000+05:30,2025-11-27 15:25:59.166000+05:30,125.45,133.15,139.6,75,577.5,70.63,506.87,EOD,2025-11
20251127,PE,26200,2025-11-27 11:33:00.258000+05:30,2025-11-27 13:12:32.226000+05:30,79.25,113.65,113.65,75,2580.0,66.26,2513.74,DPT,2025-11
20251128,PE,26200,2025-11-28 13:53:01.363000+05:30,2025-11-28 15:22:01.147000+05:30,84.8,66.0,85.1,75,-1410.0,59.58,-1469.58,Flip,2025-11
20251201,CE,26200,2025-12-01 14:02:00.333000+05:30,2025-12-01 14:45:01.180000+05:30,74.75,55.1,82.65,75,-1473.75,57.67,-1531.42,Flip,2025-12
20251201,PE,26200,2025-12-01 14:45:01.170000+05:30,2025-12-01 15:25:59.994000+05:30,76.55,66.45,91.35,75,-757.5,59.36,-816.86,EOD,2025-12
20251202,PE,26200,2025-12-02 11:42:00.578000+05:30,2025-12-02 12:36:00.160000+05:30,138.45,109.45,152.0,75,-2175.0,67.65,-2242.65,Flip,2025-12
20251202,PE,26200,2025-12-02 12:55:00.990000+05:30,2025-12-02 15:25:58.865000+05:30,152.2,167.0,203.4,75,1110.0,76.41,1033.59,EOD,2025-12
20251203,CE,26050,2025-12-03 11:40:00.904000+05:30,2025-12-03 12:42:00.196000+05:30,99.2,90.1,106.35,75,-682.5,63.54,-746.04,Flip,2025-12
20251203,CE,26050,2025-12-03 14:13:00.549000+05:30,2025-12-03 15:25:58.906000+05:30,95.15,111.85,119.55,75,1252.5,66.53,1185.97,EOD,2025-12
20251203,PE,26050,2025-12-03 12:43:00.297000+05:30,2025-12-03 14:13:00.558000+05:30,177.05,157.6,185.8,75,-1458.75,75.9,-1534.65,Flip,2025-12
20251204,CE,26000,2025-12-04 14:11:00.147000+05:30,2025-12-04 15:25:59.867000+05:30,124.8,141.3,152.7,75,1237.5,71.78,1165.72,EOD,2025-12
20251204,PE,26000,2025-12-04 11:30:01.566000+05:30,2025-12-04 13:41:11.645000+05:30,73.15,108.05,108.05,75,2617.5,65.24,2552.26,DPT,2025-12
20251205,CE,26000,2025-12-05 11:12:00.611000+05:30,2025-12-05 12:33:01.211000+05:30,198.8,234.0,234.0,75,2640.0,87.64,2552.36,DPT,2025-12
20251205,PE,26000,2025-12-05 10:30:01.042000+05:30,2025-12-05 11:03:01.370000+05:30,59.3,33.25,76.0,75,-1953.75,54.0,-2007.75,Flip,2025-12
20251210,CE,25850,2025-12-10 13:20:00.337000+05:30,2025-12-10 13:59:00.280000+05:30,128.55,114.75,143.25,75,-1035.0,68.08,-1103.08,Flip,2025-12
20251210,PE,25850,2025-12-10 13:57:00.991000+05:30,2025-12-10 14:29:06.147000+05:30,138.1,173.3,173.3,75,2640.0,76.84,2563.16,DPT,2025-12
20251211,CE,25750,2025-12-11 12:02:00.302000+05:30,2025-12-11 12:27:35.356000+05:30,201.75,238.5,238.5,75,2756.25,88.39,2667.86,DPT,2025-12
20251211,PE,25750,2025-12-11 11:05:00.635000+05:30,2025-12-11 12:02:00.302000+05:30,89.55,55.75,90.2,75,-2535.0,58.26,-2593.26,Flip,2025-12
20251211,PE,25750,2025-12-11 13:13:00.834000+05:30,2025-12-11 14:21:00.076000+05:30,56.65,40.35,56.95,75,-1222.5,54.93,-1277.43,Flip,2025-12
20251212,CE,26000,2025-12-12 11:22:00.328000+05:30,2025-12-12 12:12:00.663000+05:30,106.65,95.25,119.05,75,-855.0,64.53,-919.53,Flip,2025-12
20251212,CE,26000,2025-12-12 14:09:00.975000+05:30,2025-12-12 15:25:59.181000+05:30,123.35,112.1,124.2,75,-843.75,67.52,-911.27,EOD,2025-12
20251216,PE,25950,2025-12-16 14:08:00.409000+05:30,2025-12-16 15:25:59.259000+05:30,62.35,88.65,95.75,75,1972.5,62.08,1910.42,EOD,2025-12
20251217,CE,25850,2025-12-17 15:01:01.014000+05:30,2025-12-17 15:25:59.724000+05:30,120.0,123.75,124.65,75,281.25,69.09,212.16,EOD,2025-12
20251219,CE,25900,2025-12-19 12:40:00.203000+05:30,2025-12-19 13:14:01.498000+05:30,120.45,101.6,121.3,75,-1413.75,65.91,-1479.66,Flip,2025-12
20251219,CE,25900,2025-12-19 13:34:01.179000+05:30,2025-12-19 15:25:59.514000+05:30,121.4,123.6,137.45,75,165.0,69.12,95.88,EOD,2025-12
20251222,CE,26100,2025-12-22 14:35:00.243000+05:30,2025-12-22 15:25:59.587000+05:30,89.95,85.7,90.95,75,-318.75,62.59,-381.34,EOD,2025-12
20251224,PE,26150,2025-12-24 13:12:00.712000+05:30,2025-12-24 15:25:58.459000+05:30,64.9,76.65,86.7,75,881.25,60.44,820.81,EOD,2025-12
20251226,CE,26100,2025-12-26 15:00:00.359000+05:30,2025-12-26 15:25:59.382000+05:30,50.1,48.9,50.6,75,-90.0,55.94,-145.94,EOD,2025-12
20251229,PE,26050,2025-12-29 12:24:00.925000+05:30,2025-12-29 13:37:46.095000+05:30,91.75,126.0,126.0,75,2568.75,68.46,2500.29,DPT,2025-12
20260101,CE,26200,2026-01-01 10:54:00.534000+05:30,2026-01-01 11:44:00.405000+05:30,83.0,65.15,85.35,65,-1160.25,57.77,-1218.02,Flip,2026-01
20260101,CE,26200,2026-01-01 14:17:00.579000+05:30,2026-01-01 15:25:59.558000+05:30,70.85,63.25,75.2,65,-494.0,57.18,-551.18,EOD,2026-01
20260101,PE,26200,2026-01-01 11:47:00.075000+05:30,2026-01-01 14:12:00.121000+05:30,101.25,86.7,113.3,65,-945.75,60.99,-1006.74,Flip,2026-01
20260102,CE,26150,2026-01-02 15:01:00.294000+05:30,2026-01-02 15:25:58.680000+05:30,183.5,197.5,200.75,65,910.0,77.24,832.76,EOD,2026-01
20260105,PE,26350,2026-01-05 11:24:00.325000+05:30,2026-01-05 13:50:19.356000+05:30,69.8,109.6,109.6,65,2587.0,62.93,2524.07,DPT,2026-01
20260106,PE,26250,2026-01-06 10:38:01.361000+05:30,2026-01-06 11:20:20.903000+05:30,60.8,100.45,100.45,65,2577.25,61.53,2515.72,DPT,2026-01
20260107,CE,26100,2026-01-07 14:46:00.339000+05:30,2026-01-07 15:25:58.715000+05:30,121.6,131.95,138.4,65,672.75,67.24,605.51,EOD,2026-01
20260107,PE,26100,2026-01-07 11:55:00.098000+05:30,2026-01-07 14:54:00.642000+05:30,75.45,72.3,94.0,65,-204.75,58.44,-263.19,Flip,2026-01
20260108,PE,26100,2026-01-08 15:04:01.021000+05:30,2026-01-08 15:25:59.679000+05:30,209.25,216.85,227.85,65,494.0,80.41,413.59,EOD,2026-01
20260113,PE,25850,2026-01-13 11:54:00.781000+05:30,2026-01-13 12:14:53.532000+05:30,101.55,141.8,141.8,65,2616.25,67.88,2548.37,DPT,2026-01
20260114,CE,25650,2026-01-14 14:46:00.180000+05:30,2026-01-14 15:25:58.981000+05:30,154.5,147.3,167.0,65,-468.0,70.12,-538.12,EOD,2026-01
20260114,PE,25650,2026-01-14 13:25:00.457000+05:30,2026-01-14 13:55:00.206000+05:30,84.25,123.75,123.75,65,2567.5,65.12,2502.38,DPT,2026-01
20260116,PE,25700,2026-01-16 11:14:00.058000+05:30,2026-01-16 13:25:05.100000+05:30,57.4,97.5,97.5,65,2606.5,61.06,2545.44,DPT,2026-01
20260119,CE,25550,2026-01-19 11:04:00.188000+05:30,2026-01-19 12:49:00.375000+05:30,91.55,57.2,92.55,65,-2232.75,57.03,-2289.78,Flip,2026-01
20260119,CE,25550,2026-01-19 12:58:00.538000+05:30,2026-01-19 14:14:00+05:30,75.25,98.0,131.4,65,1478.75,61.64,1417.11,EOD,2026-01
20260120,PE,25550,2026-01-20 12:06:00.307000+05:30,2026-01-20 13:35:31.258000+05:30,109.2,149.25,149.25,65,2603.25,69.04,2534.21,DPT,2026-01
20260121,CE,25150,2026-01-21 11:14:01.086000+05:30,2026-01-21 12:18:17.395000+05:30,143.3,182.95,182.95,65,2577.25,74.25,2503.0,DPT,2026-01
20260121,PE,25150,2026-01-21 13:26:00.493000+05:30,2026-01-21 15:25:59.795000+05:30,129.1,146.1,164.65,65,1105.0,69.23,1035.77,EOD,2026-01
20260122,CE,25350,2026-01-22 11:26:00.427000+05:30,2026-01-22 13:15:00.549000+05:30,122.55,80.85,122.55,65,-2710.5,60.89,-2771.39,Flip,2026-01
20260122,CE,25350,2026-01-22 14:32:00.097000+05:30,2026-01-22 15:25:59.352000+05:30,102.7,132.9,142.65,65,1963.0,66.81,1896.19,EOD,2026-01
20260123,CE,25300,2026-01-23 12:44:00.342000+05:30,2026-01-23 13:13:01.036000+05:30,88.8,66.25,94.0,65,-1465.75,58.08,-1523.83,Flip,2026-01
20260123,PE,25300,2026-01-23 13:17:00.018000+05:30,2026-01-23 13:30:27.700000+05:30,158.0,204.3,204.3,65,3009.5,77.34,2932.16,DPT,2026-01
20260127,CE,25100,2026-01-27 11:42:00.595000+05:30,2026-01-27 11:44:52.465000+05:30,82.0,121.65,121.65,65,2577.25,64.79,2512.46,DPT,2026-01
20260127,PE,25100,2026-01-27 10:42:00.031000+05:30,2026-01-27 10:53:11.017000+05:30,96.2,135.8,135.8,65,2574.0,66.98,2507.02,DPT,2026-01
20260128,CE,25300,2026-01-28 11:05:00.736000+05:30,2026-01-28 11:45:00.510000+05:30,257.95,240.05,277.9,65,-1163.5,84.74,-1248.24,Flip,2026-01
20260128,CE,25300,2026-01-28 14:46:01.346000+05:30,2026-01-28 15:25:59.898000+05:30,208.0,248.1,256.5,65,2606.5,84.28,2522.22,EOD,2026-01
20260128,PE,25300,2026-01-28 12:25:00.567000+05:30,2026-01-28 13:44:51.530000+05:30,206.7,247.9,247.9,65,2678.0,84.22,2593.78,DPT,2026-01
20260130,CE,25250,2026-01-30 12:24:00.647000+05:30,2026-01-30 13:10:00.257000+05:30,235.75,205.95,244.45,65,-1937.0,79.83,-2016.83,Flip,2026-01
20260130,CE,25250,2026-01-30 13:43:00.390000+05:30,2026-01-30 14:44:00.551000+05:30,231.95,230.2,289.55,65,-113.75,82.75,-196.5,Flip,2026-01
20260130,PE,25250,2026-01-30 14:44:00.551000+05:30,2026-01-30 15:12:00.436000+05:30,176.6,147.8,179.75,65,-1872.0,70.83,-1942.83,Flip,2026-01
20260201,PE,25300,2026-02-01 11:46:00.440000+05:30,2026-02-01 12:15:25.190000+05:30,188.15,228.0,228.0,65,2590.25,81.19,2509.06,DPT,2026-02
20260202,CE,24750,2026-02-02 11:33:00.971000+05:30,2026-02-02 11:39:54.770000+05:30,140.95,181.15,181.15,65,2613.0,73.95,2539.05,DPT,2026-02
20260202,PE,24750,2026-02-02 13:21:00.834000+05:30,2026-02-02 13:43:00.162000+05:30,67.0,43.7,76.3,65,-1514.5,54.62,-1569.12,Flip,2026-02
20260203,CE,25800,2026-02-03 13:45:00.875000+05:30,2026-02-03 14:49:00.619000+05:30,54.75,13.0,62.1,65,-2713.75,50.43,-2764.18,Flip,2026-02
20260203,PE,25800,2026-02-03 12:30:00.752000+05:30,2026-02-03 13:47:00.643000+05:30,78.85,39.55,106.3,65,-2554.5,54.45,-2608.95,Flip,2026-02
20260203,PE,25800,2026-02-03 14:33:00.441000+05:30,2026-02-03 15:25:59.834000+05:30,78.35,72.85,104.6,65,-357.5,58.59,-416.09,EOD,2026-02
20260204,CE,25650,2026-02-04 13:25:00.264000+05:30,2026-02-04 14:17:18.680000+05:30,229.85,269.7,269.7,65,2590.25,87.62,2502.63,DPT,2026-02
20260204,PE,25650,2026-02-04 15:08:00.672000+05:30,2026-02-04 15:25:59.556000+05:30,97.2,108.8,110.1,65,754.0,63.64,690.36,EOD,2026-02
20260205,CE,25700,2026-02-05 14:56:00.426000+05:30,2026-02-05 15:25:58.959000+05:30,114.75,113.5,129.85,65,-81.25,64.74,-145.99,EOD,2026-02
20260205,PE,25700,2026-02-05 12:18:01.098000+05:30,2026-02-05 14:56:00.425000+05:30,171.45,154.75,191.95,65,-1085.5,71.55,-1157.05,Flip,2026-02
20260206,CE,25600,2026-02-06 11:11:00.840000+05:30,2026-02-06 11:38:58.067000+05:30,94.95,134.65,134.65,65,2580.5,66.8,2513.7,DPT,2026-02
20260206,PE,25600,2026-02-06 12:22:00.484000+05:30,2026-02-06 13:39:00.265000+05:30,111.85,106.6,138.6,65,-341.25,63.79,-405.04,Flip,2026-02
20260209,CE,25850,2026-02-09 14:24:00.135000+05:30,2026-02-09 15:25:59.839000+05:30,79.5,74.55,84.45,65,-321.75,58.84,-380.59,EOD,2026-02
20260209,PE,25850,2026-02-09 11:55:00.188000+05:30,2026-02-09 13:10:00.064000+05:30,78.05,65.8,86.0,65,-796.25,57.7,-853.95,Flip,2026-02
20260210,CE,25900,2026-02-10 12:48:00.684000+05:30,2026-02-10 13:19:00.391000+05:30,77.95,65.0,96.0,65,-841.75,57.6,-899.35,Flip,2026-02
20260210,CE,25900,2026-02-10 15:02:00.206000+05:30,2026-02-10 15:25:59.759000+05:30,61.0,33.9,63.6,65,-1761.5,53.22,-1814.72,EOD,2026-02
20260211,CE,26000,2026-02-11 10:40:00.363000+05:30,2026-02-11 11:09:00.411000+05:30,127.05,108.7,129.6,65,-1192.75,64.5,-1257.25,Flip,2026-02
20260211,CE,26000,2026-02-11 13:39:00.719000+05:30,2026-02-11 13:52:00.751000+05:30,106.6,94.1,113.4,65,-812.5,62.08,-874.58,Flip,2026-02
20260211,CE,26000,2026-02-11 14:19:00.181000+05:30,2026-02-11 15:25:59.463000+05:30,109.8,105.55,112.45,65,-276.25,63.6,-339.85,EOD,2026-02
20260211,PE,26000,2026-02-11 12:25:00.163000+05:30,2026-02-11 13:42:00.191000+05:30,136.0,122.2,159.2,65,-897.0,66.45,-963.45,Flip,2026-02
20260212,CE,25900,2026-02-12 12:54:00.379000+05:30,2026-02-12 13:13:00.286000+05:30,96.1,87.25,98.4,65,-575.25,60.91,-636.16,Flip,2026-02
20260212,CE,25900,2026-02-12 13:26:00.741000+05:30,2026-02-12 13:50:00.596000+05:30,98.9,83.75,103.3,65,-984.75,60.56,-1045.31,Flip,2026-02
20260212,CE,25900,2026-02-12 15:04:00.094000+05:30,2026-02-12 15:25:59.998000+05:30,83.05,78.2,84.0,65,-315.25,59.4,-374.65,EOD,2026-02
20260212,PE,25900,2026-02-12 11:23:00.737000+05:30,2026-02-12 12:33:01.250000+05:30,129.05,119.55,142.0,65,-617.5,65.91,-683.41,Flip,2026-02
20260212,PE,25900,2026-02-12 13:15:00.271000+05:30,2026-02-12 13:19:00.052000+05:30,129.25,111.3,131.6,65,-1166.75,64.89,-1231.64,Flip,2026-02
20260212,PE,25900,2026-02-12 13:50:00.697000+05:30,2026-02-12 15:04:00.095000+05:30,129.2,134.05,179.6,65,315.25,67.73,247.52,Flip,2026-02
20260213,CE,25600,2026-02-13 12:07:00.054000+05:30,2026-02-13 13:02:00.455000+05:30,93.95,83.9,112.7,65,-653.25,60.43,-713.68,Flip,2026-02
20260213,PE,25600,2026-02-13 13:03:00.350000+05:30,2026-02-13 15:00:56.262000+05:30,118.2,160.45,160.45,65,2746.25,70.7,2675.55,DPT,2026-02
20260216,CE,25450,2026-02-16 12:11:00.372000+05:30,2026-02-16 14:28:15.502000+05:30,148.25,188.7,188.7,65,2629.25,75.11,2554.14,DPT,2026-02
20260217,CE,25600,2026-02-17 11:33:00.592000+05:30,2026-02-17 11:38:03.405000+05:30,117.2,158.2,158.2,65,2665.0,70.39,2594.61,DPT,2026-02
20260218,CE,25700,2026-02-18 11:35:00.343000+05:30,2026-02-18 14:19:53.788000+05:30,151.8,192.2,192.2,65,2626.0,75.65,2550.35,DPT,2026-02
20260220,CE,25450,2026-02-20 14:18:00.848000+05:30,2026-02-20 15:08:00.057000+05:30,253.1,212.85,284.6,65,-2616.25,81.2,-2697.45,Flip,2026-02
20260220,PE,25450,2026-02-20 12:45:00.757000+05:30,2026-02-20 14:17:00.683000+05:30,69.7,64.9,100.75,65,-312.0,57.35,-369.35,Flip,2026-02
20260220,PE,25450,2026-02-20 15:06:01.248000+05:30,2026-02-20 15:25:59.973000+05:30,76.3,78.9,91.0,65,169.0,59.29,109.71,EOD,2026-02
20260223,CE,25650,2026-02-23 14:30:00.185000+05:30,2026-02-23 15:25:59.763000+05:30,102.65,116.0,130.65,65,867.75,64.69,803.06,EOD,2026-02
20260224,PE,25600,2026-02-24 12:00:00.657000+05:30,2026-02-24 12:23:56.595000+05:30,141.45,181.2,181.2,65,2583.75,73.97,2509.78,DPT,2026-02
20260225,CE,25550,2026-02-25 14:20:00.407000+05:30,2026-02-25 15:25:59.648000+05:30,127.1,126.9,134.35,65,-13.0,66.77,-79.77,EOD,2026-02
20260225,PE,25550,2026-02-25 11:24:00.683000+05:30,2026-02-25 12:35:20.915000+05:30,100.95,140.75,140.75,65,2587.0,67.74,2519.26,DPT,2026-02
20260226,CE,25550,2026-02-26 11:26:00.386000+05:30,2026-02-26 11:39:00.010000+05:30,141.3,111.6,148.2,65,-1930.5,65.28,-1995.78,Flip,2026-02
20260226,CE,25550,2026-02-26 14:37:00.948000+05:30,2026-02-26 15:25:59.740000+05:30,87.85,100.6,112.75,65,828.75,62.34,766.41,EOD,2026-02
20260226,PE,25550,2026-02-26 11:40:00.101000+05:30,2026-02-26 12:20:09.658000+05:30,134.85,174.7,174.7,65,2590.25,72.97,2517.28,DPT,2026-02
20260227,CE,25400,2026-02-27 13:56:00.787000+05:30,2026-02-27 14:33:00.885000+05:30,77.4,56.85,83.25,65,-1335.75,56.57,-1392.32,Flip,2026-02
20260227,PE,25400,2026-02-27 15:01:00.481000+05:30,2026-02-27 15:04:18.771000+05:30,194.95,235.65,235.65,65,2645.5,82.34,2563.16,DPT,2026-02
20260304,CE,24400,2026-03-04 13:01:00.747000+05:30,2026-03-04 13:26:40.165000+05:30,326.95,367.05,367.05,65,2606.5,102.62,2503.88,DPT,2026-03
20260304,PE,24400,2026-03-04 11:31:00.381000+05:30,2026-03-04 13:08:00.167000+05:30,318.1,280.9,327.9,65,-2418.0,91.6,-2509.6,Flip,2026-03
20260304,PE,24400,2026-03-04 15:10:00.322000+05:30,2026-03-04 15:25:59.837000+05:30,283.0,284.7,289.0,65,110.5,91.05,19.45,EOD,2026-03
20260305,CE,24600,2026-03-05 10:43:00.191000+05:30,2026-03-05 11:37:01.089000+05:30,255.9,223.55,279.9,65,-2102.75,82.62,-2185.37,Flip,2026-03
20260305,CE,24600,2026-03-05 12:22:00.680000+05:30,2026-03-05 13:52:00.966000+05:30,244.1,219.6,264.0,65,-1592.5,81.78,-1674.28,Flip,2026-03
20260305,CE,24600,2026-03-05 14:37:00.202000+05:30,2026-03-05 14:41:26.641000+05:30,228.0,329.85,329.85,65,6620.25,95.07,6525.18,DPT,2026-03
20260305,PE,24600,2026-03-05 11:37:01.089000+05:30,2026-03-05 12:21:00.575000+05:30,228.1,210.9,247.7,65,-1118.0,80.22,-1198.22,Flip,2026-03
20260305,PE,24600,2026-03-05 13:42:00.932000+05:30,2026-03-05 14:29:00.284000+05:30,219.95,205.9,252.5,65,-913.25,79.36,-992.61,Flip,2026-03
20260305,PE,24600,2026-03-05 15:15:00.474000+05:30,2026-03-05 15:25:59.735000+05:30,172.7,169.15,173.55,65,-230.75,73.39,-304.14,EOD,2026-03
20260306,CE,24600,2026-03-06 13:38:00.358000+05:30,2026-03-06 14:43:00.606000+05:30,226.65,192.75,230.95,65,-2203.5,77.91,-2281.41,Flip,2026-03
20260309,CE,23900,2026-03-09 10:52:01.071000+05:30,2026-03-09 11:40:22.201000+05:30,188.7,230.15,230.15,65,2694.25,81.47,2612.78,DPT,2026-03
20260310,CE,24200,2026-03-10 12:55:00.496000+05:30,2026-03-10 14:09:09.357000+05:30,68.5,108.75,108.75,65,2616.25,62.79,2553.46,DPT,2026-03
20260310,PE,24200,2026-03-10 11:51:00.341000+05:30,2026-03-10 13:02:01.114000+05:30,58.45,33.45,94.35,65,-1625.0,53.09,-1678.09,Flip,2026-03
20260311,CE,24250,2026-03-11 13:31:00.416000+05:30,2026-03-11 14:19:00.631000+05:30,191.95,161.35,192.6,65,-1989.0,72.98,-2061.98,Flip,2026-03
20260311,PE,24250,2026-03-11 14:25:00.614000+05:30,2026-03-11 14:30:00.296000+05:30,484.0,421.2,490.3,65,-4082.0,113.99,-4195.99,Flip,2026-03
20260312,CE,23600,2026-03-12 10:38:00.990000+05:30,2026-03-12 13:02:01.352000+05:30,357.0,311.75,387.0,65,-2941.25,96.6,-3037.85,Flip,2026-03
20260312,CE,23600,2026-03-12 13:25:00.538000+05:30,2026-03-12 14:09:00.508000+05:30,342.95,338.2,413.3,65,-308.75,99.49,-408.24,Flip,2026-03
20260312,PE,23600,2026-03-12 11:22:00.527000+05:30,2026-03-12 12:23:00.257000+05:30,230.1,181.8,232.6,65,-3139.5,76.65,-3216.15,Flip,2026-03
20260312,PE,23600,2026-03-12 13:07:01.035000+05:30,2026-03-12 13:25:00.538000+05:30,213.65,175.1,213.85,65,-2505.75,75.33,-2581.08,Flip,2026-03
20260312,PE,23600,2026-03-12 14:00:00.076000+05:30,2026-03-12 15:25:59.806000+05:30,178.65,222.5,237.35,65,2850.25,80.22,2770.03,EOD,2026-03
20260313,CE,23450,2026-03-13 11:33:01.464000+05:30,2026-03-13 12:02:00.055000+05:30,216.7,189.2,228.0,65,-1787.5,77.18,-1864.68,Flip,2026-03
20260313,CE,23450,2026-03-13 14:20:00.354000+05:30,2026-03-13 15:04:00.293000+05:30,153.0,122.75,159.4,65,-1966.25,67.01,-2033.26,Flip,2026-03
20260313,PE,23450,2026-03-13 12:09:00.345000+05:30,2026-03-13 12:23:40.535000+05:30,288.9,330.85,330.85,65,2726.75,96.98,2629.77,DPT,2026-03
20260316,CE,23150,2026-03-16 11:11:00.841000+05:30,2026-03-16 11:17:38.060000+05:30,147.35,188.7,188.7,65,2687.75,75.08,2612.67,DPT,2026-03
20260316,PE,23150,2026-03-16 12:49:00.126000+05:30,2026-03-16 14:12:00.339000+05:30,190.15,146.6,200.45,65,-2830.75,71.08,-2901.83,Flip,2026-03
20260317,CE,23400,2026-03-17 12:46:00.277000+05:30,2026-03-17 13:10:07.779000+05:30,94.45,136.5,136.5,65,2733.25,67.01,2666.24,DPT,2026-03
20260318,PE,23650,2026-03-18 14:34:00.847000+05:30,2026-03-18 15:25:59.442000+05:30,158.0,172.7,184.8,65,955.5,73.4,882.1,EOD,2026-03
20260320,CE,23250,2026-03-20 12:46:00.635000+05:30,2026-03-20 14:23:00.016000+05:30,229.9,202.65,254.85,65,-1771.25,79.25,-1850.5,Flip,2026-03
20260320,CE,23250,2026-03-20 15:04:00.165000+05:30,2026-03-20 15:25:59.462000+05:30,197.0,175.7,197.0,65,-1384.5,74.92,-1459.42,EOD,2026-03
20260320,PE,23250,2026-03-20 11:51:00.766000+05:30,2026-03-20 12:19:44.718000+05:30,231.45,271.55,271.55,65,2606.5,87.89,2518.61,DPT,2026-03
20260323,CE,22700,2026-03-23 13:45:00.413000+05:30,2026-03-23 14:32:00.141000+05:30,162.45,137.2,186.35,65,-1641.25,69.1,-1710.35,Flip,2026-03
20260323,PE,22700,2026-03-23 14:34:00.317000+05:30,2026-03-23 15:25:59.739000+05:30,312.75,314.1,327.3,65,87.75,95.59,-7.84,EOD,2026-03
20260324,CE,22800,2026-03-24 11:35:00.948000+05:30,2026-03-24 12:23:49.216000+05:30,56.75,97.8,97.8,65,2668.25,61.08,2607.17,DPT,2026-03
20260325,CE,23200,2026-03-25 12:15:01.049000+05:30,2026-03-25 12:55:00.091000+05:30,441.3,396.9,448.5,65,-2886.0,109.7,-2995.7,Flip,2026-03
20260325,CE,23200,2026-03-25 13:52:01.215000+05:30,2026-03-25 14:19:00.228000+05:30,438.6,383.75,439.1,65,-3565.25,107.98,-3673.23,Flip,2026-03
20260325,PE,23200,2026-03-25 11:39:01.204000+05:30,2026-03-25 12:14:01.074000+05:30,234.7,204.0,236.55,65,-1995.5,79.55,-2075.05,Flip,2026-03
20260325,PE,23200,2026-03-25 12:58:00.127000+05:30,2026-03-25 13:37:01.191000+05:30,215.3,190.35,218.4,65,-1621.75,77.28,-1699.03,Flip,2026-03
20260325,PE,23200,2026-03-25 14:22:00.177000+05:30,2026-03-25 15:25:58.836000+05:30,205.9,238.45,243.0,65,2115.75,83.01,2032.74,EOD,2026-03
20260327,CE,23050,2026-03-27 13:18:00.950000+05:30,2026-03-27 14:06:00.040000+05:30,196.45,152.75,196.45,65,-2840.5,72.03,-2912.53,Flip,2026-03
20260327,PE,23050,2026-03-27 14:11:00.067000+05:30,2026-03-27 14:36:41.339000+05:30,304.55,347.0,347.0,65,2759.25,99.46,2659.79,DPT,2026-03
20260330,CE,22500,2026-03-30 11:38:00.804000+05:30,2026-03-30 11:47:00.970000+05:30,99.75,58.2,102.8,65,-2700.75,57.39,-2758.14,Flip,2026-03
20260330,CE,22500,2026-03-30 12:03:01.079000+05:30,2026-03-30 13:26:00.038000+05:30,93.75,48.8,148.05,65,-2921.75,56.04,-2977.79,Flip,2026-03
20260330,PE,22500,2026-03-30 13:27:00.138000+05:30,2026-03-30 14:29:53.310000+05:30,85.75,127.25,127.25,65,2697.5,65.6,2631.9,DPT,2026-03
20260401,CE,22850,2026-04-01 11:42:00.522000+05:30,2026-04-01 11:51:00.521000+05:30,305.5,274.7,308.35,65,-2002.0,90.46,-2092.46,Flip,2026-04
20260401,CE,22850,2026-04-01 12:04:00.945000+05:30,2026-04-01 13:22:00.252000+05:30,317.75,300.25,344.1,65,-1137.5,94.01,-1231.51,Flip,2026-04
20260401,PE,22850,2026-04-01 10:24:00.013000+05:30,2026-04-01 10:29:25.002000+05:30,299.3,339.6,339.6,65,2619.5,98.38,2521.12,DPT,2026-04
20260402,CE,22200,2026-04-02 11:58:00.143000+05:30,2026-04-02 12:36:58.811000+05:30,341.45,381.65,381.65,65,2613.0,104.87,2508.13,DPT,2026-04
20260406,CE,22700,2026-04-06 11:48:00.148000+05:30,2026-04-06 12:20:30.397000+05:30,178.95,218.7,218.7,65,2583.75,79.76,2503.99,DPT,2026-04
20260407,CE,22750,2026-04-07 11:39:00.687000+05:30,2026-04-07 13:32:16.472000+05:30,225.55,268.6,268.6,65,2798.25,87.35,2710.9,DPT,2026-04
20260408,CE,23850,2026-04-08 10:55:00.452000+05:30,2026-04-08 12:31:00.353000+05:30,292.8,269.0,312.65,65,-1547.0,89.38,-1636.38,Flip,2026-04
20260408,CE,23850,2026-04-08 12:56:00.381000+05:30,2026-04-08 15:25:59.208000+05:30,286.85,306.65,326.35,65,1287.0,93.9,1193.1,EOD,2026-04
20260408,PE,23850,2026-04-08 11:56:00.509000+05:30,2026-04-08 12:56:00.373000+05:30,172.9,156.95,192.15,65,-1036.75,71.87,-1108.62,Flip,2026-04
20260409,CE,23850,2026-04-09 11:56:00.210000+05:30,2026-04-09 12:47:00.476000+05:30,233.1,194.9,235.9,65,-2483.0,78.37,-2561.37,Flip,2026-04
20260409,CE,23850,2026-04-09 15:03:00.218000+05:30,2026-04-09 15:25:59.851000+05:30,170.15,175.2,182.5,65,328.25,74.07,254.18,EOD,2026-04
20260409,PE,23850,2026-04-09 12:47:00.476000+05:30,2026-04-09 13:31:08.709000+05:30,204.35,244.15,244.15,65,2587.0,83.68,2503.32,DPT,2026-04
20260410,CE,23900,2026-04-10 12:25:00.730000+05:30,2026-04-10 14:16:00.588000+05:30,222.75,183.85,241.0,65,-2528.5,76.69,-2605.19,Flip,2026-04
20260410,CE,23900,2026-04-10 15:05:01.099000+05:30,2026-04-10 15:25:59.911000+05:30,223.45,238.6,254.05,65,984.75,83.55,901.2,EOD,2026-04
20260410,PE,23900,2026-04-10 14:16:00.588000+05:30,2026-04-10 15:08:00.467000+05:30,109.0,79.45,127.0,65,-1920.75,60.32,-1981.07,Flip,2026-04
