date,entry_time,exit_time,side,opt_type,strike,atm_offset,opt_entry,opt_exit,gross_pnl,charges,pnl,exit_reason,month
20251110,2025-11-10 11:50:00+05:30,2025-11-10 12:30:00+05:30,SHORT,CE,25500.0,0,164.2,165.05,-63.750000000001705,76.44,-140.1900000000017,SL,2025-11
20251110,2025-11-10 13:05:00+05:30,2025-11-10 13:25:00+05:30,SHORT,CE,25500.0,0,161.0,167.35,-476.24999999999955,76.06,-552.3099999999995,SL,2025-11
20251110,2025-11-10 14:45:00+05:30,2025-11-10 15:25:00+05:30,SHORT,CE,25500.0,0,149.85,135.0,1113.7499999999995,73.36,1040.3899999999996,EOD,2025-11
20251111,2025-11-11 11:40:00+05:30,2025-11-11 15:25:00+05:30,SHORT,PE,25550.0,0,68.9,0.05,5163.750000000001,57.13,5106.620000000001,EOD,2025-11
20251112,2025-11-12 10:15:00+05:30,2025-11-12 10:25:00+05:30,SHORT,CE,25700.0,0,252.4,256.65,-318.74999999999784,92.25,-410.99999999999784,SL,2025-11
20251112,2025-11-12 12:15:00+05:30,2025-11-12 12:20:00+05:30,SHORT,CE,25700.0,0,285.75,287.55,-135.00000000000085,98.1,-233.10000000000085,SL,2025-11
20251112,2025-11-12 13:30:00+05:30,2025-11-12 13:35:00+05:30,SHORT,CE,25700.0,0,305.65,308.05,-180.00000000000256,101.66,-281.6600000000026,SL,2025-11
20251112,2025-11-12 14:05:00+05:30,2025-11-12 15:25:00+05:30,SHORT,CE,25700.0,0,292.3,286.0,472.50000000000085,98.99,373.51000000000084,EOD,2025-11
20251112,2025-11-12 10:30:00+05:30,2025-11-12 15:25:00+05:30,SHORT,PE,25700.0,0,63.25,55.3,596.2500000000002,58.18,538.0700000000003,EOD,2025-11
20251113,2025-11-13 12:35:00+05:30,2025-11-13 12:55:00+05:30,SHORT,CE,25850.0,0,205.35,220.85,-1162.5,84.26,-1246.76,SL,2025-11
20251113,2025-11-13 13:55:00+05:30,2025-11-13 15:25:00+05:30,SHORT,CE,25850.0,0,191.6,170.75,1563.7499999999995,80.58,1483.1699999999996,EOD,2025-11
20251113,2025-11-13 10:10:00+05:30,2025-11-13 14:00:00+05:30,SHORT,PE,25850.0,0,84.35,85.15,-60.00000000000085,62.23,-122.23000000000084,SL,2025-11
20251114,2025-11-14 11:30:00+05:30,2025-11-14 12:10:00+05:30,SHORT,CE,25900.0,0,96.4,99.8,-254.99999999999937,64.47,-319.46999999999935,SL,2025-11
20251114,2025-11-14 12:35:00+05:30,2025-11-14 12:40:00+05:30,SHORT,CE,25900.0,0,89.6,90.05,-33.75000000000021,63.16,-96.91000000000021,SL,2025-11
20251114,2025-11-14 12:55:00+05:30,2025-11-14 13:10:00+05:30,SHORT,CE,25900.0,0,89.4,89.55,-11.24999999999936,63.11,-74.35999999999936,SL,2025-11
20251114,2025-11-14 13:40:00+05:30,2025-11-14 14:10:00+05:30,SHORT,CE,25900.0,0,68.2,73.35,-386.2499999999994,59.51,-445.75999999999937,SL,2025-11
20251114,2025-11-14 10:50:00+05:30,2025-11-14 13:40:00+05:30,SHORT,PE,25900.0,0,126.25,163.85,-2819.9999999999995,70.93,-2890.9299999999994,SL,2025-11
20251114,2025-11-14 15:05:00+05:30,2025-11-14 15:25:00+05:30,SHORT,PE,25900.0,0,85.2,83.0,165.00000000000023,62.28,102.72000000000023,EOD,2025-11
20251117,2025-11-17 10:05:00+05:30,2025-11-17 10:15:00+05:30,SHORT,CE,25900.0,0,126.2,131.65,-408.7500000000002,69.84,-478.59000000000026,SL,2025-11
20251118,2025-11-18 11:00:00+05:30,2025-11-18 15:25:00+05:30,SHORT,PE,26000.0,0,89.15,90.0,-63.749999999999574,63.09,-126.83999999999958,EOD,2025-11
20251119,2025-11-19 11:05:00+05:30,2025-11-19 11:25:00+05:30,SHORT,CE,25900.0,0,172.35,180.45,-607.4999999999995,78.14,-685.6399999999995,SL,2025-11
20251119,2025-11-19 13:30:00+05:30,2025-11-19 13:40:00+05:30,SHORT,CE,25900.0,0,222.65,224.1,-108.74999999999915,86.86,-195.60999999999916,SL,2025-11
20251119,2025-11-19 09:55:00+05:30,2025-11-19 15:25:00+05:30,SHORT,PE,25900.0,0,117.95,76.0,3146.25,66.77,3079.48,EOD,2025-11
20251120,2025-11-20 14:30:00+05:30,2025-11-20 14:35:00+05:30,SHORT,CE,26050.0,0,238.65,241.45,-209.99999999999872,89.75,-299.74999999999875,SL,2025-11
20251120,2025-11-20 10:15:00+05:30,2025-11-20 15:25:00+05:30,SHORT,PE,26050.0,0,95.9,51.15,3356.2500000000005,62.75,3293.5000000000005,EOD,2025-11
20251121,2025-11-21 09:50:00+05:30,2025-11-21 09:55:00+05:30,SHORT,CE,26200.0,0,77.45,82.15,-352.5000000000002,61.14,-413.6400000000002,SL,2025-11
20251121,2025-11-21 10:05:00+05:30,2025-11-21 11:10:00+05:30,SHORT,CE,26200.0,0,68.55,71.4,-213.75000000000063,59.49,-273.24000000000063,SL,2025-11
20251121,2025-11-21 13:15:00+05:30,2025-11-21 13:55:00+05:30,SHORT,CE,26200.0,0,67.8,77.05,-693.75,59.58,-753.33,SL,2025-11
20251121,2025-11-21 14:40:00+05:30,2025-11-21 15:25:00+05:30,SHORT,CE,26200.0,0,72.65,51.0,1623.7500000000005,59.39,1564.3600000000004,EOD,2025-11
20251121,2025-11-21 12:15:00+05:30,2025-11-21 13:15:00+05:30,SHORT,PE,26200.0,0,127.15,135.1,-596.2499999999991,70.09,-666.3399999999991,SL,2025-11
20251121,2025-11-21 13:55:00+05:30,2025-11-21 14:40:00+05:30,SHORT,PE,26200.0,0,125.85,132.0,-461.25000000000045,69.8,-531.0500000000004,SL,2025-11
20251124,2025-11-24 10:10:00+05:30,2025-11-24 11:15:00+05:30,SHORT,PE,26750.0,0,605.5,616.0,-787.5,155.28,-942.78,SL,2025-11
20251124,2025-11-24 11:35:00+05:30,2025-11-24 11:45:00+05:30,SHORT,PE,26750.0,0,603.1,605.85,-206.25,154.59,-360.84000000000003,SL,2025-11
20251125,2025-11-25 10:45:00+05:30,2025-11-25 14:00:00+05:30,SHORT,CE,25950.0,0,67.8,72.5,-352.5000000000002,59.42,-411.92000000000024,SL,2025-11
20251126,2025-11-26 10:25:00+05:30,2025-11-26 10:35:00+05:30,SHORT,CE,25850.0,0,325.0,335.05,-753.7500000000009,105.36,-859.1100000000009,SL,2025-11
20251126,2025-11-26 11:40:00+05:30,2025-11-26 11:45:00+05:30,SHORT,CE,25850.0,0,347.1,353.65,-491.2499999999966,109.17,-600.4199999999965,SL,2025-11
20251126,2025-11-26 14:40:00+05:30,2025-11-26 14:55:00+05:30,SHORT,CE,25850.0,0,382.85,394.2,-851.2499999999975,115.7,-966.9499999999975,SL,2025-11
20251127,2025-11-27 11:20:00+05:30,2025-11-27 15:25:00+05:30,SHORT,CE,26200.0,0,178.65,130.25,3630.0000000000005,77.35,3552.6500000000005,EOD,2025-11
20251127,2025-11-27 10:00:00+05:30,2025-11-27 10:10:00+05:30,SHORT,PE,26200.0,0,69.8,72.95,-236.25000000000043,59.72,-295.9700000000004,SL,2025-11
20251127,2025-11-27 12:45:00+05:30,2025-11-27 12:50:00+05:30,SHORT,PE,26200.0,0,78.95,80.3,-101.24999999999957,61.29,-162.53999999999957,SL,2025-11
20251127,2025-11-27 13:55:00+05:30,2025-11-27 14:00:00+05:30,SHORT,PE,26200.0,0,102.8,104.85,-153.74999999999977,65.56,-219.30999999999977,SL,2025-11
20251127,2025-11-27 14:25:00+05:30,2025-11-27 14:45:00+05:30,SHORT,PE,26200.0,0,93.6,98.5,-367.50000000000045,64.02,-431.52000000000044,SL,2025-11
20251127,2025-11-27 15:15:00+05:30,2025-11-27 15:25:00+05:30,SHORT,PE,26200.0,0,83.6,85.2,-120.00000000000064,62.13,-182.13000000000065,EOD,2025-11
20251128,2025-11-28 10:20:00+05:30,2025-11-28 10:25:00+05:30,SHORT,CE,26200.0,0,125.7,134.85,-686.2499999999993,69.87,-756.1199999999993,SL,2025-11
20251128,2025-11-28 12:00:00+05:30,2025-11-28 15:25:00+05:30,SHORT,CE,26200.0,0,126.8,113.3,1012.5,69.3,943.2,EOD,2025-11
20251128,2025-11-28 10:05:00+05:30,2025-11-28 10:10:00+05:30,SHORT,PE,26200.0,0,63.6,64.85,-93.74999999999946,58.56,-152.30999999999946,SL,2025-11
20251128,2025-11-28 10:40:00+05:30,2025-11-28 10:55:00+05:30,SHORT,PE,26200.0,0,59.4,60.55,-86.24999999999989,57.81,-144.0599999999999,SL,2025-11
20251128,2025-11-28 14:35:00+05:30,2025-11-28 14:40:00+05:30,SHORT,PE,26200.0,0,71.2,72.8,-119.99999999999957,59.92,-179.91999999999956,SL,2025-11
20251128,2025-11-28 15:20:00+05:30,2025-11-28 15:25:00+05:30,SHORT,PE,26200.0,0,67.25,63.8,258.7500000000002,59.05,199.70000000000022,EOD,2025-11
20251201,2025-12-01 09:55:00+05:30,2025-12-01 10:00:00+05:30,SHORT,CE,26200.0,0,127.8,134.5,-502.5000000000002,70.16,-572.6600000000002,SL,2025-12
20251201,2025-12-01 10:40:00+05:30,2025-12-01 15:25:00+05:30,SHORT,CE,26200.0,0,120.8,53.3,5062.5,66.41,4996.09,EOD,2025-12
20251201,2025-12-01 13:15:00+05:30,2025-12-01 13:20:00+05:30,SHORT,PE,26200.0,0,66.4,68.8,-179.99999999999937,59.09,-239.08999999999938,SL,2025-12
20251201,2025-12-01 13:45:00+05:30,2025-12-01 13:55:00+05:30,SHORT,PE,26200.0,0,63.65,66.15,-187.50000000000054,58.61,-246.11000000000053,SL,2025-12
20251202,2025-12-02 10:55:00+05:30,2025-12-02 11:10:00+05:30,SHORT,PE,26200.0,0,103.3,108.25,-371.2500000000002,65.75,-437.0000000000002,SL,2025-12
20251202,2025-12-02 12:25:00+05:30,2025-12-02 12:40:00+05:30,SHORT,PE,26200.0,0,127.35,128.05,-52.50000000000128,69.88,-122.38000000000127,SL,2025-12
20251202,2025-12-02 14:00:00+05:30,2025-12-02 14:10:00+05:30,SHORT,PE,26200.0,0,134.95,137.25,-172.50000000000085,71.29,-243.79000000000087,SL,2025-12
20251202,2025-12-02 15:10:00+05:30,2025-12-02 15:25:00+05:30,SHORT,PE,26200.0,0,170.6,167.6,225.0,77.45,147.55,EOD,2025-12
20251203,2025-12-03 10:05:00+05:30,2025-12-03 10:10:00+05:30,SHORT,CE,26050.0,0,90.65,91.3,-48.74999999999936,63.35,-112.09999999999937,SL,2025-12
20251203,2025-12-03 12:35:00+05:30,2025-12-03 13:30:00+05:30,SHORT,CE,26050.0,0,92.05,95.8,-281.25,63.7,-344.95,SL,2025-12
20251203,2025-12-03 13:45:00+05:30,2025-12-03 14:05:00+05:30,SHORT,CE,26050.0,0,79.9,86.75,-513.7499999999995,61.65,-575.3999999999995,SL,2025-12
20251203,2025-12-03 11:35:00+05:30,2025-12-03 13:45:00+05:30,SHORT,PE,26050.0,0,163.2,175.2,-900.0,76.64,-976.64,SL,2025-12
20251203,2025-12-03 15:00:00+05:30,2025-12-03 15:25:00+05:30,SHORT,PE,26050.0,0,145.05,130.5,1091.250000000001,72.51,1018.7400000000009,EOD,2025-12
20251204,2025-12-04 11:20:00+05:30,2025-12-04 15:25:00+05:30,SHORT,CE,26000.0,0,163.05,140.75,1672.500000000001,75.45,1597.0500000000009,EOD,2025-12
20251204,2025-12-04 10:15:00+05:30,2025-12-04 11:40:00+05:30,SHORT,PE,26000.0,0,79.0,82.8,-284.9999999999998,61.38,-346.37999999999977,SL,2025-12
20251204,2025-12-04 14:10:00+05:30,2025-12-04 15:25:00+05:30,SHORT,PE,26000.0,0,90.55,70.35,1515.0000000000002,62.63,1452.3700000000001,EOD,2025-12
20251205,2025-12-05 13:05:00+05:30,2025-12-05 13:15:00+05:30,SHORT,CE,26000.0,0,236.4,239.35,-221.24999999999915,89.36,-310.60999999999916,SL,2025-12
20251205,2025-12-05 13:50:00+05:30,2025-12-05 15:25:00+05:30,SHORT,CE,26000.0,0,227.0,222.9,307.49999999999955,87.45,220.04999999999956,EOD,2025-12
20251208,2025-12-08 09:50:00+05:30,2025-12-08 10:20:00+05:30,SHORT,CE,26150.0,0,54.3,59.7,-405.00000000000045,57.04,-462.0400000000005,SL,2025-12
20251208,2025-12-08 14:45:00+05:30,2025-12-08 14:55:00+05:30,SHORT,PE,26150.0,0,191.85,208.2,-1226.2499999999995,81.89,-1308.1399999999996,SL,2025-12
20251208,2025-12-08 15:05:00+05:30,2025-12-08 15:10:00+05:30,SHORT,PE,26150.0,0,189.0,191.7,-202.49999999999915,80.92,-283.41999999999916,SL,2025-12
20251209,2025-12-09 10:10:00+05:30,2025-12-09 11:00:00+05:30,SHORT,PE,25850.0,0,88.35,57.15,2339.9999999999995,61.86,2278.1399999999994,EOD,2025-12
20251210,2025-12-10 10:50:00+05:30,2025-12-10 15:25:00+05:30,SHORT,CE,25850.0,0,149.75,100.6,3686.2500000000005,72.18,3614.0700000000006,EOD,2025-12
20251210,2025-12-10 10:10:00+05:30,2025-12-10 10:45:00+05:30,SHORT,PE,25850.0,0,80.4,82.9,-187.5,61.59,-249.09,SL,2025-12
20251210,2025-12-10 13:20:00+05:30,2025-12-10 13:40:00+05:30,SHORT,PE,25850.0,0,120.3,121.8,-112.5,68.65,-181.15,SL,2025-12
20251211,2025-12-11 11:00:00+05:30,2025-12-11 11:15:00+05:30,SHORT,CE,25750.0,0,145.15,163.0,-1338.7499999999995,73.63,-1412.3799999999997,SL,2025-12
20251211,2025-12-11 13:00:00+05:30,2025-12-11 13:45:00+05:30,SHORT,CE,25750.0,0,203.05,214.8,-881.25,83.72,-964.97,SL,2025-12
20251211,2025-12-11 10:10:00+05:30,2025-12-11 15:25:00+05:30,SHORT,PE,25750.0,0,73.9,37.25,2748.7500000000005,59.11,2689.6400000000003,EOD,2025-12
20251212,2025-12-12 10:00:00+05:30,2025-12-12 11:20:00+05:30,SHORT,CE,26000.0,0,108.4,110.65,-168.75,66.56,-235.31,SL,2025-12
20251212,2025-12-12 12:45:00+05:30,2025-12-12 12:50:00+05:30,SHORT,CE,26000.0,0,100.65,100.8,-11.24999999999936,65.11,-76.35999999999936,SL,2025-12
20251212,2025-12-12 13:25:00+05:30,2025-12-12 13:35:00+05:30,SHORT,CE,26000.0,0,98.35,103.75,-405.00000000000045,64.88,-469.88000000000045,SL,2025-12
20251212,2025-12-12 11:10:00+05:30,2025-12-12 15:25:00+05:30,SHORT,PE,26000.0,0,84.65,49.5,2636.2500000000005,61.07,2575.1800000000003,EOD,2025-12
20251215,2025-12-15 11:35:00+05:30,2025-12-15 11:40:00+05:30,SHORT,CE,25950.0,0,73.7,74.2,-37.5,60.33,-97.83,SL,2025-12
20251215,2025-12-15 10:00:00+05:30,2025-12-15 10:05:00+05:30,SHORT,PE,25950.0,0,69.35,71.05,-127.50000000000021,59.6,-187.10000000000022,SL,2025-12
20251215,2025-12-15 10:15:00+05:30,2025-12-15 10:35:00+05:30,SHORT,PE,25950.0,0,63.3,64.15,-63.75000000000064,58.49,-122.24000000000063,SL,2025-12
20251216,2025-12-16 09:50:00+05:30,2025-12-16 09:55:00+05:30,SHORT,PE,25950.0,0,50.35,52.4,-153.74999999999977,56.23,-209.97999999999976,SL,2025-12
20251216,2025-12-16 12:15:00+05:30,2025-12-16 14:15:00+05:30,SHORT,PE,25950.0,0,66.1,70.1,-300.0,59.1,-359.1,SL,2025-12
20251216,2025-12-16 14:50:00+05:30,2025-12-16 15:00:00+05:30,SHORT,PE,25950.0,0,65.0,74.0,-675.0,59.07,-734.07,SL,2025-12
20251217,2025-12-17 10:00:00+05:30,2025-12-17 15:25:00+05:30,SHORT,CE,25850.0,0,136.7,125.35,851.2499999999995,71.14,780.1099999999996,EOD,2025-12
20251217,2025-12-17 11:10:00+05:30,2025-12-17 11:25:00+05:30,SHORT,PE,25850.0,0,105.35,114.8,-708.7500000000002,66.26,-775.0100000000002,SL,2025-12
20251217,2025-12-17 13:20:00+05:30,2025-12-17 13:30:00+05:30,SHORT,PE,25850.0,0,117.85,119.55,-127.50000000000021,68.22,-195.7200000000002,SL,2025-12
20251217,2025-12-17 14:15:00+05:30,2025-12-17 14:20:00+05:30,SHORT,PE,25850.0,0,113.7,117.4,-277.5000000000002,67.55,-345.05000000000024,SL,2025-12
20251217,2025-12-17 14:55:00+05:30,2025-12-17 15:25:00+05:30,SHORT,PE,25850.0,0,116.6,105.95,798.7499999999993,67.58,731.1699999999993,EOD,2025-12
20251218,2025-12-18 11:15:00+05:30,2025-12-18 11:20:00+05:30,SHORT,CE,25750.0,0,171.6,175.0,-255.00000000000043,77.84,-332.84000000000043,SL,2025-12
20251218,2025-12-18 12:55:00+05:30,2025-12-18 13:00:00+05:30,SHORT,CE,25750.0,0,201.65,204.1,-183.74999999999915,83.16,-266.9099999999992,SL,2025-12
20251218,2025-12-18 13:30:00+05:30,2025-12-18 15:25:00+05:30,SHORT,CE,25750.0,0,180.0,150.35,2223.7500000000005,78.22,2145.5300000000007,EOD,2025-12
20251218,2025-12-18 10:15:00+05:30,2025-12-18 15:25:00+05:30,SHORT,PE,25750.0,0,60.3,65.5,-390.0000000000002,58.1,-448.10000000000025,EOD,2025-12
20251219,2025-12-19 11:00:00+05:30,2025-12-19 14:20:00+05:30,SHORT,CE,25900.0,0,124.75,127.6,-213.74999999999957,69.49,-283.23999999999955,SL,2025-12
20251219,2025-12-19 10:30:00+05:30,2025-12-19 11:15:00+05:30,SHORT,PE,25900.0,0,58.25,59.0,-56.25,57.59,-113.84,SL,2025-12
20251219,2025-12-19 12:05:00+05:30,2025-12-19 12:15:00+05:30,SHORT,PE,25900.0,0,59.5,63.25,-281.25,57.91,-339.15999999999997,SL,2025-12
20251219,2025-12-19 12:35:00+05:30,2025-12-19 12:45:00+05:30,SHORT,PE,25900.0,0,52.8,54.7,-142.50000000000043,56.66,-199.16000000000042,SL,2025-12
20251219,2025-12-19 13:20:00+05:30,2025-12-19 15:25:00+05:30,SHORT,PE,25900.0,0,54.25,43.05,840.0000000000002,56.47,783.5300000000002,EOD,2025-12
20251222,2025-12-22 11:20:00+05:30,2025-12-22 11:25:00+05:30,SHORT,CE,26100.0,0,76.4,77.2,-59.99999999999979,60.82,-120.8199999999998,SL,2025-12
20251222,2025-12-22 12:45:00+05:30,2025-12-22 12:50:00+05:30,SHORT,CE,26100.0,0,73.15,75.35,-164.99999999999915,60.29,-225.28999999999914,SL,2025-12
20251224,2025-12-24 10:45:00+05:30,2025-12-24 15:25:00+05:30,SHORT,CE,26150.0,0,145.3,93.55,3881.250000000001,71.3,3809.9500000000007,EOD,2025-12
20251224,2025-12-24 09:55:00+05:30,2025-12-24 10:00:00+05:30,SHORT,PE,26150.0,0,58.85,59.3,-33.74999999999968,57.69,-91.43999999999969,SL,2025-12
20251224,2025-12-24 10:15:00+05:30,2025-12-24 10:20:00+05:30,SHORT,PE,26150.0,0,54.8,55.0,-15.000000000000213,56.96,-71.9600000000002,SL,2025-12
20251224,2025-12-24 10:30:00+05:30,2025-12-24 10:35:00+05:30,SHORT,PE,26150.0,0,53.85,53.9,-3.749999999999787,56.78,-60.52999999999979,SL,2025-12
20251224,2025-12-24 11:20:00+05:30,2025-12-24 11:40:00+05:30,SHORT,PE,26150.0,0,54.5,57.0,-187.5,56.98,-244.48,SL,2025-12
20251224,2025-12-24 12:15:00+05:30,2025-12-24 12:45:00+05:30,SHORT,PE,26150.0,0,57.9,59.3,-104.99999999999989,57.55,-162.5499999999999,SL,2025-12
20251226,2025-12-26 11:10:00+05:30,2025-12-26 15:25:00+05:30,SHORT,CE,26100.0,0,62.0,47.4,1095.0,57.74,1037.26,EOD,2025-12
20251226,2025-12-26 12:15:00+05:30,2025-12-26 12:20:00+05:30,SHORT,PE,26100.0,0,75.2,75.4,-15.000000000000213,60.59,-75.59000000000022,SL,2025-12
20251226,2025-12-26 13:10:00+05:30,2025-12-26 14:05:00+05:30,SHORT,PE,26100.0,0,87.3,90.9,-270.0000000000006,62.85,-332.85000000000065,SL,2025-12
20251230,2025-12-30 10:45:00+05:30,2025-12-30 15:25:00+05:30,SHORT,CE,25900.0,0,62.95,38.9,1803.7500000000002,57.59,1746.1600000000003,EOD,2025-12
20260101,2026-01-01 10:15:00+05:30,2026-01-01 10:25:00+05:30,SHORT,CE,26200.0,0,63.75,71.25,-487.5,57.25,-544.75,SL,2026-01
20260101,2026-01-01 11:30:00+05:30,2026-01-01 15:25:00+05:30,SHORT,CE,26200.0,0,72.1,61.0,721.4999999999997,57.99,663.5099999999996,EOD,2026-01
20260101,2026-01-01 09:50:00+05:30,2026-01-01 09:55:00+05:30,SHORT,PE,26200.0,0,84.7,85.75,-68.24999999999982,60.29,-128.53999999999982,SL,2026-01
20260101,2026-01-01 10:50:00+05:30,2026-01-01 10:55:00+05:30,SHORT,PE,26200.0,0,84.65,85.0,-22.74999999999963,60.26,-83.00999999999962,SL,2026-01
20260101,2026-01-01 13:00:00+05:30,2026-01-01 13:20:00+05:30,SHORT,PE,26200.0,0,93.5,94.5,-65.0,61.65,-126.65,SL,2026-01
20260101,2026-01-01 14:15:00+05:30,2026-01-01 14:25:00+05:30,SHORT,PE,26200.0,0,83.85,87.15,-214.50000000000074,60.23,-274.73000000000076,SL,2026-01
20260102,2026-01-02 14:00:00+05:30,2026-01-02 14:05:00+05:30,SHORT,CE,26150.0,0,180.0,181.5,-97.5,75.0,-172.5,SL,2026-01
20260102,2026-01-02 14:35:00+05:30,2026-01-02 14:50:00+05:30,SHORT,CE,26150.0,0,168.8,173.65,-315.24999999999966,73.37,-388.61999999999966,SL,2026-01
20260105,2026-01-05 09:55:00+05:30,2026-01-05 10:00:00+05:30,SHORT,PE,26350.0,0,72.45,81.25,-571.9999999999998,58.63,-630.6299999999998,SL,2026-01
20260105,2026-01-05 10:10:00+05:30,2026-01-05 11:20:00+05:30,SHORT,PE,26350.0,0,60.45,62.15,-110.49999999999972,56.57,-167.0699999999997,SL,2026-01
20260105,2026-01-05 12:25:00+05:30,2026-01-05 12:30:00+05:30,SHORT,PE,26350.0,0,59.8,59.85,-3.250000000000277,56.42,-59.67000000000028,SL,2026-01
20260105,2026-01-05 12:50:00+05:30,2026-01-05 12:55:00+05:30,SHORT,PE,26350.0,0,55.1,59.15,-263.24999999999983,55.81,-319.05999999999983,SL,2026-01
20260105,2026-01-05 14:55:00+05:30,2026-01-05 15:00:00+05:30,SHORT,PE,26350.0,0,117.65,117.7,-3.2499999999998153,65.34,-68.58999999999982,SL,2026-01
20260106,2026-01-06 12:55:00+05:30,2026-01-06 13:15:00+05:30,SHORT,PE,26250.0,0,67.7,78.35,-692.2499999999994,57.95,-750.1999999999995,SL,2026-01
20260106,2026-01-06 14:45:00+05:30,2026-01-06 15:25:00+05:30,SHORT,PE,26250.0,0,86.7,71.05,1017.2500000000003,60.11,957.1400000000003,EOD,2026-01
20260107,2026-01-07 10:30:00+05:30,2026-01-07 10:35:00+05:30,SHORT,CE,26100.0,0,137.45,141.6,-269.75000000000034,68.52,-338.2700000000003,SL,2026-01
20260107,2026-01-07 11:50:00+05:30,2026-01-07 15:25:00+05:30,SHORT,CE,26100.0,0,132.05,130.3,113.75,67.51,46.239999999999995,EOD,2026-01
20260107,2026-01-07 10:00:00+05:30,2026-01-07 10:30:00+05:30,SHORT,PE,26100.0,0,73.4,74.6,-77.99999999999926,58.55,-136.54999999999927,SL,2026-01
20260107,2026-01-07 14:00:00+05:30,2026-01-07 14:15:00+05:30,SHORT,PE,26100.0,0,78.2,81.1,-188.49999999999943,59.34,-247.83999999999943,SL,2026-01
20260107,2026-01-07 15:05:00+05:30,2026-01-07 15:25:00+05:30,SHORT,PE,26100.0,0,66.65,69.3,-172.24999999999943,57.55,-229.79999999999944,EOD,2026-01
20260108,2026-01-08 10:05:00+05:30,2026-01-08 15:25:00+05:30,SHORT,CE,26100.0,0,78.85,27.2,3357.2499999999995,57.84,3299.4099999999994,EOD,2026-01
20260108,2026-01-08 13:50:00+05:30,2026-01-08 14:05:00+05:30,SHORT,PE,26100.0,0,187.2,187.85,-42.25000000000037,76.08,-118.33000000000037,SL,2026-01
20260109,2026-01-09 10:15:00+05:30,2026-01-09 10:20:00+05:30,SHORT,CE,25900.0,0,88.9,91.25,-152.74999999999963,60.98,-213.72999999999962,SL,2026-01
20260109,2026-01-09 10:50:00+05:30,2026-01-09 15:25:00+05:30,SHORT,CE,25900.0,0,75.6,41.1,2242.4999999999995,57.85,2184.6499999999996,EOD,2026-01
20260109,2026-01-09 13:15:00+05:30,2026-01-09 13:30:00+05:30,SHORT,PE,25900.0,0,197.5,205.5,-520.0,77.89,-597.89,SL,2026-01
20260109,2026-01-09 15:00:00+05:30,2026-01-09 15:25:00+05:30,SHORT,PE,25900.0,0,223.4,193.4,1950.0,80.77,1869.23,EOD,2026-01
20260112,2026-01-12 13:20:00+05:30,2026-01-12 13:30:00+05:30,SHORT,CE,25650.0,0,120.35,120.95,-39.000000000000554,65.77,-104.77000000000055,SL,2026-01
20260112,2026-01-12 12:10:00+05:30,2026-01-12 15:25:00+05:30,SHORT,PE,25650.0,0,106.45,17.65,5772.000000000001,61.01,5710.990000000001,EOD,2026-01
20260113,2026-01-13 10:05:00+05:30,2026-01-13 10:10:00+05:30,SHORT,PE,25850.0,0,115.0,124.2,-598.0000000000002,65.2,-663.2000000000003,SL,2026-01
20260113,2026-01-13 10:25:00+05:30,2026-01-13 12:00:00+05:30,SHORT,PE,25850.0,0,75.0,108.8,-2197.0,59.76,-2256.76,SL,2026-01
20260113,2026-01-13 14:35:00+05:30,2026-01-13 15:25:00+05:30,SHORT,PE,25850.0,0,180.3,117.4,4088.5000000000005,73.16,4015.3400000000006,EOD,2026-01
20260114,2026-01-14 10:20:00+05:30,2026-01-14 10:25:00+05:30,SHORT,CE,25650.0,0,155.2,161.6,-416.00000000000034,71.32,-487.32000000000033,SL,2026-01
20260114,2026-01-14 12:10:00+05:30,2026-01-14 12:15:00+05:30,SHORT,CE,25650.0,0,193.25,206.2,-841.7499999999993,77.38,-919.1299999999993,SL,2026-01
20260114,2026-01-14 12:50:00+05:30,2026-01-14 15:25:00+05:30,SHORT,CE,25650.0,0,188.65,146.3,2752.7499999999995,75.05,2677.6999999999994,EOD,2026-01
20260114,2026-01-14 10:50:00+05:30,2026-01-14 13:35:00+05:30,SHORT,PE,25650.0,0,96.4,99.0,-168.99999999999963,62.14,-231.13999999999965,SL,2026-01
20260114,2026-01-14 14:45:00+05:30,2026-01-14 15:05:00+05:30,SHORT,PE,25650.0,0,93.45,104.55,-721.4999999999997,61.93,-783.4299999999996,SL,2026-01
20260116,2026-01-16 10:55:00+05:30,2026-01-16 15:25:00+05:30,SHORT,CE,25700.0,0,215.1,108.6,6922.5,77.24,6845.26,EOD,2026-01
20260116,2026-01-16 09:50:00+05:30,2026-01-16 09:55:00+05:30,SHORT,PE,25700.0,0,71.15,74.25,-201.49999999999963,58.26,-259.75999999999965,SL,2026-01
20260116,2026-01-16 10:05:00+05:30,2026-01-16 12:25:00+05:30,SHORT,PE,25700.0,0,62.3,63.9,-104.00000000000009,56.85,-160.85000000000008,SL,2026-01
20260116,2026-01-16 14:25:00+05:30,2026-01-16 14:50:00+05:30,SHORT,PE,25700.0,0,93.55,94.05,-32.5,61.64,-94.14,SL,2026-01
20260116,2026-01-16 15:25:00+05:30,2026-01-16 15:25:00+05:30,SHORT,PE,25700.0,0,90.25,90.25,0.0,61.12,-61.12,EOD,2026-01
20260119,2026-01-19 12:05:00+05:30,2026-01-19 12:10:00+05:30,SHORT,CE,25550.0,0,61.95,63.0,-68.24999999999982,56.78,-125.02999999999982,SL,2026-01
20260119,2026-01-19 11:00:00+05:30,2026-01-19 11:10:00+05:30,SHORT,PE,25550.0,0,72.85,80.65,-507.00000000000074,58.66,-565.6600000000008,SL,2026-01
20260119,2026-01-19 11:40:00+05:30,2026-01-19 11:45:00+05:30,SHORT,PE,25550.0,0,75.8,77.9,-136.50000000000057,58.95,-195.45000000000056,SL,2026-01
20260119,2026-01-19 12:55:00+05:30,2026-01-19 13:10:00+05:30,SHORT,PE,25550.0,0,72.25,74.4,-139.75000000000037,58.4,-198.15000000000038,SL,2026-01
20260119,2026-01-19 13:35:00+05:30,2026-01-19 13:40:00+05:30,SHORT,PE,25550.0,0,67.45,68.95,-97.5,57.64,-155.14,SL,2026-01
20260120,2026-01-20 11:40:00+05:30,2026-01-20 12:00:00+05:30,SHORT,PE,25550.0,0,89.0,91.85,-185.24999999999963,61.01,-246.25999999999962,SL,2026-01
20260121,2026-01-21 09:50:00+05:30,2026-01-21 12:35:00+05:30,SHORT,CE,25150.0,0,195.55,210.5,-971.7499999999993,77.79,-1049.5399999999993,SL,2026-01
20260121,2026-01-21 13:20:00+05:30,2026-01-21 15:25:00+05:30,SHORT,CE,25150.0,0,225.4,171.2,3523.000000000001,80.37,3442.630000000001,EOD,2026-01
20260121,2026-01-21 11:15:00+05:30,2026-01-21 11:25:00+05:30,SHORT,PE,25150.0,0,175.3,186.4,-721.4999999999997,74.56,-796.0599999999997,SL,2026-01
20260121,2026-01-21 11:55:00+05:30,2026-01-21 15:25:00+05:30,SHORT,PE,25150.0,0,182.7,131.85,3305.2499999999995,73.88,3231.3699999999994,EOD,2026-01
20260122,2026-01-22 10:05:00+05:30,2026-01-22 10:10:00+05:30,SHORT,CE,25350.0,0,166.0,168.4,-156.00000000000037,72.87,-228.87000000000037,SL,2026-01
20260122,2026-01-22 10:50:00+05:30,2026-01-22 14:35:00+05:30,SHORT,CE,25350.0,0,111.75,114.65,-188.50000000000037,64.52,-253.02000000000038,SL,2026-01
20260122,2026-01-22 12:15:00+05:30,2026-01-22 12:55:00+05:30,SHORT,PE,25350.0,0,185.3,187.7,-155.99999999999852,75.84,-231.83999999999853,SL,2026-01
20260122,2026-01-22 14:30:00+05:30,2026-01-22 15:25:00+05:30,SHORT,PE,25350.0,0,138.9,102.35,2375.750000000001,67.55,2308.2000000000007,EOD,2026-01
20260123,2026-01-23 11:00:00+05:30,2026-01-23 15:25:00+05:30,SHORT,CE,25300.0,0,103.1,35.6,4387.5,61.12,4326.38,EOD,2026-01
20260123,2026-01-23 10:30:00+05:30,2026-01-23 10:45:00+05:30,SHORT,PE,25300.0,0,92.85,99.0,-399.75000000000034,61.7,-461.45000000000033,SL,2026-01
20260123,2026-01-23 12:40:00+05:30,2026-01-23 12:55:00+05:30,SHORT,PE,25300.0,0,120.4,126.2,-376.99999999999983,65.93,-442.92999999999984,SL,2026-01
20260123,2026-01-23 14:30:00+05:30,2026-01-23 14:45:00+05:30,SHORT,PE,25300.0,0,218.95,230.0,-718.2500000000007,81.28,-799.5300000000007,SL,2026-01
20260127,2026-01-27 12:30:00+05:30,2026-01-27 13:25:00+05:30,SHORT,CE,25100.0,0,68.05,68.4,-22.750000000000554,57.7,-80.45000000000056,SL,2026-01
20260127,2026-01-27 11:30:00+05:30,2026-01-27 13:35:00+05:30,SHORT,PE,25100.0,0,81.85,83.5,-107.25000000000037,59.87,-167.12000000000037,SL,2026-01
20260128,2026-01-28 10:10:00+05:30,2026-01-28 10:15:00+05:30,SHORT,CE,25300.0,0,224.2,224.95,-48.75,81.79,-130.54000000000002,SL,2026-01
20260128,2026-01-28 11:40:00+05:30,2026-01-28 11:45:00+05:30,SHORT,CE,25300.0,0,239.3,251.9,-818.9999999999997,84.47,-903.4699999999997,SL,2026-01
20260128,2026-01-28 12:20:00+05:30,2026-01-28 14:55:00+05:30,SHORT,CE,25300.0,0,226.2,236.0,-637.0000000000007,82.37,-719.3700000000007,SL,2026-01
20260128,2026-01-28 11:15:00+05:30,2026-01-28 11:35:00+05:30,SHORT,PE,25300.0,0,193.7,196.05,-152.75000000000148,77.14,-229.89000000000146,SL,2026-01
20260128,2026-01-28 13:15:00+05:30,2026-01-28 13:20:00+05:30,SHORT,PE,25300.0,0,200.8,201.6,-51.99999999999889,78.18,-130.1799999999989,SL,2026-01
20260128,2026-01-28 14:40:00+05:30,2026-01-28 15:25:00+05:30,SHORT,PE,25300.0,0,219.35,171.0,3142.7499999999995,79.6,3063.1499999999996,EOD,2026-01
20260129,2026-01-29 10:40:00+05:30,2026-01-29 10:50:00+05:30,SHORT,CE,25250.0,0,183.75,184.5,-48.75,75.55,-124.3,SL,2026-01
20260129,2026-01-29 15:15:00+05:30,2026-01-29 15:25:00+05:30,SHORT,CE,25250.0,0,309.05,309.0,3.250000000000739,94.85,-91.59999999999926,EOD,2026-01
20260129,2026-01-29 10:55:00+05:30,2026-01-29 15:25:00+05:30,SHORT,PE,25250.0,0,203.75,109.2,6145.75,75.84,6069.91,EOD,2026-01
20260130,2026-01-30 10:25:00+05:30,2026-01-30 10:30:00+05:30,SHORT,CE,25250.0,0,219.7,220.6,-58.50000000000037,81.1,-139.60000000000036,SL,2026-01
20260130,2026-01-30 11:10:00+05:30,2026-01-30 11:35:00+05:30,SHORT,CE,25250.0,0,208.15,214.45,-409.49999999999886,79.48,-488.9799999999989,SL,2026-01
20260130,2026-01-30 13:05:00+05:30,2026-01-30 13:35:00+05:30,SHORT,CE,25250.0,0,205.8,220.45,-952.2499999999985,79.36,-1031.6099999999985,SL,2026-01
20260130,2026-01-30 14:30:00+05:30,2026-01-30 15:25:00+05:30,SHORT,CE,25250.0,0,253.75,241.9,770.2499999999997,85.98,684.2699999999996,EOD,2026-01
20260130,2026-01-30 09:50:00+05:30,2026-01-30 09:55:00+05:30,SHORT,PE,25250.0,0,161.65,166.1,-289.24999999999926,72.26,-361.50999999999925,SL,2026-01
20260130,2026-01-30 13:40:00+05:30,2026-01-30 15:25:00+05:30,SHORT,PE,25250.0,0,172.0,140.75,2031.25,72.8,1958.45,EOD,2026-01
20260201,2026-02-01 11:40:00+05:30,2026-02-01 15:25:00+05:30,SHORT,CE,25300.0,0,213.35,21.75,12454.0,74.48,12379.52,EOD,2026-02
20260201,2026-02-01 12:55:00+05:30,2026-02-01 13:50:00+05:30,SHORT,PE,25300.0,0,327.7,358.4,-1995.4999999999993,98.63,-2094.129999999999,SL,2026-02
20260202,2026-02-02 10:00:00+05:30,2026-02-02 12:10:00+05:30,SHORT,CE,24750.0,0,171.9,203.2,-2034.4999999999989,74.62,-2109.119999999999,SL,2026-02
20260202,2026-02-02 13:20:00+05:30,2026-02-02 13:35:00+05:30,SHORT,CE,24750.0,0,182.1,198.45,-1062.7499999999995,75.76,-1138.5099999999995,SL,2026-02
20260202,2026-02-02 09:50:00+05:30,2026-02-02 09:55:00+05:30,SHORT,PE,24750.0,0,81.15,102.65,-1397.5,60.34,-1457.84,SL,2026-02
20260202,2026-02-02 10:30:00+05:30,2026-02-02 10:50:00+05:30,SHORT,PE,24750.0,0,85.2,97.45,-796.25,60.7,-856.95,SL,2026-02
20260202,2026-02-02 11:35:00+05:30,2026-02-02 15:25:00+05:30,SHORT,PE,24750.0,0,78.05,14.8,4111.25,57.38,4053.87,EOD,2026-02
20260203,2026-02-03 09:55:00+05:30,2026-02-03 10:15:00+05:30,SHORT,CE,25800.0,0,63.75,78.1,-932.7499999999997,57.45,-990.1999999999997,SL,2026-02
20260203,2026-02-03 12:25:00+05:30,2026-02-03 15:25:00+05:30,SHORT,CE,25800.0,0,59.1,0.05,3838.2500000000005,54.58,3783.6700000000005,EOD,2026-02
20260203,2026-02-03 10:35:00+05:30,2026-02-03 10:40:00+05:30,SHORT,PE,25800.0,0,97.35,98.7,-87.75000000000055,62.25,-150.00000000000057,SL,2026-02
20260203,2026-02-03 11:25:00+05:30,2026-02-03 15:05:00+05:30,SHORT,PE,25800.0,0,73.7,82.75,-588.2499999999998,58.83,-647.0799999999998,SL,2026-02
20260204,2026-02-04 10:20:00+05:30,2026-02-04 13:50:00+05:30,SHORT,CE,25650.0,0,236.3,242.7,-415.9999999999985,83.82,-499.8199999999985,SL,2026-02
20260204,2026-02-04 15:00:00+05:30,2026-02-04 15:25:00+05:30,SHORT,CE,25650.0,0,251.1,232.65,1199.2499999999993,85.38,1113.8699999999994,EOD,2026-02
20260204,2026-02-04 11:45:00+05:30,2026-02-04 15:25:00+05:30,SHORT,PE,25650.0,0,125.7,111.35,932.7500000000006,66.16,866.5900000000006,EOD,2026-02
20260205,2026-02-05 09:50:00+05:30,2026-02-05 10:00:00+05:30,SHORT,CE,25700.0,0,127.6,129.55,-126.75000000000111,66.93,-193.68000000000112,SL,2026-02
20260205,2026-02-05 10:55:00+05:30,2026-02-05 11:00:00+05:30,SHORT,CE,25700.0,0,117.7,119.35,-107.24999999999945,65.4,-172.64999999999947,SL,2026-02
20260205,2026-02-05 12:15:00+05:30,2026-02-05 12:55:00+05:30,SHORT,CE,25700.0,0,111.7,116.9,-338.00000000000017,64.58,-402.58000000000015,SL,2026-02
20260205,2026-02-05 14:05:00+05:30,2026-02-05 14:50:00+05:30,SHORT,CE,25700.0,0,102.85,111.1,-536.25,63.3,-599.55,SL,2026-02
20260205,2026-02-05 10:15:00+05:30,2026-02-05 10:35:00+05:30,SHORT,PE,25700.0,0,149.45,155.0,-360.75000000000074,70.41,-431.16000000000076,SL,2026-02
20260205,2026-02-05 11:10:00+05:30,2026-02-05 11:15:00+05:30,SHORT,PE,25700.0,0,146.2,151.85,-367.25000000000034,69.91,-437.1600000000003,SL,2026-02
20260205,2026-02-05 11:40:00+05:30,2026-02-05 11:45:00+05:30,SHORT,PE,25700.0,0,145.2,145.9,-45.50000000000111,69.61,-115.11000000000111,SL,2026-02
20260205,2026-02-05 14:35:00+05:30,2026-02-05 14:40:00+05:30,SHORT,PE,25700.0,0,160.75,162.2,-94.24999999999926,72.03,-166.27999999999926,SL,2026-02
20260205,2026-02-05 14:55:00+05:30,2026-02-05 15:25:00+05:30,SHORT,PE,25700.0,0,153.55,158.5,-321.74999999999926,71.02,-392.76999999999924,EOD,2026-02
20260206,2026-02-06 10:05:00+05:30,2026-02-06 11:10:00+05:30,SHORT,CE,25600.0,0,88.7,91.5,-181.99999999999983,60.96,-242.95999999999984,SL,2026-02
20260206,2026-02-06 12:50:00+05:30,2026-02-06 12:55:00+05:30,SHORT,CE,25600.0,0,81.0,81.1,-6.4999999999996305,59.69,-66.18999999999963,SL,2026-02
20260206,2026-02-06 11:00:00+05:30,2026-02-06 15:25:00+05:30,SHORT,PE,25600.0,0,138.25,72.4,4280.25,66.59,4213.66,EOD,2026-02
20260209,2026-02-09 11:45:00+05:30,2026-02-09 12:05:00+05:30,SHORT,CE,25850.0,0,79.35,80.8,-94.25000000000018,59.48,-153.7300000000002,SL,2026-02
20260209,2026-02-09 12:35:00+05:30,2026-02-09 13:05:00+05:30,SHORT,CE,25850.0,0,70.35,72.5,-139.75000000000037,58.11,-197.86000000000035,SL,2026-02
20260209,2026-02-09 10:35:00+05:30,2026-02-09 15:25:00+05:30,SHORT,PE,25850.0,0,73.4,65.35,523.2500000000007,58.28,464.9700000000007,EOD,2026-02
20260210,2026-02-10 10:50:00+05:30,2026-02-10 11:00:00+05:30,SHORT,CE,25900.0,0,71.35,72.4,-68.25000000000074,58.23,-126.48000000000073,SL,2026-02
20260210,2026-02-10 11:20:00+05:30,2026-02-10 11:55:00+05:30,SHORT,CE,25900.0,0,65.3,70.0,-305.50000000000017,57.41,-362.9100000000002,SL,2026-02
20260210,2026-02-10 12:30:00+05:30,2026-02-10 12:40:00+05:30,SHORT,CE,25900.0,0,64.2,64.25,-3.2499999999998153,57.1,-60.34999999999982,SL,2026-02
20260211,2026-02-11 10:55:00+05:30,2026-02-11 11:00:00+05:30,SHORT,CE,26000.0,0,118.05,119.35,-84.49999999999982,65.44,-149.93999999999983,SL,2026-02
20260211,2026-02-11 11:55:00+05:30,2026-02-11 15:25:00+05:30,SHORT,CE,26000.0,0,106.35,102.6,243.75,63.49,180.26,EOD,2026-02
20260211,2026-02-11 10:20:00+05:30,2026-02-11 11:05:00+05:30,SHORT,PE,26000.0,0,126.35,131.4,-328.25000000000074,66.83,-395.0800000000007,SL,2026-02
20260211,2026-02-11 13:20:00+05:30,2026-02-11 15:25:00+05:30,SHORT,PE,26000.0,0,137.75,137.9,-9.75000000000037,68.44,-78.19000000000037,EOD,2026-02
20260212,2026-02-12 10:40:00+05:30,2026-02-12 15:25:00+05:30,SHORT,CE,25900.0,0,99.25,76.0,1511.25,61.82,1449.43,EOD,2026-02
20260212,2026-02-12 09:55:00+05:30,2026-02-12 11:15:00+05:30,SHORT,PE,25900.0,0,115.1,121.5,-416.00000000000034,65.13,-481.13000000000034,SL,2026-02
20260212,2026-02-12 12:20:00+05:30,2026-02-12 13:10:00+05:30,SHORT,PE,25900.0,0,123.9,125.85,-126.74999999999926,66.36,-193.10999999999927,SL,2026-02
20260212,2026-02-12 13:25:00+05:30,2026-02-12 13:40:00+05:30,SHORT,PE,25900.0,0,113.4,114.45,-68.24999999999982,64.72,-132.9699999999998,SL,2026-02
20260213,2026-02-13 10:15:00+05:30,2026-02-13 10:20:00+05:30,SHORT,CE,25600.0,0,90.85,91.2,-22.750000000000554,61.22,-83.97000000000055,SL,2026-02
20260213,2026-02-13 11:00:00+05:30,2026-02-13 12:10:00+05:30,SHORT,CE,25600.0,0,86.95,91.85,-318.49999999999943,60.75,-379.24999999999943,SL,2026-02
20260213,2026-02-13 12:55:00+05:30,2026-02-13 13:10:00+05:30,SHORT,CE,25600.0,0,84.7,88.4,-240.50000000000017,60.37,-300.8700000000002,SL,2026-02
20260213,2026-02-13 13:45:00+05:30,2026-02-13 15:25:00+05:30,SHORT,CE,25600.0,0,75.55,62.0,880.7499999999998,58.45,822.2999999999997,EOD,2026-02
20260213,2026-02-13 10:35:00+05:30,2026-02-13 10:45:00+05:30,SHORT,PE,25600.0,0,102.35,108.2,-380.25000000000057,63.15,-443.40000000000055,SL,2026-02
20260213,2026-02-13 12:10:00+05:30,2026-02-13 12:50:00+05:30,SHORT,PE,25600.0,0,106.2,107.75,-100.74999999999982,63.62,-164.3699999999998,SL,2026-02
20260216,2026-02-16 10:50:00+05:30,2026-02-16 10:55:00+05:30,SHORT,CE,25450.0,0,134.2,135.85,-107.25000000000037,67.94,-175.19000000000037,SL,2026-02
20260216,2026-02-16 11:30:00+05:30,2026-02-16 11:35:00+05:30,SHORT,CE,25450.0,0,130.95,132.1,-74.75000000000037,67.42,-142.17000000000036,SL,2026-02
20260216,2026-02-16 11:45:00+05:30,2026-02-16 11:55:00+05:30,SHORT,CE,25450.0,0,125.25,127.35,-136.49999999999963,66.57,-203.06999999999962,SL,2026-02
20260216,2026-02-16 13:55:00+05:30,2026-02-16 14:00:00+05:30,SHORT,CE,25450.0,0,158.95,162.2,-211.25,71.8,-283.05,SL,2026-02
20260217,2026-02-17 10:45:00+05:30,2026-02-17 10:55:00+05:30,SHORT,CE,25600.0,0,77.1,80.75,-237.25000000000037,59.2,-296.4500000000004,SL,2026-02
20260217,2026-02-17 13:00:00+05:30,2026-02-17 13:05:00+05:30,SHORT,CE,25600.0,0,121.8,135.75,-906.7500000000002,66.39,-973.1400000000002,SL,2026-02
20260217,2026-02-17 13:50:00+05:30,2026-02-17 15:25:00+05:30,SHORT,CE,25600.0,0,130.2,125.15,328.24999999999886,67.13,261.11999999999887,EOD,2026-02
20260218,2026-02-18 09:55:00+05:30,2026-02-18 10:55:00+05:30,SHORT,CE,25700.0,0,134.0,146.45,-809.2499999999993,68.23,-877.4799999999993,SL,2026-02
20260218,2026-02-18 13:35:00+05:30,2026-02-18 13:40:00+05:30,SHORT,CE,25700.0,0,153.1,155.95,-185.24999999999963,70.89,-256.13999999999965,SL,2026-02
20260218,2026-02-18 10:50:00+05:30,2026-02-18 15:25:00+05:30,SHORT,PE,25700.0,0,134.55,81.05,3477.500000000001,66.38,3411.120000000001,EOD,2026-02
20260219,2026-02-19 09:55:00+05:30,2026-02-19 10:00:00+05:30,SHORT,CE,25850.0,0,89.3,91.25,-126.75000000000018,61.03,-187.7800000000002,SL,2026-02
20260219,2026-02-19 10:30:00+05:30,2026-02-19 15:25:00+05:30,SHORT,CE,25850.0,0,80.0,26.0,3510.0,57.95,3452.05,EOD,2026-02
20260220,2026-02-20 11:10:00+05:30,2026-02-20 11:15:00+05:30,SHORT,CE,25450.0,0,220.5,226.5,-390.0,81.37,-471.37,SL,2026-02
20260220,2026-02-20 13:00:00+05:30,2026-02-20 13:55:00+05:30,SHORT,CE,25450.0,0,227.0,235.7,-565.4999999999993,82.46,-647.9599999999994,SL,2026-02
20260220,2026-02-20 15:05:00+05:30,2026-02-20 15:25:00+05:30,SHORT,CE,25450.0,0,216.4,201.5,968.5000000000003,80.13,888.3700000000003,EOD,2026-02
20260220,2026-02-20 09:50:00+05:30,2026-02-20 10:00:00+05:30,SHORT,PE,25450.0,0,98.85,99.15,-19.50000000000074,62.45,-81.95000000000074,SL,2026-02
20260220,2026-02-20 10:30:00+05:30,2026-02-20 13:10:00+05:30,SHORT,PE,25450.0,0,84.0,88.8,-311.99999999999983,60.29,-372.28999999999985,SL,2026-02
20260220,2026-02-20 14:15:00+05:30,2026-02-20 14:25:00+05:30,SHORT,PE,25450.0,0,63.8,68.0,-273.00000000000017,57.16,-330.1600000000002,SL,2026-02
20260220,2026-02-20 14:45:00+05:30,2026-02-20 15:00:00+05:30,SHORT,PE,25450.0,0,55.65,60.85,-338.00000000000017,55.93,-393.9300000000002,SL,2026-02
20260223,2026-02-23 10:30:00+05:30,2026-02-23 15:25:00+05:30,SHORT,CE,25650.0,0,132.1,109.75,1452.7499999999995,66.91,1385.8399999999995,EOD,2026-02
20260223,2026-02-23 14:30:00+05:30,2026-02-23 14:55:00+05:30,SHORT,PE,25650.0,0,65.0,76.8,-766.9999999999998,57.57,-824.5699999999998,SL,2026-02
20260224,2026-02-24 11:15:00+05:30,2026-02-24 11:20:00+05:30,SHORT,PE,25600.0,0,107.6,108.6,-65.0,63.82,-128.82,SL,2026-02
20260224,2026-02-24 14:10:00+05:30,2026-02-24 14:20:00+05:30,SHORT,PE,25600.0,0,163.15,189.05,-1683.5000000000005,73.12,-1756.6200000000003,SL,2026-02
20260225,2026-02-25 10:45:00+05:30,2026-02-25 15:25:00+05:30,SHORT,CE,25550.0,0,204.5,123.7,5252.0,76.36,5175.64,EOD,2026-02
20260225,2026-02-25 10:00:00+05:30,2026-02-25 11:55:00+05:30,SHORT,PE,25550.0,0,97.2,100.35,-204.74999999999943,62.28,-267.0299999999994,SL,2026-02
20260225,2026-02-25 13:55:00+05:30,2026-02-25 14:00:00+05:30,SHORT,PE,25550.0,0,173.0,173.3,-19.50000000000074,73.88,-93.38000000000073,SL,2026-02
20260226,2026-02-26 10:55:00+05:30,2026-02-26 11:15:00+05:30,SHORT,CE,25550.0,0,112.35,120.3,-516.7500000000002,64.76,-581.5100000000002,SL,2026-02
20260226,2026-02-26 11:40:00+05:30,2026-02-26 15:25:00+05:30,SHORT,CE,25550.0,0,97.0,100.7,-240.50000000000017,62.26,-302.76000000000016,EOD,2026-02
20260226,2026-02-26 14:35:00+05:30,2026-02-26 15:25:00+05:30,SHORT,PE,25550.0,0,149.0,134.25,958.75,69.74,889.01,EOD,2026-02
20260227,2026-02-27 09:50:00+05:30,2026-02-27 15:25:00+05:30,SHORT,CE,25400.0,0,82.5,37.75,2908.75,58.61,2850.14,EOD,2026-02
20260227,2026-02-27 11:10:00+05:30,2026-02-27 11:15:00+05:30,SHORT,PE,25400.0,0,136.7,138.1,-91.00000000000037,68.32,-159.32000000000036,SL,2026-02
20260302,2026-03-02 10:10:00+05:30,2026-03-02 15:25:00+05:30,SHORT,CE,24850.0,0,94.15,15.6,5105.750000000001,59.41,5046.340000000001,EOD,2026-03
20260302,2026-03-02 14:05:00+05:30,2026-03-02 15:25:00+05:30,SHORT,PE,24850.0,0,134.85,0.05,8761.999999999998,64.04,8697.959999999997,EOD,2026-03
20260304,2026-03-04 10:55:00+05:30,2026-03-04 11:00:00+05:30,SHORT,CE,24400.0,0,316.65,320.75,-266.5000000000015,96.14,-362.64000000000146,SL,2026-03
20260304,2026-03-04 11:30:00+05:30,2026-03-04 11:55:00+05:30,SHORT,CE,24400.0,0,301.8,304.05,-146.25,93.8,-240.05,SL,2026-03
20260304,2026-03-04 15:05:00+05:30,2026-03-04 15:25:00+05:30,SHORT,CE,24400.0,0,365.25,360.5,308.75,103.38,205.37,EOD,2026-03
20260304,2026-03-04 11:05:00+05:30,2026-03-04 11:20:00+05:30,SHORT,PE,24400.0,0,278.95,293.1,-919.7500000000023,90.63,-1010.3800000000023,SL,2026-03
20260304,2026-03-04 12:00:00+05:30,2026-03-04 12:10:00+05:30,SHORT,PE,24400.0,0,301.85,306.9,-328.24999999999704,93.89,-422.13999999999703,SL,2026-03
20260304,2026-03-04 12:55:00+05:30,2026-03-04 15:25:00+05:30,SHORT,PE,24400.0,0,290.0,272.1,1163.4999999999986,91.39,1072.1099999999985,EOD,2026-03
20260305,2026-03-05 10:15:00+05:30,2026-03-05 10:35:00+05:30,SHORT,CE,24600.0,0,229.5,233.3,-247.00000000000074,82.7,-329.7000000000007,SL,2026-03
20260305,2026-03-05 11:25:00+05:30,2026-03-05 12:25:00+05:30,SHORT,CE,24600.0,0,234.0,250.95,-1101.7499999999993,83.78,-1185.5299999999993,SL,2026-03
20260305,2026-03-05 13:55:00+05:30,2026-03-05 14:20:00+05:30,SHORT,CE,24600.0,0,205.8,214.4,-558.9999999999997,79.18,-638.1799999999996,SL,2026-03
20260305,2026-03-05 10:40:00+05:30,2026-03-05 11:25:00+05:30,SHORT,PE,24600.0,0,206.7,215.8,-591.5000000000015,79.34,-670.8400000000015,SL,2026-03
20260305,2026-03-05 12:25:00+05:30,2026-03-05 13:35:00+05:30,SHORT,PE,24600.0,0,199.85,211.2,-737.7499999999997,78.35,-816.0999999999997,SL,2026-03
20260305,2026-03-05 14:25:00+05:30,2026-03-05 14:30:00+05:30,SHORT,PE,24600.0,0,206.75,213.75,-455.0,79.28,-534.28,SL,2026-03
20260305,2026-03-05 14:40:00+05:30,2026-03-05 15:25:00+05:30,SHORT,PE,24600.0,0,156.25,160.3,-263.25000000000074,71.41,-334.66000000000076,EOD,2026-03
20260306,2026-03-06 10:35:00+05:30,2026-03-06 11:00:00+05:30,SHORT,CE,24600.0,0,226.3,228.5,-142.99999999999926,82.16,-225.15999999999926,SL,2026-03
20260306,2026-03-06 14:40:00+05:30,2026-03-06 15:25:00+05:30,SHORT,CE,24600.0,0,191.75,144.55,3067.999999999999,75.38,2992.619999999999,EOD,2026-03
20260306,2026-03-06 11:05:00+05:30,2026-03-06 11:10:00+05:30,SHORT,PE,24600.0,0,191.45,192.35,-58.50000000000037,76.75,-135.25000000000037,SL,2026-03
20260306,2026-03-06 14:20:00+05:30,2026-03-06 14:25:00+05:30,SHORT,PE,24600.0,0,204.95,208.05,-201.50000000000148,78.89,-280.39000000000146,SL,2026-03
20260309,2026-03-09 10:20:00+05:30,2026-03-09 10:25:00+05:30,SHORT,CE,23900.0,0,153.65,154.9,-81.25,70.93,-152.18,SL,2026-03
20260309,2026-03-09 12:05:00+05:30,2026-03-09 12:50:00+05:30,SHORT,CE,23900.0,0,171.3,196.45,-1634.7499999999986,74.35,-1709.0999999999985,SL,2026-03
20260309,2026-03-09 14:15:00+05:30,2026-03-09 14:20:00+05:30,SHORT,CE,23900.0,0,199.8,201.9,-136.49999999999963,78.07,-214.56999999999962,SL,2026-03
20260309,2026-03-09 15:25:00+05:30,2026-03-09 15:25:00+05:30,SHORT,CE,23900.0,0,257.5,257.5,0.0,86.9,-86.9,EOD,2026-03
20260309,2026-03-09 10:55:00+05:30,2026-03-09 11:05:00+05:30,SHORT,PE,23900.0,0,213.0,217.75,-308.75,80.18,-388.93,SL,2026-03
20260309,2026-03-09 11:30:00+05:30,2026-03-09 12:05:00+05:30,SHORT,PE,23900.0,0,201.75,206.05,-279.50000000000074,78.43,-357.93000000000075,SL,2026-03
20260309,2026-03-09 12:55:00+05:30,2026-03-09 13:05:00+05:30,SHORT,PE,23900.0,0,203.5,206.2,-175.49999999999926,78.66,-254.15999999999926,SL,2026-03
20260309,2026-03-09 13:35:00+05:30,2026-03-09 13:45:00+05:30,SHORT,PE,23900.0,0,200.1,200.65,-35.75000000000074,78.07,-113.82000000000073,SL,2026-03
20260309,2026-03-09 14:30:00+05:30,2026-03-09 15:25:00+05:30,SHORT,PE,23900.0,0,199.35,137.25,4036.4999999999995,76.12,3960.3799999999997,EOD,2026-03
20260310,2026-03-10 12:00:00+05:30,2026-03-10 12:55:00+05:30,SHORT,CE,24200.0,0,65.7,66.75,-68.24999999999982,57.36,-125.60999999999981,SL,2026-03
20260310,2026-03-10 14:25:00+05:30,2026-03-10 14:45:00+05:30,SHORT,CE,24200.0,0,63.0,63.9,-58.49999999999991,56.94,-115.43999999999991,SL,2026-03
20260310,2026-03-10 10:15:00+05:30,2026-03-10 15:25:00+05:30,SHORT,PE,24200.0,0,74.4,0.05,4832.750000000001,56.49,4776.260000000001,EOD,2026-03
20260311,2026-03-11 10:40:00+05:30,2026-03-11 10:45:00+05:30,SHORT,CE,24250.0,0,203.2,208.35,-334.75000000000034,78.68,-413.43000000000035,SL,2026-03
20260311,2026-03-11 11:20:00+05:30,2026-03-11 15:25:00+05:30,SHORT,CE,24250.0,0,190.65,126.0,4202.25,74.7,4127.55,EOD,2026-03
20260312,2026-03-12 10:15:00+05:30,2026-03-12 10:20:00+05:30,SHORT,CE,23600.0,0,297.3,299.5,-142.99999999999926,93.11,-236.10999999999927,SL,2026-03
20260312,2026-03-12 12:35:00+05:30,2026-03-12 13:20:00+05:30,SHORT,CE,23600.0,0,330.55,338.0,-484.24999999999926,98.39,-582.6399999999993,SL,2026-03
20260312,2026-03-12 14:45:00+05:30,2026-03-12 15:25:00+05:30,SHORT,CE,23600.0,0,303.4,288.6,961.999999999997,93.55,868.4499999999971,EOD,2026-03
20260312,2026-03-12 09:50:00+05:30,2026-03-12 10:10:00+05:30,SHORT,PE,23600.0,0,249.2,262.1,-838.5000000000023,86.0,-924.5000000000023,SL,2026-03
20260312,2026-03-12 10:30:00+05:30,2026-03-12 15:25:00+05:30,SHORT,PE,23600.0,0,227.75,221.35,416.00000000000034,82.13,333.87000000000035,EOD,2026-03
20260313,2026-03-13 09:50:00+05:30,2026-03-13 11:30:00+05:30,SHORT,CE,23450.0,0,205.65,216.8,-724.7500000000003,79.24,-803.9900000000004,SL,2026-03
20260313,2026-03-13 12:00:00+05:30,2026-03-13 15:25:00+05:30,SHORT,CE,23450.0,0,190.45,128.55,4023.4999999999986,74.75,3948.7499999999986,EOD,2026-03
20260313,2026-03-13 10:55:00+05:30,2026-03-13 11:00:00+05:30,SHORT,PE,23450.0,0,265.8,269.65,-250.24999999999778,88.3,-338.5499999999978,SL,2026-03
20260313,2026-03-13 11:30:00+05:30,2026-03-13 11:55:00+05:30,SHORT,PE,23450.0,0,257.75,265.65,-513.4999999999985,87.17,-600.6699999999985,SL,2026-03
20260313,2026-03-13 14:10:00+05:30,2026-03-13 14:50:00+05:30,SHORT,PE,23450.0,0,385.8,404.9,-1241.4999999999977,107.25,-1348.7499999999977,SL,2026-03
20260316,2026-03-16 10:15:00+05:30,2026-03-16 11:15:00+05:30,SHORT,CE,23150.0,0,157.05,183.15,-1696.4999999999995,72.18,-1768.6799999999996,SL,2026-03
20260316,2026-03-16 12:45:00+05:30,2026-03-16 13:15:00+05:30,SHORT,CE,23150.0,0,145.4,175.05,-1927.2500000000005,70.49,-1997.7400000000005,SL,2026-03
20260316,2026-03-16 13:45:00+05:30,2026-03-16 13:50:00+05:30,SHORT,CE,23150.0,0,151.25,154.85,-233.99999999999963,70.63,-304.62999999999965,SL,2026-03
20260316,2026-03-16 15:20:00+05:30,2026-03-16 15:25:00+05:30,SHORT,CE,23150.0,0,273.55,272.65,58.50000000000222,89.35,-30.849999999997777,EOD,2026-03
20260316,2026-03-16 11:10:00+05:30,2026-03-16 15:25:00+05:30,SHORT,PE,23150.0,0,196.95,71.45,8157.499999999999,73.89,8083.609999999999,EOD,2026-03
20260317,2026-03-17 10:30:00+05:30,2026-03-17 10:45:00+05:30,SHORT,CE,23400.0,0,106.55,128.2,-1407.2499999999995,64.26,-1471.5099999999995,SL,2026-03
20260317,2026-03-17 11:15:00+05:30,2026-03-17 12:45:00+05:30,SHORT,CE,23400.0,0,78.7,99.95,-1381.25,59.96,-1441.21,SL,2026-03
20260317,2026-03-17 11:55:00+05:30,2026-03-17 12:00:00+05:30,SHORT,PE,23400.0,0,60.2,60.6,-25.999999999999908,56.49,-82.48999999999991,SL,2026-03
20260318,2026-03-18 10:00:00+05:30,2026-03-18 10:15:00+05:30,SHORT,CE,23650.0,0,233.75,247.0,-861.25,83.63,-944.88,SL,2026-03
20260318,2026-03-18 15:20:00+05:30,2026-03-18 15:25:00+05:30,SHORT,CE,23650.0,0,266.25,272.9,-432.2499999999985,88.45,-520.6999999999986,EOD,2026-03
20260318,2026-03-18 10:50:00+05:30,2026-03-18 12:25:00+05:30,SHORT,PE,23650.0,0,174.5,177.3,-182.00000000000074,74.19,-256.19000000000074,SL,2026-03
20260318,2026-03-18 12:45:00+05:30,2026-03-18 12:50:00+05:30,SHORT,PE,23650.0,0,172.25,172.55,-19.50000000000074,73.77,-93.27000000000073,SL,2026-03
20260318,2026-03-18 13:35:00+05:30,2026-03-18 13:45:00+05:30,SHORT,PE,23650.0,0,151.7,153.2,-97.5,70.63,-168.13,SL,2026-03
20260318,2026-03-18 14:20:00+05:30,2026-03-18 14:30:00+05:30,SHORT,PE,23650.0,0,142.8,147.6,-311.99999999999886,69.36,-381.3599999999989,SL,2026-03
20260320,2026-03-20 11:55:00+05:30,2026-03-20 13:00:00+05:30,SHORT,CE,23250.0,0,237.8,238.35,-35.74999999999889,83.88,-119.62999999999889,SL,2026-03
20260320,2026-03-20 13:45:00+05:30,2026-03-20 14:00:00+05:30,SHORT,CE,23250.0,0,220.65,233.35,-825.4999999999993,81.59,-907.0899999999993,SL,2026-03
20260320,2026-03-20 14:25:00+05:30,2026-03-20 15:25:00+05:30,SHORT,CE,23250.0,0,198.95,163.5,2304.249999999999,76.84,2227.409999999999,EOD,2026-03
20260320,2026-03-20 10:30:00+05:30,2026-03-20 12:00:00+05:30,SHORT,PE,23250.0,0,231.9,237.6,-370.49999999999926,83.12,-453.61999999999927,SL,2026-03
20260320,2026-03-20 12:50:00+05:30,2026-03-20 13:45:00+05:30,SHORT,PE,23250.0,0,253.0,261.75,-568.75,86.47,-655.22,SL,2026-03
20260323,2026-03-23 09:55:00+05:30,2026-03-23 15:25:00+05:30,SHORT,CE,22700.0,0,175.6,107.15,4449.249999999999,72.27,4376.979999999999,EOD,2026-03
20260323,2026-03-23 12:45:00+05:30,2026-03-23 12:50:00+05:30,SHORT,PE,22700.0,0,314.65,319.5,-315.2500000000015,95.86,-411.1100000000015,SL,2026-03
20260323,2026-03-23 13:45:00+05:30,2026-03-23 14:30:00+05:30,SHORT,PE,22700.0,0,269.25,290.2,-1361.7499999999993,89.33,-1451.0799999999992,SL,2026-03
20260323,2026-03-23 14:55:00+05:30,2026-03-23 15:00:00+05:30,SHORT,PE,22700.0,0,249.6,252.6,-195.0,85.77,-280.77,SL,2026-03
20260324,2026-03-24 10:05:00+05:30,2026-03-24 10:15:00+05:30,SHORT,CE,22800.0,0,50.3,56.5,-403.00000000000017,55.14,-458.14000000000016,SL,2026-03
20260324,2026-03-24 14:25:00+05:30,2026-03-24 15:25:00+05:30,SHORT,CE,22800.0,0,143.15,112.2,2011.7500000000002,68.36,1943.3900000000003,EOD,2026-03
20260324,2026-03-24 11:15:00+05:30,2026-03-24 15:25:00+05:30,SHORT,PE,22800.0,0,128.5,0.05,8349.25,63.25,8286.0,EOD,2026-03
20260325,2026-03-25 11:40:00+05:30,2026-03-25 11:45:00+05:30,SHORT,CE,23200.0,0,387.1,387.15,-3.249999999997044,106.89,-110.13999999999704,SL,2026-03
20260325,2026-03-25 12:50:00+05:30,2026-03-25 13:30:00+05:30,SHORT,CE,23200.0,0,397.25,413.15,-1033.4999999999986,108.92,-1142.4199999999987,SL,2026-03
20260325,2026-03-25 14:10:00+05:30,2026-03-25 15:25:00+05:30,SHORT,CE,23200.0,0,395.0,343.75,3331.25,106.6,3224.65,EOD,2026-03
20260325,2026-03-25 11:05:00+05:30,2026-03-25 11:35:00+05:30,SHORT,PE,23200.0,0,213.0,226.0,-845.0,80.42,-925.42,SL,2026-03
20260325,2026-03-25 12:25:00+05:30,2026-03-25 12:45:00+05:30,SHORT,PE,23200.0,0,201.9,202.15,-16.25,78.34,-94.59,SL,2026-03
20260325,2026-03-25 13:25:00+05:30,2026-03-25 14:20:00+05:30,SHORT,PE,23200.0,0,197.05,204.7,-497.2499999999985,77.81,-575.0599999999986,SL,2026-03
20260327,2026-03-27 09:55:00+05:30,2026-03-27 15:25:00+05:30,SHORT,CE,23050.0,0,222.8,106.4,7566.0,78.14,7487.86,EOD,2026-03
20260327,2026-03-27 10:35:00+05:30,2026-03-27 10:40:00+05:30,SHORT,PE,23050.0,0,250.65,255.0,-282.74999999999966,85.98,-368.7299999999997,SL,2026-03
20260330,2026-03-30 10:10:00+05:30,2026-03-30 15:25:00+05:30,SHORT,CE,22500.0,0,154.0,0.1,10003.5,66.43,9937.07,EOD,2026-03
20260330,2026-03-30 11:35:00+05:30,2026-03-30 11:40:00+05:30,SHORT,PE,22500.0,0,74.7,83.15,-549.2500000000002,58.97,-608.2200000000003,SL,2026-03
20260330,2026-03-30 12:05:00+05:30,2026-03-30 12:20:00+05:30,SHORT,PE,22500.0,0,53.3,58.8,-357.5,55.58,-413.08,SL,2026-03
20260330,2026-03-30 13:35:00+05:30,2026-03-30 13:40:00+05:30,SHORT,PE,22500.0,0,55.95,63.45,-487.5,56.05,-543.55,SL,2026-03
20260401,2026-04-01 10:25:00+05:30,2026-04-01 12:00:00+05:30,SHORT,CE,22850.0,0,295.0,311.3,-1059.5000000000007,93.16,-1152.6600000000008,SL,2026-04
20260401,2026-04-01 13:20:00+05:30,2026-04-01 15:25:00+05:30,SHORT,CE,22850.0,0,291.85,256.0,2330.2500000000014,91.15,2239.1000000000013,EOD,2026-04
20260401,2026-04-01 11:30:00+05:30,2026-04-01 11:45:00+05:30,SHORT,PE,22850.0,0,315.15,323.3,-529.7500000000023,96.03,-625.7800000000022,SL,2026-04
20260401,2026-04-01 12:05:00+05:30,2026-04-01 13:20:00+05:30,SHORT,PE,22850.0,0,285.75,288.1,-152.75000000000148,91.33,-244.08000000000146,SL,2026-04
20260402,2026-04-02 09:50:00+05:30,2026-04-02 11:55:00+05:30,SHORT,CE,22200.0,0,327.6,335.45,-510.2499999999978,97.94,-608.1899999999978,SL,2026-04
20260402,2026-04-02 10:55:00+05:30,2026-04-02 11:10:00+05:30,SHORT,PE,22200.0,0,274.6,283.05,-549.2499999999993,89.79,-639.0399999999993,SL,2026-04
20260402,2026-04-02 11:50:00+05:30,2026-04-02 15:25:00+05:30,SHORT,PE,22200.0,0,272.6,106.15,10819.250000000002,84.35,10734.900000000001,EOD,2026-04
20260406,2026-04-06 09:50:00+05:30,2026-04-06 10:05:00+05:30,SHORT,CE,22700.0,0,154.1,160.25,-399.75000000000034,71.14,-470.8900000000003,SL,2026-04
20260406,2026-04-06 11:05:00+05:30,2026-04-06 11:15:00+05:30,SHORT,CE,22700.0,0,151.15,152.85,-110.49999999999926,70.56,-181.05999999999926,SL,2026-04
20260406,2026-04-06 13:45:00+05:30,2026-04-06 13:50:00+05:30,SHORT,CE,22700.0,0,284.85,294.25,-610.9999999999985,91.4,-702.3999999999985,SL,2026-04
20260406,2026-04-06 11:55:00+05:30,2026-04-06 12:00:00+05:30,SHORT,PE,22700.0,0,209.6,215.4,-377.00000000000074,79.69,-456.69000000000074,SL,2026-04
20260406,2026-04-06 12:25:00+05:30,2026-04-06 12:30:00+05:30,SHORT,PE,22700.0,0,188.15,196.8,-562.2500000000003,76.46,-638.7100000000004,SL,2026-04
20260406,2026-04-06 12:50:00+05:30,2026-04-06 15:25:00+05:30,SHORT,PE,22700.0,0,161.0,87.4,4784.0,69.87,4714.13,EOD,2026-04
20260407,2026-04-07 10:55:00+05:30,2026-04-07 11:15:00+05:30,SHORT,CE,22750.0,0,136.85,167.65,-2002.0000000000007,69.2,-2071.2000000000007,SL,2026-04
20260408,2026-04-08 11:30:00+05:30,2026-04-08 13:25:00+05:30,SHORT,CE,23850.0,0,288.35,295.85,-487.5,91.88,-579.38,SL,2026-04
20260408,2026-04-08 10:30:00+05:30,2026-04-08 15:25:00+05:30,SHORT,PE,23850.0,0,191.65,131.85,3887.000000000001,75.0,3812.000000000001,EOD,2026-04
20260409,2026-04-09 09:50:00+05:30,2026-04-09 10:00:00+05:30,SHORT,CE,23850.0,0,196.8,197.8,-65.0,77.57,-142.57,SL,2026-04
20260409,2026-04-09 12:20:00+05:30,2026-04-09 12:25:00+05:30,SHORT,CE,23850.0,0,217.75,220.5,-178.75,80.86,-259.61,SL,2026-04
20260409,2026-04-09 12:35:00+05:30,2026-04-09 15:25:00+05:30,SHORT,CE,23850.0,0,208.25,175.25,2145.0,78.34,2066.66,EOD,2026-04
20260409,2026-04-09 11:40:00+05:30,2026-04-09 12:45:00+05:30,SHORT,PE,23850.0,0,185.65,191.25,-363.99999999999966,75.99,-439.98999999999967,SL,2026-04
20260409,2026-04-09 14:05:00+05:30,2026-04-09 14:10:00+05:30,SHORT,PE,23850.0,0,223.75,228.3,-295.75000000000074,81.83,-377.5800000000007,SL,2026-04
20260409,2026-04-09 15:05:00+05:30,2026-04-09 15:25:00+05:30,SHORT,PE,23850.0,0,211.4,213.85,-159.24999999999926,79.87,-239.11999999999927,EOD,2026-04
