date,opt_type,direction,strike,entry_time,exit_time,opt_entry,opt_exit,lot_size,gross_pnl,charges,pnl,exit_reason,month
20251110,CE,LONG,25500,2025-11-10 13:44:00+05:30,2025-11-10 14:25:01.545000+05:30,150.6,168.35,75,1331.25,76.55,1254.7,Flip,2025-11
20251110,CE,SHORT,25500,2025-11-10 14:25:01.545000+05:30,2025-11-10 15:01:00.597000+05:30,168.35,145.95,75,1680.0,76.39,1603.61,Flip,2025-11
20251110,CE,LONG,25500,2025-11-10 15:01:00.597000+05:30,2025-11-10 15:25:59.110000+05:30,145.95,137.55,75,-630.0,71.96,-701.96,EOD,2025-11
20251111,PE,LONG,25550,2025-11-11 11:47:00.454000+05:30,2025-11-11 15:25:58.847000+05:30,66.85,0.05,75,-5010.0,49.47,-5059.47,EOD,2025-11
20251112,CE,LONG,25700,2025-11-12 13:33:00.597000+05:30,2025-11-12 15:25:59.903000+05:30,295.35,283.05,75,-922.5,97.97,-1020.47,EOD,2025-11
20251112,PE,LONG,25700,2025-11-12 11:09:00.448000+05:30,2025-11-12 13:33:00.607000+05:30,56.1,52.9,75,-240.0,56.72,-296.72,Flip,2025-11
20251112,PE,SHORT,25700,2025-11-12 13:33:00.607000+05:30,2025-11-12 15:25:59.926000+05:30,52.9,55.85,75,-221.25,56.71,-277.96,EOD,2025-11
20251113,CE,LONG,25850,2025-11-13 12:37:01.253000+05:30,2025-11-13 13:24:00.805000+05:30,209.5,236.5,75,2025.0,88.36,1936.64,Flip,2025-11
20251113,CE,SHORT,25850,2025-11-13 13:24:00.805000+05:30,2025-11-13 13:57:00.075000+05:30,236.5,220.55,75,1196.25,88.74,1107.51,Flip,2025-11
20251113,CE,LONG,25850,2025-11-13 13:57:00.075000+05:30,2025-11-13 15:25:59.481000+05:30,220.55,172.0,75,-3641.25,79.44,-3720.69,EOD,2025-11
20251113,PE,LONG,25850,2025-11-13 10:45:00.234000+05:30,2025-11-13 12:37:01.241000+05:30,75.3,72.9,75,-180.0,60.25,-240.25,Flip,2025-11
20251113,PE,SHORT,25850,2025-11-13 12:37:01.241000+05:30,2025-11-13 13:03:01.054000+05:30,72.9,64.25,75,648.75,59.88,588.87,Flip,2025-11
20251113,PE,LONG,25850,2025-11-13 13:03:01.054000+05:30,2025-11-13 13:57:00.087000+05:30,64.25,69.25,75,375.0,59.35,315.65,Flip,2025-11
20251113,PE,SHORT,25850,2025-11-13 13:57:00.087000+05:30,2025-11-13 15:25:59.469000+05:30,69.25,110.95,75,-3127.5,60.93,-3188.43,EOD,2025-11
20251114,CE,LONG,25900,2025-11-14 10:42:00.092000+05:30,2025-11-14 10:55:00.510000+05:30,82.65,120.8,75,2861.25,67.4,2793.85,Flip,2025-11
20251114,CE,SHORT,25900,2025-11-14 10:55:00.510000+05:30,2025-11-14 11:34:00.304000+05:30,120.8,87.4,75,2505.0,67.56,2437.44,Flip,2025-11
20251114,CE,LONG,25900,2025-11-14 11:34:00.304000+05:30,2025-11-14 15:01:00.480000+05:30,87.4,94.2,75,510.0,63.73,446.27,Flip,2025-11
20251114,CE,SHORT,25900,2025-11-14 15:01:00.480000+05:30,2025-11-14 15:25:59.767000+05:30,94.2,121.5,75,-2047.5,64.88,-2112.38,EOD,2025-11
20251114,PE,LONG,25900,2025-11-14 10:55:00.520000+05:30,2025-11-14 11:34:00.314000+05:30,125.25,152.95,75,2077.5,73.47,2004.03,Flip,2025-11
20251114,PE,SHORT,25900,2025-11-14 11:34:00.314000+05:30,2025-11-14 15:01:00.468000+05:30,152.95,120.25,75,2452.5,73.31,2379.19,Flip,2025-11
20251114,PE,LONG,25900,2025-11-14 15:01:00.468000+05:30,2025-11-14 15:25:59.777000+05:30,120.25,86.4,75,-2538.75,63.72,-2602.47,EOD,2025-11
20251117,CE,LONG,25900,2025-11-17 10:41:00.668000+05:30,2025-11-17 11:57:00.366000+05:30,106.55,132.7,75,1961.25,69.92,1891.33,Flip,2025-11
20251117,CE,SHORT,25900,2025-11-17 11:57:00.366000+05:30,2025-11-17 14:45:00.226000+05:30,132.7,122.6,75,757.5,70.47,687.03,Flip,2025-11
20251117,CE,LONG,25900,2025-11-17 14:45:00.226000+05:30,2025-11-17 15:25:59.541000+05:30,122.6,139.2,75,1245.0,71.4,1173.6,EOD,2025-11
20251118,PE,LONG,26000,2025-11-18 10:57:01.161000+05:30,2025-11-18 12:28:00.668000+05:30,84.8,69.9,75,-1117.5,60.14,-1177.64,Flip,2025-11
20251118,PE,SHORT,26000,2025-11-18 12:28:00.668000+05:30,2025-11-18 13:16:00.320000+05:30,69.9,49.6,75,1522.5,58.95,1463.55,Flip,2025-11
20251119,CE,LONG,25900,2025-11-19 11:11:00.901000+05:30,2025-11-19 11:42:00.684000+05:30,166.45,191.55,75,1882.5,80.43,1802.07,Flip,2025-11
20251119,CE,SHORT,25900,2025-11-19 11:42:00.684000+05:30,2025-11-19 15:25:58.950000+05:30,191.55,248.0,75,-4233.75,83.19,-4316.94,EOD,2025-11
20251119,PE,LONG,25900,2025-11-19 10:15:00.191000+05:30,2025-11-19 11:11:00.891000+05:30,105.7,118.75,75,978.75,67.89,910.86,Flip,2025-11
20251119,PE,SHORT,25900,2025-11-19 11:11:00.891000+05:30,2025-11-19 11:39:00.239000+05:30,118.75,105.2,75,1016.25,67.87,948.38,Flip,2025-11
20251119,PE,LONG,25900,2025-11-19 11:39:00.239000+05:30,2025-11-19 15:25:58.941000+05:30,105.2,79.8,75,-1905.0,62.26,-1967.26,EOD,2025-11
20251120,CE,LONG,26050,2025-11-20 14:32:00.526000+05:30,2025-11-20 15:25:58.713000+05:30,238.7,235.4,75,-247.5,89.19,-336.69,EOD,2025-11
20251120,PE,LONG,26050,2025-11-20 10:41:00.358000+05:30,2025-11-20 14:33:00.442000+05:30,84.5,59.9,75,-1845.0,58.69,-1903.69,Flip,2025-11
20251120,PE,SHORT,26050,2025-11-20 14:33:00.442000+05:30,2025-11-20 15:25:58.660000+05:30,59.9,53.25,75,498.75,57.63,441.12,EOD,2025-11
20251121,CE,LONG,26200,2025-11-21 10:35:00.765000+05:30,2025-11-21 12:13:00.837000+05:30,59.85,76.65,75,1260.0,60.27,1199.73,Flip,2025-11
20251121,CE,SHORT,26200,2025-11-21 12:13:00.837000+05:30,2025-11-21 13:15:01.191000+05:30,76.65,77.5,75,-63.75,60.87,-124.62,Flip,2025-11
20251121,CE,LONG,26200,2025-11-21 13:15:01.191000+05:30,2025-11-21 14:10:00.220000+05:30,77.5,83.4,75,442.5,61.84,380.66,Flip,2025-11
20251121,CE,SHORT,26200,2025-11-21 14:10:00.220000+05:30,2025-11-21 14:48:00.605000+05:30,83.4,68.5,75,1117.5,61.53,1055.97,Flip,2025-11
20251121,CE,LONG,26200,2025-11-21 14:48:00.605000+05:30,2025-11-21 15:25:58.782000+05:30,68.5,52.75,75,-1181.25,57.12,-1238.37,EOD,2025-11
20251121,PE,LONG,26200,2025-11-21 11:29:00.709000+05:30,2025-11-21 13:15:01.200000+05:30,148.65,130.25,75,-1380.0,71.0,-1451.0,Flip,2025-11
20251121,PE,SHORT,26200,2025-11-21 13:15:01.200000+05:30,2025-11-21 14:10:00.229000+05:30,130.25,118.45,75,885.0,69.97,815.03,Flip,2025-11
20251121,PE,LONG,26200,2025-11-21 14:10:00.229000+05:30,2025-11-21 14:45:00.525000+05:30,118.45,136.15,75,1327.5,70.82,1256.68,Flip,2025-11
20251121,PE,SHORT,26200,2025-11-21 14:45:00.525000+05:30,2025-11-21 15:25:58.792000+05:30,136.15,172.85,75,-2752.5,72.66,-2825.16,EOD,2025-11
20251124,PE,LONG,26750,2025-11-24 10:02:00.580000+05:30,2025-11-24 10:56:01.289000+05:30,631.85,615.9,75,-1196.25,157.32,-1353.57,Flip,2025-11
20251124,PE,SHORT,26750,2025-11-24 10:56:01.289000+05:30,2025-11-24 11:31:01.135000+05:30,615.9,605.85,75,753.75,156.44,597.31,Flip,2025-11
20251124,PE,LONG,26750,2025-11-24 11:31:01.135000+05:30,2025-11-24 11:51:00.325000+05:30,605.85,631.25,75,1905.0,158.65,1746.35,Flip,2025-11
20251124,PE,SHORT,26750,2025-11-24 11:51:00.325000+05:30,2025-11-24 12:37:01.413000+05:30,631.25,645.55,75,-1072.5,159.99,-1232.49,Flip,2025-11
20251124,PE,LONG,26750,2025-11-24 12:37:01.413000+05:30,2025-11-24 12:55:00.323000+05:30,645.55,654.25,75,652.5,163.3,489.2,Flip,2025-11
20251124,PE,SHORT,26750,2025-11-24 12:55:00.323000+05:30,2025-11-24 14:46:00.208000+05:30,654.25,701.0,75,-3506.25,165.18,-3671.43,Flip,2025-11
20251124,PE,LONG,26750,2025-11-24 14:46:00.208000+05:30,2025-11-24 14:54:00.845000+05:30,701.0,708.75,75,581.25,173.03,408.22,Flip,2025-11
20251124,PE,SHORT,26750,2025-11-24 14:54:00.845000+05:30,2025-11-24 15:25:59.838000+05:30,708.75,769.35,75,-4545.0,175.35,-4720.35,EOD,2025-11
20251125,CE,LONG,25950,2025-11-25 10:55:00.465000+05:30,2025-11-25 11:57:00.915000+05:30,59.35,58.3,75,-78.75,57.61,-136.36,Flip,2025-11
20251125,CE,SHORT,25950,2025-11-25 11:57:00.915000+05:30,2025-11-25 14:28:00.770000+05:30,58.3,32.15,75,1961.25,56.69,1904.56,Flip,2025-11
20251126,CE,LONG,25850,2025-11-26 13:30:00.813000+05:30,2025-11-26 14:04:01.156000+05:30,387.55,422.45,75,2617.5,121.18,2496.32,Flip,2025-11
20251126,CE,SHORT,25850,2025-11-26 14:04:01.156000+05:30,2025-11-26 14:36:00.337000+05:30,422.45,391.5,75,2321.25,121.31,2199.94,Flip,2025-11
20251126,CE,LONG,25850,2025-11-26 14:36:00.337000+05:30,2025-11-26 15:25:59.979000+05:30,391.5,408.6,75,1282.5,119.32,1163.18,EOD,2025-11
20251127,CE,LONG,26200,2025-11-27 11:22:00.119000+05:30,2025-11-27 12:46:01.195000+05:30,173.1,159.3,75,-1035.0,76.01,-1111.01,Flip,2025-11
20251127,CE,SHORT,26200,2025-11-27 12:46:01.195000+05:30,2025-11-27 13:12:00.596000+05:30,159.3,122.55,75,2756.25,74.3,2681.95,Flip,2025-11
20251127,CE,LONG,26200,2025-11-27 13:12:00.596000+05:30,2025-11-27 14:25:00.210000+05:30,122.55,125.45,75,217.5,69.42,148.08,Flip,2025-11
20251127,CE,SHORT,26200,2025-11-27 14:25:00.210000+05:30,2025-11-27 15:25:59.166000+05:30,125.45,133.15,75,-577.5,69.78,-647.28,EOD,2025-11
20251127,PE,LONG,26200,2025-11-27 10:51:00.276000+05:30,2025-11-27 11:33:00.258000+05:30,64.45,79.25,75,1110.0,60.8,1049.2,Flip,2025-11
20251127,PE,SHORT,26200,2025-11-27 11:33:00.258000+05:30,2025-11-27 14:25:00.200000+05:30,79.25,98.2,75,-1421.25,61.94,-1483.19,Flip,2025-11
20251127,PE,LONG,26200,2025-11-27 14:25:00.200000+05:30,2025-11-27 15:25:59.059000+05:30,98.2,84.3,75,-1042.5,62.67,-1105.17,EOD,2025-11
20251128,CE,LONG,26200,2025-11-28 12:05:01.119000+05:30,2025-11-28 15:25:59.333000+05:30,127.3,112.9,75,-1080.0,67.77,-1147.77,EOD,2025-11
20251128,PE,LONG,26200,2025-11-28 13:32:01.228000+05:30,2025-11-28 13:53:01.363000+05:30,64.35,84.8,75,1533.75,61.6,1472.15,Flip,2025-11
20251128,PE,SHORT,26200,2025-11-28 13:53:01.363000+05:30,2025-11-28 15:22:01.147000+05:30,84.8,66.0,75,1410.0,61.65,1348.35,Flip,2025-11
20251128,PE,LONG,26200,2025-11-28 15:22:01.147000+05:30,2025-11-28 15:25:59.324000+05:30,66.0,66.1,75,7.5,58.96,-51.46,EOD,2025-11
20251201,CE,LONG,26200,2025-12-01 10:39:00.095000+05:30,2025-12-01 14:02:00.333000+05:30,125.05,74.75,75,-3772.5,62.2,-3834.7,Flip,2025-12
20251201,CE,SHORT,26200,2025-12-01 14:02:00.333000+05:30,2025-12-01 14:45:01.180000+05:30,74.75,55.1,75,1473.75,59.83,1413.92,Flip,2025-12
20251201,CE,LONG,26200,2025-12-01 14:45:01.180000+05:30,2025-12-01 15:25:59.976000+05:30,55.1,55.15,75,3.75,57.01,-53.26,EOD,2025-12
20251201,PE,LONG,26200,2025-12-01 13:44:00.826000+05:30,2025-12-01 14:45:01.170000+05:30,63.3,76.55,75,993.75,60.37,933.38,Flip,2025-12
20251201,PE,SHORT,26200,2025-12-01 14:45:01.170000+05:30,2025-12-01 15:25:59.994000+05:30,76.55,66.45,75,757.5,60.48,697.02,EOD,2025-12
20251202,PE,LONG,26200,2025-12-02 10:51:00.397000+05:30,2025-12-02 11:42:00.578000+05:30,109.05,138.45,75,2205.0,70.84,2134.16,Flip,2025-12
20251202,PE,SHORT,26200,2025-12-02 11:42:00.578000+05:30,2025-12-02 12:36:00.160000+05:30,138.45,109.45,75,2175.0,70.85,2104.15,Flip,2025-12
20251202,PE,LONG,26200,2025-12-02 12:36:00.160000+05:30,2025-12-02 12:55:00.990000+05:30,109.45,152.2,75,3206.25,72.83,3133.42,Flip,2025-12
20251202,PE,SHORT,26200,2025-12-02 12:55:00.990000+05:30,2025-12-02 15:25:58.865000+05:30,152.2,167.0,75,-1110.0,74.78,-1184.78,EOD,2025-12
20251203,CE,LONG,26050,2025-12-03 10:06:00.849000+05:30,2025-12-03 11:40:00.904000+05:30,89.75,99.2,75,708.75,64.53,644.22,Flip,2025-12
20251203,CE,SHORT,26050,2025-12-03 11:40:00.904000+05:30,2025-12-03 12:42:00.196000+05:30,99.2,90.1,75,682.5,64.54,617.96,Flip,2025-12
20251203,CE,LONG,26050,2025-12-03 12:42:00.196000+05:30,2025-12-03 14:13:00.549000+05:30,90.1,95.15,75,378.75,63.96,314.79,Flip,2025-12
20251203,CE,SHORT,26050,2025-12-03 14:13:00.549000+05:30,2025-12-03 15:25:58.906000+05:30,95.15,111.85,75,-1252.5,64.69,-1317.19,EOD,2025-12
20251203,PE,LONG,26050,2025-12-03 11:39:00.027000+05:30,2025-12-03 12:43:00.297000+05:30,169.5,177.05,75,566.25,78.44,487.81,Flip,2025-12
20251203,PE,SHORT,26050,2025-12-03 12:43:00.297000+05:30,2025-12-03 14:13:00.558000+05:30,177.05,157.6,75,1458.75,78.04,1380.71,Flip,2025-12
20251203,PE,LONG,26050,2025-12-03 14:13:00.558000+05:30,2025-12-03 15:25:58.915000+05:30,157.6,134.25,75,-1751.25,71.87,-1823.12,EOD,2025-12
20251204,CE,LONG,26000,2025-12-04 11:24:00.763000+05:30,2025-12-04 14:11:00.147000+05:30,159.6,124.8,75,-2610.0,70.58,-2680.58,Flip,2025-12
20251204,CE,SHORT,26000,2025-12-04 14:11:00.147000+05:30,2025-12-04 15:25:59.867000+05:30,124.8,141.3,75,-1237.5,69.96,-1307.46,EOD,2025-12
20251204,PE,LONG,26000,2025-12-04 10:30:00.139000+05:30,2025-12-04 11:30:01.566000+05:30,66.75,73.15,75,480.0,60.0,420.0,Flip,2025-12
20251204,PE,SHORT,26000,2025-12-04 11:30:01.566000+05:30,2025-12-04 14:30:01.790000+05:30,73.15,85.3,75,-911.25,60.63,-971.88,Flip,2025-12
20251204,PE,LONG,26000,2025-12-04 14:30:01.790000+05:30,2025-12-04 15:25:59.857000+05:30,85.3,70.7,75,-1095.0,60.27,-1155.27,EOD,2025-12
20251205,CE,LONG,26000,2025-12-05 10:30:01.052000+05:30,2025-12-05 11:12:00.611000+05:30,135.2,198.8,75,4770.0,80.42,4689.58,Flip,2025-12
20251205,CE,SHORT,26000,2025-12-05 11:12:00.611000+05:30,2025-12-05 13:58:01.016000+05:30,198.8,221.35,75,-1691.25,83.33,-1774.58,Flip,2025-12
20251205,CE,LONG,26000,2025-12-05 13:58:01.016000+05:30,2025-12-05 15:25:59.607000+05:30,221.35,223.95,75,195.0,86.96,108.04,EOD,2025-12
20251205,PE,SHORT,26000,2025-12-05 10:30:01.042000+05:30,2025-12-05 11:03:01.370000+05:30,59.3,33.25,75,1953.75,56.87,1896.88,Flip,2025-12
20251209,PE,LONG,25850,2025-12-09 10:17:00.600000+05:30,2025-12-09 11:04:00+05:30,70.1,57.15,75,-971.25,57.81,-1029.06,EOD,2025-12
20251210,CE,LONG,25850,2025-12-10 10:48:00.075000+05:30,2025-12-10 13:20:00.337000+05:30,170.9,128.55,75,-3176.25,71.5,-3247.75,Flip,2025-12
20251210,CE,SHORT,25850,2025-12-10 13:20:00.337000+05:30,2025-12-10 13:59:00.280000+05:30,128.55,114.75,75,1035.0,69.6,965.4,Flip,2025-12
20251210,CE,LONG,25850,2025-12-10 13:59:00.280000+05:30,2025-12-10 15:25:58.585000+05:30,114.75,103.5,75,-843.75,65.99,-909.74,EOD,2025-12
20251210,PE,LONG,25850,2025-12-10 13:20:00.337000+05:30,2025-12-10 13:57:00.991000+05:30,121.55,138.1,75,1241.25,71.21,1170.04,Flip,2025-12
20251210,PE,SHORT,25850,2025-12-10 13:57:00.991000+05:30,2025-12-10 15:25:58.586000+05:30,138.1,156.7,75,-1395.0,72.4,-1467.4,EOD,2025-12
20251211,CE,LONG,25750,2025-12-11 11:04:00.738000+05:30,2025-12-11 12:02:00.302000+05:30,158.3,201.75,75,3258.75,81.62,3177.13,Flip,2025-12
20251211,CE,SHORT,25750,2025-12-11 12:02:00.302000+05:30,2025-12-11 13:10:00.923000+05:30,201.75,191.85,75,742.5,82.76,659.74,Flip,2025-12
20251211,CE,LONG,25750,2025-12-11 13:10:00.923000+05:30,2025-12-11 14:30:01.422000+05:30,191.85,232.5,75,3048.75,87.19,2961.56,Flip,2025-12
20251211,CE,SHORT,25750,2025-12-11 14:30:01.422000+05:30,2025-12-11 14:51:00.943000+05:30,232.5,189.55,75,3221.25,87.11,3134.14,Flip,2025-12
20251211,CE,LONG,25750,2025-12-11 14:51:00.943000+05:30,2025-12-11 15:25:58.903000+05:30,189.55,215.4,75,1938.75,84.65,1854.1,EOD,2025-12
20251211,PE,LONG,25750,2025-12-11 10:16:00.385000+05:30,2025-12-11 11:05:00.635000+05:30,69.85,89.55,75,1477.5,62.47,1415.03,Flip,2025-12
20251211,PE,SHORT,25750,2025-12-11 11:05:00.635000+05:30,2025-12-11 12:02:00.302000+05:30,89.55,55.75,75,2535.0,61.99,2473.01,Flip,2025-12
20251211,PE,LONG,25750,2025-12-11 12:02:00.302000+05:30,2025-12-11 13:13:00.834000+05:30,55.75,56.65,75,67.5,57.25,10.25,Flip,2025-12
20251211,PE,SHORT,25750,2025-12-11 13:13:00.834000+05:30,2025-12-11 14:21:00.076000+05:30,56.65,40.35,75,1222.5,56.73,1165.77,Flip,2025-12
20251212,CE,LONG,26000,2025-12-12 10:09:00.542000+05:30,2025-12-12 11:22:00.328000+05:30,90.75,106.65,75,1192.5,65.64,1126.86,Flip,2025-12
20251212,CE,SHORT,26000,2025-12-12 11:22:00.328000+05:30,2025-12-12 12:12:00.663000+05:30,106.65,95.25,75,855.0,65.79,789.21,Flip,2025-12
20251212,CE,LONG,26000,2025-12-12 12:12:00.663000+05:30,2025-12-12 14:09:00.975000+05:30,95.25,123.35,75,2107.5,68.19,2039.31,Flip,2025-12
20251212,CE,SHORT,26000,2025-12-12 14:09:00.975000+05:30,2025-12-12 15:25:59.181000+05:30,123.35,112.1,75,843.75,68.76,774.99,EOD,2025-12
20251212,PE,LONG,26000,2025-12-12 11:22:00.328000+05:30,2025-12-12 15:25:59.180000+05:30,74.65,51.95,75,-1702.5,57.21,-1759.71,EOD,2025-12
20251215,CE,LONG,25950,2025-12-15 14:10:00.306000+05:30,2025-12-15 15:25:59.731000+05:30,96.8,104.1,75,547.5,65.47,482.03,EOD,2025-12
20251215,PE,LONG,25950,2025-12-15 10:30:01.285000+05:30,2025-12-15 15:25:59.729000+05:30,57.55,29.25,75,-2122.5,53.36,-2175.86,EOD,2025-12
20251216,PE,LONG,25950,2025-12-16 12:29:01.485000+05:30,2025-12-16 14:08:00.409000+05:30,58.75,62.35,75,270.0,58.17,211.83,Flip,2025-12
20251216,PE,SHORT,25950,2025-12-16 14:08:00.409000+05:30,2025-12-16 15:25:59.259000+05:30,62.35,88.65,75,-1972.5,59.18,-2031.68,EOD,2025-12
20251217,CE,LONG,25850,2025-12-17 09:49:00.657000+05:30,2025-12-17 15:01:01.014000+05:30,147.95,120.0,75,-2096.25,69.5,-2165.75,Flip,2025-12
20251217,CE,SHORT,25850,2025-12-17 15:01:01.014000+05:30,2025-12-17 15:25:59.724000+05:30,120.0,123.75,75,-281.25,68.68,-349.93,EOD,2025-12
20251217,PE,LONG,25850,2025-12-17 14:19:00.558000+05:30,2025-12-17 15:25:59.723000+05:30,113.05,107.55,75,-412.5,66.52,-479.02,EOD,2025-12
20251218,CE,LONG,25750,2025-12-18 13:33:00.271000+05:30,2025-12-18 15:25:59.668000+05:30,186.5,150.0,75,-2737.5,75.12,-2812.62,EOD,2025-12
20251218,PE,LONG,25750,2025-12-18 10:14:00.158000+05:30,2025-12-18 13:33:00.271000+05:30,72.6,46.7,75,-1942.5,56.38,-1998.88,Flip,2025-12
20251219,CE,LONG,25900,2025-12-19 11:28:00.599000+05:30,2025-12-19 12:40:00.203000+05:30,115.0,120.45,75,408.75,68.45,340.3,Flip,2025-12
20251219,CE,SHORT,25900,2025-12-19 12:40:00.203000+05:30,2025-12-19 13:14:01.498000+05:30,120.45,101.6,75,1413.75,67.99,1345.76,Flip,2025-12
20251219,CE,LONG,25900,2025-12-19 13:14:01.498000+05:30,2025-12-19 13:34:01.179000+05:30,101.6,121.4,75,1485.0,68.13,1416.87,Flip,2025-12
20251219,CE,SHORT,25900,2025-12-19 13:34:01.179000+05:30,2025-12-19 15:25:59.514000+05:30,121.4,123.6,75,-165.0,68.87,-233.87,EOD,2025-12
20251219,PE,LONG,25900,2025-12-19 12:35:00.361000+05:30,2025-12-19 15:25:59.513000+05:30,54.8,45.7,75,-682.5,55.64,-738.14,EOD,2025-12
20251222,CE,LONG,26100,2025-12-22 12:50:01.443000+05:30,2025-12-22 14:35:00.243000+05:30,73.15,89.95,75,1260.0,62.63,1197.37,Flip,2025-12
20251222,CE,SHORT,26100,2025-12-22 14:35:00.243000+05:30,2025-12-22 15:25:59.587000+05:30,89.95,85.7,75,318.75,63.06,255.69,EOD,2025-12
20251224,CE,LONG,26150,2025-12-24 10:49:00.077000+05:30,2025-12-24 15:25:58.459000+05:30,141.35,96.55,75,-3360.0,65.89,-3425.89,EOD,2025-12
20251224,PE,LONG,26150,2025-12-24 12:32:01.508000+05:30,2025-12-24 13:12:00.712000+05:30,53.9,64.9,75,825.0,58.37,766.63,Flip,2025-12
20251224,PE,SHORT,26150,2025-12-24 13:12:00.712000+05:30,2025-12-24 15:25:58.459000+05:30,64.9,76.65,75,-881.25,59.14,-940.39,EOD,2025-12
20251226,CE,LONG,26100,2025-12-26 11:13:00.363000+05:30,2025-12-26 15:00:00.359000+05:30,60.55,50.1,75,-783.75,56.47,-840.22,Flip,2025-12
20251226,CE,SHORT,26100,2025-12-26 15:00:00.359000+05:30,2025-12-26 15:25:59.382000+05:30,50.1,48.9,75,90.0,56.07,33.93,EOD,2025-12
20251226,PE,LONG,26100,2025-12-26 15:00:00.359000+05:30,2025-12-26 15:25:59.536000+05:30,85.35,88.8,75,258.75,62.88,195.87,EOD,2025-12
20251229,CE,LONG,26050,2025-12-29 09:57:00.440000+05:30,2025-12-29 14:25:00.724000+05:30,57.35,20.3,75,-2778.75,52.07,-2830.82,Flip,2025-12
20251229,PE,LONG,26050,2025-12-29 11:49:00.320000+05:30,2025-12-29 12:24:00.925000+05:30,79.0,91.75,75,956.25,63.09,893.16,Flip,2025-12
20251229,PE,SHORT,26050,2025-12-29 12:24:00.925000+05:30,2025-12-29 14:25:00.724000+05:30,91.75,104.85,75,-982.5,63.97,-1046.47,Flip,2025-12
20251229,PE,LONG,26050,2025-12-29 14:25:00.724000+05:30,2025-12-29 14:55:00.136000+05:30,104.85,129.9,75,1878.75,69.46,1809.29,Flip,2025-12
20251229,PE,SHORT,26050,2025-12-29 14:55:00.136000+05:30,2025-12-29 15:25:59.404000+05:30,129.9,109.65,75,1518.75,69.63,1449.12,EOD,2025-12
20251230,CE,LONG,25900,2025-12-30 10:53:00.005000+05:30,2025-12-30 13:33:00.748000+05:30,54.6,29.75,75,-1863.75,53.33,-1917.08,Flip,2025-12
20260101,CE,LONG,26200,2026-01-01 10:21:00.755000+05:30,2026-01-01 10:54:00.534000+05:30,63.65,83.0,65,1257.75,59.43,1198.32,Flip,2026-01
20260101,CE,SHORT,26200,2026-01-01 10:54:00.534000+05:30,2026-01-01 11:44:00.405000+05:30,83.0,65.15,65,1160.25,59.47,1100.78,Flip,2026-01
20260101,CE,LONG,26200,2026-01-01 11:44:00.405000+05:30,2026-01-01 14:17:00.579000+05:30,65.15,70.85,65,370.5,57.96,312.54,Flip,2026-01
20260101,CE,SHORT,26200,2026-01-01 14:17:00.579000+05:30,2026-01-01 15:25:59.558000+05:30,70.85,63.25,65,494.0,57.9,436.1,EOD,2026-01
20260101,PE,LONG,26200,2026-01-01 10:47:00.261000+05:30,2026-01-01 11:47:00.075000+05:30,87.4,101.25,65,900.25,62.41,837.84,Flip,2026-01
20260101,PE,SHORT,26200,2026-01-01 11:47:00.075000+05:30,2026-01-01 14:12:00.121000+05:30,101.25,86.7,65,945.75,62.39,883.36,Flip,2026-01
20260101,PE,LONG,26200,2026-01-01 14:12:00.121000+05:30,2026-01-01 15:25:59.558000+05:30,86.7,94.65,65,516.75,61.56,455.19,EOD,2026-01
20260102,CE,LONG,26150,2026-01-02 14:34:00.269000+05:30,2026-01-02 15:01:00.294000+05:30,174.35,183.5,65,594.75,75.23,519.52,Flip,2026-01
20260102,CE,SHORT,26150,2026-01-02 15:01:00.294000+05:30,2026-01-02 15:25:58.680000+05:30,183.5,197.5,65,-910.0,75.9,-985.9,EOD,2026-01
20260105,PE,LONG,26350,2026-01-05 10:11:00.458000+05:30,2026-01-05 11:24:00.325000+05:30,60.55,69.8,65,601.25,57.69,543.56,Flip,2026-01
20260105,PE,SHORT,26350,2026-01-05 11:24:00.325000+05:30,2026-01-05 14:52:00.143000+05:30,69.8,114.25,65,-2889.25,59.27,-2948.52,Flip,2026-01
20260105,PE,LONG,26350,2026-01-05 14:52:00.143000+05:30,2026-01-05 15:25:59.886000+05:30,114.25,136.3,65,1433.25,67.57,1365.68,EOD,2026-01
20260106,PE,SHORT,26250,2026-01-06 10:38:01.361000+05:30,2026-01-06 12:58:00.431000+05:30,60.8,69.95,65,-594.75,56.84,-651.59,Flip,2026-01
20260106,PE,LONG,26250,2026-01-06 12:58:00.431000+05:30,2026-01-06 13:32:00.527000+05:30,69.95,95.35,65,1651.0,61.16,1589.84,Flip,2026-01
20260106,PE,SHORT,26250,2026-01-06 13:32:00.527000+05:30,2026-01-06 14:51:00.229000+05:30,95.35,78.6,65,1088.75,61.41,1027.34,Flip,2026-01
20260106,PE,LONG,26250,2026-01-06 14:51:00.229000+05:30,2026-01-06 15:25:59.802000+05:30,78.6,70.8,65,-507.0,58.35,-565.35,EOD,2026-01
20260107,CE,LONG,26100,2026-01-07 11:54:00.265000+05:30,2026-01-07 14:46:00.339000+05:30,137.2,121.6,65,-1014.0,66.41,-1080.41,Flip,2026-01
20260107,CE,SHORT,26100,2026-01-07 14:46:00.339000+05:30,2026-01-07 15:25:58.715000+05:30,121.6,131.95,65,-672.75,66.25,-739.0,EOD,2026-01
20260107,PE,SHORT,26100,2026-01-07 11:55:00.098000+05:30,2026-01-07 14:54:00.642000+05:30,75.45,72.3,65,204.75,58.74,146.01,Flip,2026-01
20260107,PE,LONG,26100,2026-01-07 14:54:00.642000+05:30,2026-01-07 15:25:58.714000+05:30,72.3,70.35,65,-126.75,58.1,-184.85,EOD,2026-01
20260108,CE,LONG,26100,2026-01-08 11:03:00.477000+05:30,2026-01-08 15:25:59.679000+05:30,66.85,30.25,65,-2379.0,52.94,-2431.94,EOD,2026-01
20260108,PE,LONG,26100,2026-01-08 13:57:00.735000+05:30,2026-01-08 15:04:01.021000+05:30,175.25,209.25,65,2210.0,78.47,2131.53,Flip,2026-01
20260108,PE,SHORT,26100,2026-01-08 15:04:01.021000+05:30,2026-01-08 15:25:59.679000+05:30,209.25,216.85,65,-494.0,79.69,-573.69,EOD,2026-01
20260109,CE,LONG,25900,2026-01-09 11:15:00.335000+05:30,2026-01-09 15:07:00.285000+05:30,60.35,28.5,65,-2070.25,52.53,-2122.78,Flip,2026-01
20260109,PE,LONG,25900,2026-01-09 15:08:00.377000+05:30,2026-01-09 15:25:59.942000+05:30,207.85,212.05,65,273.0,79.77,193.23,EOD,2026-01
20260112,PE,LONG,25650,2026-01-12 12:14:00.596000+05:30,2026-01-12 14:37:01.126000+05:30,135.7,42.95,65,-6028.75,56.54,-6085.29,Flip,2026-01
20260113,PE,LONG,25850,2026-01-13 10:29:01.285000+05:30,2026-01-13 11:54:00.781000+05:30,74.15,101.55,65,1781.0,62.05,1718.95,Flip,2026-01
20260113,PE,SHORT,25850,2026-01-13 11:54:00.781000+05:30,2026-01-13 14:38:00.445000+05:30,101.55,176.3,65,-4858.75,65.05,-4923.8,Flip,2026-01
20260113,PE,LONG,25850,2026-01-13 14:38:00.445000+05:30,2026-01-13 15:25:59.230000+05:30,176.3,117.45,65,-3825.25,67.04,-3892.29,EOD,2026-01
20260114,CE,LONG,25650,2026-01-14 13:21:00.469000+05:30,2026-01-14 14:46:00.180000+05:30,177.9,154.5,65,-1521.0,71.71,-1592.71,Flip,2026-01
20260114,CE,SHORT,25650,2026-01-14 14:46:00.180000+05:30,2026-01-14 15:25:58.981000+05:30,154.5,147.3,65,468.0,70.81,397.19,EOD,2026-01
20260114,PE,LONG,25650,2026-01-14 11:17:01.262000+05:30,2026-01-14 13:25:00.457000+05:30,81.9,84.25,65,152.75,60.12,92.63,Flip,2026-01
20260114,PE,SHORT,25650,2026-01-14 13:25:00.457000+05:30,2026-01-14 14:46:00.361000+05:30,84.25,95.8,65,-750.75,60.53,-811.28,Flip,2026-01
20260114,PE,LONG,25650,2026-01-14 14:46:00.361000+05:30,2026-01-14 15:25:58.979000+05:30,95.8,106.2,65,676.0,63.27,612.73,EOD,2026-01
20260116,CE,LONG,25700,2026-01-16 11:14:00.252000+05:30,2026-01-16 15:25:59.235000+05:30,190.55,114.5,65,-4943.25,67.08,-5010.33,EOD,2026-01
20260116,PE,LONG,25700,2026-01-16 10:16:00.218000+05:30,2026-01-16 11:14:00.058000+05:30,52.2,57.4,65,338.0,55.9,282.1,Flip,2026-01
20260116,PE,SHORT,25700,2026-01-16 11:14:00.058000+05:30,2026-01-16 15:25:59.234000+05:30,57.4,91.95,65,-2245.75,57.06,-2302.81,EOD,2026-01
20260119,CE,LONG,25550,2026-01-19 10:29:00.839000+05:30,2026-01-19 11:04:00.188000+05:30,59.0,91.55,65,2115.75,60.36,2055.39,Flip,2026-01
20260119,CE,SHORT,25550,2026-01-19 11:04:00.188000+05:30,2026-01-19 12:49:00.375000+05:30,91.55,57.2,65,2232.75,60.31,2172.44,Flip,2026-01
20260119,CE,LONG,25550,2026-01-19 12:49:00.375000+05:30,2026-01-19 12:58:00.538000+05:30,57.2,75.25,65,1173.25,58.27,1114.98,Flip,2026-01
20260119,CE,SHORT,25550,2026-01-19 12:58:00.538000+05:30,2026-01-19 14:14:00+05:30,75.25,98.0,65,-1478.75,59.47,-1538.22,EOD,2026-01
20260119,PE,LONG,25550,2026-01-19 11:04:00.189000+05:30,2026-01-19 14:14:00+05:30,70.35,47.7,65,-1472.25,55.22,-1527.47,EOD,2026-01
20260120,PE,LONG,25550,2026-01-20 11:50:00.944000+05:30,2026-01-20 12:06:00.307000+05:30,86.6,109.2,65,1469.0,63.37,1405.63,Flip,2026-01
20260120,PE,SHORT,25550,2026-01-20 12:06:00.307000+05:30,2026-01-20 15:25:59.137000+05:30,109.2,320.4,65,-13728.0,70.23,-13798.23,EOD,2026-01
20260121,CE,LONG,25150,2026-01-21 10:43:00.105000+05:30,2026-01-21 11:14:01.086000+05:30,122.0,143.3,65,1384.5,68.67,1315.83,Flip,2026-01
20260121,CE,SHORT,25150,2026-01-21 11:14:01.086000+05:30,2026-01-21 13:33:00.953000+05:30,143.3,204.65,65,-3987.75,71.09,-4058.84,Flip,2026-01
20260121,CE,LONG,25150,2026-01-21 13:33:00.953000+05:30,2026-01-21 15:25:59.795000+05:30,204.65,161.6,65,-2798.25,73.38,-2871.63,EOD,2026-01
20260121,PE,LONG,25150,2026-01-21 11:14:01.082000+05:30,2026-01-21 13:26:00.493000+05:30,179.65,129.1,65,-3285.75,68.59,-3354.34,Flip,2026-01
20260121,PE,SHORT,25150,2026-01-21 13:26:00.493000+05:30,2026-01-21 15:25:59.795000+05:30,129.1,146.1,65,-1105.0,67.6,-1172.6,EOD,2026-01
20260122,CE,LONG,25350,2026-01-22 10:20:00.231000+05:30,2026-01-22 11:26:00.427000+05:30,147.6,122.55,65,-1628.25,66.83,-1695.08,Flip,2026-01
20260122,CE,SHORT,25350,2026-01-22 11:26:00.427000+05:30,2026-01-22 13:15:00.549000+05:30,122.55,80.85,65,2710.5,64.87,2645.63,Flip,2026-01
20260122,CE,LONG,25350,2026-01-22 13:15:00.549000+05:30,2026-01-22 14:32:00.097000+05:30,80.85,102.7,65,1420.25,62.39,1357.86,Flip,2026-01
20260122,CE,SHORT,25350,2026-01-22 14:32:00.097000+05:30,2026-01-22 15:25:59.352000+05:30,102.7,132.9,65,-1963.0,63.92,-2026.92,EOD,2026-01
20260122,PE,LONG,25350,2026-01-22 12:21:00.818000+05:30,2026-01-22 15:25:59.328000+05:30,163.75,99.3,65,-4189.25,64.4,-4253.65,EOD,2026-01
20260123,CE,LONG,25300,2026-01-23 11:34:00.977000+05:30,2026-01-23 12:44:00.342000+05:30,95.35,88.8,65,-425.75,61.08,-486.83,Flip,2026-01
20260123,CE,SHORT,25300,2026-01-23 12:44:00.342000+05:30,2026-01-23 13:13:01.036000+05:30,88.8,66.25,65,1465.75,60.23,1405.52,Flip,2026-01
20260123,CE,LONG,25300,2026-01-23 13:13:01.036000+05:30,2026-01-23 15:25:59.220000+05:30,66.25,37.15,65,-1891.5,53.78,-1945.28,EOD,2026-01
20260123,PE,LONG,25300,2026-01-23 12:44:00.342000+05:30,2026-01-23 13:17:00.018000+05:30,114.4,158.0,65,2834.0,70.28,2763.72,Flip,2026-01
20260123,PE,SHORT,25300,2026-01-23 13:17:00.018000+05:30,2026-01-23 15:25:59.218000+05:30,158.0,249.4,65,-5941.0,74.24,-6015.24,EOD,2026-01
20260127,CE,LONG,25100,2026-01-27 10:42:00.031000+05:30,2026-01-27 11:42:00.595000+05:30,60.15,82.0,65,1420.25,59.2,1361.05,Flip,2026-01
20260127,CE,SHORT,25100,2026-01-27 11:42:00.595000+05:30,2026-01-27 12:50:00.018000+05:30,82.0,45.65,65,2362.75,58.78,2303.97,Flip,2026-01
20260127,PE,LONG,25100,2026-01-27 09:48:00.112000+05:30,2026-01-27 10:42:00.031000+05:30,53.3,96.2,65,2788.5,60.78,2727.72,Flip,2026-01
20260127,PE,SHORT,25100,2026-01-27 10:42:00.031000+05:30,2026-01-27 11:40:00.051000+05:30,96.2,66.95,65,1901.25,61.18,1840.07,Flip,2026-01
20260127,PE,LONG,25100,2026-01-27 11:40:00.051000+05:30,2026-01-27 13:39:00.241000+05:30,66.95,74.5,65,490.75,58.47,432.28,Flip,2026-01
20260127,PE,SHORT,25100,2026-01-27 13:39:00.241000+05:30,2026-01-27 14:40:01.127000+05:30,74.5,25.05,65,3214.25,57.24,3157.01,Flip,2026-01
20260128,CE,LONG,25300,2026-01-28 10:09:01.134000+05:30,2026-01-28 11:05:00.736000+05:30,227.4,257.95,65,1985.75,86.08,1899.67,Flip,2026-01
20260128,CE,SHORT,25300,2026-01-28 11:05:00.736000+05:30,2026-01-28 11:45:00.510000+05:30,257.95,240.05,65,1163.5,86.45,1077.05,Flip,2026-01
20260128,CE,LONG,25300,2026-01-28 11:45:00.510000+05:30,2026-01-28 14:46:01.346000+05:30,240.05,208.0,65,-2083.25,80.21,-2163.46,Flip,2026-01
20260128,CE,SHORT,25300,2026-01-28 14:46:01.346000+05:30,2026-01-28 15:25:59.898000+05:30,208.0,248.1,65,-2606.5,80.45,-2686.95,EOD,2026-01
20260128,PE,LONG,25300,2026-01-28 11:05:00.931000+05:30,2026-01-28 12:25:00.567000+05:30,200.6,206.7,65,396.5,78.89,317.61,Flip,2026-01
20260128,PE,SHORT,25300,2026-01-28 12:25:00.567000+05:30,2026-01-28 14:46:01.346000+05:30,206.7,213.3,65,-429.0,79.26,-508.26,Flip,2026-01
20260128,PE,LONG,25300,2026-01-28 14:46:01.346000+05:30,2026-01-28 15:25:59.899000+05:30,213.3,174.5,65,-2522.0,75.24,-2597.24,EOD,2026-01
20260129,PE,LONG,25250,2026-01-29 11:12:00.831000+05:30,2026-01-29 15:25:59.276000+05:30,186.65,109.45,65,-5018.0,66.34,-5084.34,EOD,2026-01
20260130,CE,LONG,25250,2026-01-30 11:12:00.154000+05:30,2026-01-30 12:24:00.647000+05:30,205.9,235.75,65,1940.25,82.68,1857.57,Flip,2026-01
20260130,CE,SHORT,25250,2026-01-30 12:24:00.647000+05:30,2026-01-30 13:10:00.257000+05:30,235.75,205.95,65,1937.0,82.68,1854.32,Flip,2026-01
20260130,CE,LONG,25250,2026-01-30 13:10:00.257000+05:30,2026-01-30 13:43:00.390000+05:30,205.95,231.95,65,1690.0,82.2,1607.8,Flip,2026-01
20260130,CE,SHORT,25250,2026-01-30 13:43:00.390000+05:30,2026-01-30 14:44:00.551000+05:30,231.95,230.2,65,113.75,82.91,30.84,Flip,2026-01
20260130,CE,LONG,25250,2026-01-30 14:44:00.551000+05:30,2026-01-30 15:25:59.863000+05:30,230.2,249.3,65,1241.5,85.08,1156.42,EOD,2026-01
20260130,PE,LONG,25250,2026-01-30 13:43:00.391000+05:30,2026-01-30 14:44:00.551000+05:30,177.65,176.6,65,-68.25,74.46,-142.71,Flip,2026-01
20260130,PE,SHORT,25250,2026-01-30 14:44:00.551000+05:30,2026-01-30 15:12:00.436000+05:30,176.6,147.8,65,1872.0,73.59,1798.41,Flip,2026-01
20260130,PE,LONG,25250,2026-01-30 15:12:00.436000+05:30,2026-01-30 15:25:59.666000+05:30,147.8,152.1,65,279.5,70.53,208.97,EOD,2026-01
20260201,CE,LONG,25300,2026-02-01 11:45:00.538000+05:30,2026-02-01 15:25:59.759000+05:30,214.15,19.7,65,-12639.25,55.94,-12695.19,EOD,2026-02
20260201,PE,LONG,25300,2026-02-01 11:09:00.357000+05:30,2026-02-01 11:46:00.440000+05:30,149.55,188.15,65,2509.0,75.08,2433.92,Flip,2026-02
20260201,PE,SHORT,25300,2026-02-01 11:46:00.440000+05:30,2026-02-01 13:14:01.139000+05:30,188.15,289.15,65,-6565.0,79.17,-6644.17,Flip,2026-02
20260201,PE,LONG,25300,2026-02-01 13:14:01.139000+05:30,2026-02-01 14:50:00.430000+05:30,289.15,401.9,65,7328.75,105.86,7222.89,Flip,2026-02
20260201,PE,SHORT,25300,2026-02-01 14:50:00.430000+05:30,2026-02-01 15:25:59.553000+05:30,401.9,601.1,65,-12948.0,115.01,-13063.01,EOD,2026-02
20260202,CE,LONG,24750,2026-02-02 10:22:00.774000+05:30,2026-02-02 11:33:00.971000+05:30,162.25,140.95,65,-1384.5,69.56,-1454.06,Flip,2026-02
20260202,CE,SHORT,24750,2026-02-02 11:33:00.971000+05:30,2026-02-02 13:20:00.925000+05:30,140.95,199.65,65,-3815.5,70.65,-3886.15,Flip,2026-02
20260202,CE,LONG,24750,2026-02-02 13:20:00.925000+05:30,2026-02-02 13:44:00.270000+05:30,199.65,257.5,65,3760.25,85.21,3675.04,Flip,2026-02
20260202,CE,SHORT,24750,2026-02-02 13:44:00.270000+05:30,2026-02-02 15:25:59.854000+05:30,257.5,339.6,65,-5336.5,89.31,-5425.81,EOD,2026-02
20260202,PE,LONG,24750,2026-02-02 11:33:00.971000+05:30,2026-02-02 13:21:00.834000+05:30,107.2,67.0,65,-2613.0,58.71,-2671.71,Flip,2026-02
20260202,PE,SHORT,24750,2026-02-02 13:21:00.834000+05:30,2026-02-02 13:43:00.162000+05:30,67.0,43.7,65,1514.5,56.85,1457.65,Flip,2026-02
20260203,CE,LONG,25800,2026-02-03 12:28:00.556000+05:30,2026-02-03 13:45:00.875000+05:30,66.7,54.75,65,-776.75,55.99,-832.74,Flip,2026-02
20260203,CE,SHORT,25800,2026-02-03 13:45:00.875000+05:30,2026-02-03 14:49:00.619000+05:30,54.75,13.0,65,2713.75,54.42,2659.33,Flip,2026-02
20260203,PE,LONG,25800,2026-02-03 10:35:00.252000+05:30,2026-02-03 12:30:00.752000+05:30,98.45,78.85,65,-1274.0,59.93,-1333.93,Flip,2026-02
20260203,PE,SHORT,25800,2026-02-03 12:30:00.752000+05:30,2026-02-03 13:47:00.643000+05:30,78.85,39.55,65,2554.5,58.21,2496.29,Flip,2026-02
20260203,PE,SHORT,25800,2026-02-03 14:33:00.441000+05:30,2026-02-03 15:25:59.834000+05:30,78.35,72.85,65,357.5,59.12,298.38,EOD,2026-02
20260204,CE,LONG,25650,2026-02-04 11:12:00.394000+05:30,2026-02-04 13:25:00.264000+05:30,213.8,229.85,65,1043.25,82.17,961.08,Flip,2026-02
20260204,CE,SHORT,25650,2026-02-04 13:25:00.264000+05:30,2026-02-04 15:22:00.410000+05:30,229.85,234.0,65,-269.75,82.76,-352.51,Flip,2026-02
20260204,CE,LONG,25650,2026-02-04 15:22:00.410000+05:30,2026-02-04 15:25:59.755000+05:30,234.0,233.55,65,-29.25,83.22,-112.47,EOD,2026-02
20260204,PE,LONG,25650,2026-02-04 12:11:00.799000+05:30,2026-02-04 15:08:00.672000+05:30,111.6,97.2,65,-936.0,62.61,-998.61,Flip,2026-02
20260204,PE,SHORT,25650,2026-02-04 15:08:00.672000+05:30,2026-02-04 15:25:59.556000+05:30,97.2,108.8,65,-754.0,62.53,-816.53,EOD,2026-02
20260205,CE,LONG,25700,2026-02-05 10:39:00.867000+05:30,2026-02-05 14:56:00.426000+05:30,121.5,114.75,65,-438.75,65.09,-503.84,Flip,2026-02
20260205,CE,SHORT,25700,2026-02-05 14:56:00.426000+05:30,2026-02-05 15:25:58.959000+05:30,114.75,113.5,65,81.25,64.86,16.39,EOD,2026-02
20260205,PE,LONG,25700,2026-02-05 11:44:00.352000+05:30,2026-02-05 12:18:01.098000+05:30,140.9,171.45,65,1985.75,72.74,1913.01,Flip,2026-02
20260205,PE,SHORT,25700,2026-02-05 12:18:01.098000+05:30,2026-02-05 14:56:00.425000+05:30,171.45,154.75,65,1085.5,73.15,1012.35,Flip,2026-02
20260205,PE,LONG,25700,2026-02-05 14:56:00.425000+05:30,2026-02-05 15:25:58.959000+05:30,154.75,157.95,65,208.0,71.46,136.54,EOD,2026-02
20260206,CE,LONG,25600,2026-02-06 10:30:00.148000+05:30,2026-02-06 11:11:00.840000+05:30,76.4,94.95,65,1205.75,61.3,1144.45,Flip,2026-02
20260206,CE,SHORT,25600,2026-02-06 11:11:00.840000+05:30,2026-02-06 12:22:00.484000+05:30,94.95,101.45,65,-422.5,62.03,-484.53,Flip,2026-02
20260206,CE,LONG,25600,2026-02-06 12:22:00.484000+05:30,2026-02-06 13:49:00.163000+05:30,101.45,101.7,65,16.25,62.87,-46.62,Flip,2026-02
20260206,CE,SHORT,25600,2026-02-06 13:49:00.163000+05:30,2026-02-06 15:25:59.195000+05:30,101.7,146.0,65,-2879.5,64.18,-2943.68,EOD,2026-02
20260206,PE,LONG,25600,2026-02-06 11:15:00.913000+05:30,2026-02-06 12:22:00.484000+05:30,121.85,111.85,65,-650.0,64.74,-714.74,Flip,2026-02
20260206,PE,SHORT,25600,2026-02-06 12:22:00.484000+05:30,2026-02-06 13:39:00.265000+05:30,111.85,106.6,65,341.25,64.29,276.96,Flip,2026-02
20260206,PE,LONG,25600,2026-02-06 13:39:00.265000+05:30,2026-02-06 15:25:59.194000+05:30,106.6,73.8,65,-2132.0,59.54,-2191.54,EOD,2026-02
20260209,CE,LONG,25850,2026-02-09 11:53:00.818000+05:30,2026-02-09 14:24:00.135000+05:30,72.35,79.5,65,464.75,59.25,405.5,Flip,2026-02
20260209,CE,SHORT,25850,2026-02-09 14:24:00.135000+05:30,2026-02-09 15:25:59.839000+05:30,79.5,74.55,65,321.75,59.31,262.44,EOD,2026-02
20260209,PE,LONG,25850,2026-02-09 10:45:00.237000+05:30,2026-02-09 11:55:00.188000+05:30,71.15,78.05,65,448.5,59.03,389.47,Flip,2026-02
20260209,PE,SHORT,25850,2026-02-09 11:55:00.188000+05:30,2026-02-09 13:10:00.064000+05:30,78.05,65.8,65,796.25,58.88,737.37,Flip,2026-02
20260209,PE,LONG,25850,2026-02-09 13:10:00.064000+05:30,2026-02-09 15:25:59.839000+05:30,65.8,67.1,65,84.5,57.51,26.99,EOD,2026-02
20260210,CE,LONG,25900,2026-02-10 11:38:00.299000+05:30,2026-02-10 12:48:00.684000+05:30,61.05,77.95,65,1098.5,58.72,1039.78,Flip,2026-02
20260210,CE,SHORT,25900,2026-02-10 12:48:00.684000+05:30,2026-02-10 13:19:00.391000+05:30,77.95,65.0,65,841.75,58.84,782.91,Flip,2026-02
20260210,CE,LONG,25900,2026-02-10 13:19:00.391000+05:30,2026-02-10 15:02:00.206000+05:30,65.0,61.0,65,-260.0,56.72,-316.72,Flip,2026-02
20260210,CE,SHORT,25900,2026-02-10 15:02:00.206000+05:30,2026-02-10 15:25:59.759000+05:30,61.0,33.9,65,1761.5,55.81,1705.69,EOD,2026-02
20260211,CE,LONG,26000,2026-02-11 10:01:00.679000+05:30,2026-02-11 10:40:00.363000+05:30,110.85,127.05,65,1053.0,66.31,986.69,Flip,2026-02
20260211,CE,SHORT,26000,2026-02-11 10:40:00.363000+05:30,2026-02-11 11:09:00.411000+05:30,127.05,108.7,65,1192.75,66.25,1126.5,Flip,2026-02
20260211,CE,LONG,26000,2026-02-11 11:09:00.411000+05:30,2026-02-11 13:39:00.719000+05:30,108.7,106.6,65,-136.5,63.7,-200.2,Flip,2026-02
20260211,CE,SHORT,26000,2026-02-11 13:39:00.719000+05:30,2026-02-11 13:52:00.751000+05:30,106.6,94.1,65,812.5,63.27,749.23,Flip,2026-02
20260211,CE,LONG,26000,2026-02-11 13:52:00.751000+05:30,2026-02-11 14:19:00.181000+05:30,94.1,109.8,65,1020.5,63.67,956.83,Flip,2026-02
20260211,CE,SHORT,26000,2026-02-11 14:19:00.181000+05:30,2026-02-11 15:25:59.463000+05:30,109.8,105.55,65,276.25,64.01,212.24,EOD,2026-02
20260211,PE,LONG,26000,2026-02-11 10:38:01.169000+05:30,2026-02-11 12:25:00.163000+05:30,117.85,136.0,65,1179.75,67.64,1112.11,Flip,2026-02
20260211,PE,SHORT,26000,2026-02-11 12:25:00.163000+05:30,2026-02-11 13:42:00.191000+05:30,136.0,122.2,65,897.0,67.77,829.23,Flip,2026-02
20260211,PE,LONG,26000,2026-02-11 13:42:00.191000+05:30,2026-02-11 15:25:59.464000+05:30,122.2,137.4,65,988.0,67.94,920.06,EOD,2026-02
20260212,CE,LONG,25900,2026-02-12 11:17:00.687000+05:30,2026-02-12 12:54:00.379000+05:30,93.9,96.1,65,143.0,61.95,81.05,Flip,2026-02
20260212,CE,SHORT,25900,2026-02-12 12:54:00.379000+05:30,2026-02-12 13:13:00.286000+05:30,96.1,87.25,65,575.25,61.76,513.49,Flip,2026-02
20260212,CE,LONG,25900,2026-02-12 13:13:00.286000+05:30,2026-02-12 13:26:00.741000+05:30,87.25,98.9,65,757.25,62.11,695.14,Flip,2026-02
20260212,CE,SHORT,25900,2026-02-12 13:26:00.741000+05:30,2026-02-12 13:50:00.596000+05:30,98.9,83.75,65,984.75,62.01,922.74,Flip,2026-02
20260212,CE,LONG,25900,2026-02-12 13:50:00.596000+05:30,2026-02-12 15:04:00.094000+05:30,83.75,83.05,65,-45.5,60.03,-105.53,Flip,2026-02
20260212,CE,SHORT,25900,2026-02-12 15:04:00.094000+05:30,2026-02-12 15:25:59.998000+05:30,83.05,78.2,65,315.25,59.86,255.39,EOD,2026-02
20260212,PE,LONG,25900,2026-02-12 10:21:00.512000+05:30,2026-02-12 11:23:00.737000+05:30,104.65,129.05,65,1586.0,66.38,1519.62,Flip,2026-02
20260212,PE,SHORT,25900,2026-02-12 11:23:00.737000+05:30,2026-02-12 12:33:01.250000+05:30,129.05,119.55,65,617.5,66.82,550.68,Flip,2026-02
20260212,PE,LONG,25900,2026-02-12 12:33:01.250000+05:30,2026-02-12 13:15:00.271000+05:30,119.55,129.25,65,630.5,66.84,563.66,Flip,2026-02
20260212,PE,SHORT,25900,2026-02-12 13:15:00.271000+05:30,2026-02-12 13:19:00.052000+05:30,129.25,111.3,65,1166.75,66.6,1100.15,Flip,2026-02
20260212,PE,LONG,25900,2026-02-12 13:19:00.052000+05:30,2026-02-12 13:50:00.697000+05:30,111.3,129.2,65,1163.5,66.6,1096.9,Flip,2026-02
20260212,PE,SHORT,25900,2026-02-12 13:50:00.697000+05:30,2026-02-12 15:04:00.095000+05:30,129.2,134.05,65,-315.25,67.26,-382.51,Flip,2026-02
20260212,PE,LONG,25900,2026-02-12 15:04:00.095000+05:30,2026-02-12 15:25:59.998000+05:30,134.05,145.4,65,737.75,69.29,668.46,EOD,2026-02
20260213,CE,LONG,25600,2026-02-13 11:08:00.998000+05:30,2026-02-13 12:07:00.054000+05:30,85.6,93.95,65,542.75,61.44,481.31,Flip,2026-02
20260213,CE,SHORT,25600,2026-02-13 12:07:00.054000+05:30,2026-02-13 13:02:00.455000+05:30,93.95,83.9,65,653.25,61.39,591.86,Flip,2026-02
20260213,CE,LONG,25600,2026-02-13 13:02:00.455000+05:30,2026-02-13 15:25:59.090000+05:30,83.9,70.05,65,-900.25,58.41,-958.66,EOD,2026-02
20260213,PE,LONG,25600,2026-02-13 12:27:01.042000+05:30,2026-02-13 13:03:00.350000+05:30,99.75,118.2,65,1199.25,64.88,1134.37,Flip,2026-02
20260213,PE,SHORT,25600,2026-02-13 13:03:00.350000+05:30,2026-02-13 15:25:59.981000+05:30,118.2,180.55,65,-4052.75,67.25,-4120.0,EOD,2026-02
20260216,CE,LONG,25450,2026-02-16 11:55:00.030000+05:30,2026-02-16 12:11:00.372000+05:30,118.45,148.25,65,1937.0,69.18,1867.82,Flip,2026-02
20260216,CE,SHORT,25450,2026-02-16 12:11:00.372000+05:30,2026-02-16 15:25:59.961000+05:30,148.25,269.7,65,-7894.25,73.62,-7967.87,EOD,2026-02
20260216,PE,LONG,25450,2026-02-16 10:03:00.019000+05:30,2026-02-16 13:57:00.941000+05:30,53.3,37.35,65,-1036.75,53.43,-1090.18,Flip,2026-02
20260217,CE,LONG,25600,2026-02-17 10:45:00.056000+05:30,2026-02-17 11:33:00.592000+05:30,81.95,117.2,65,2291.25,64.24,2227.01,Flip,2026-02
20260217,CE,SHORT,25600,2026-02-17 11:33:00.592000+05:30,2026-02-17 13:05:01.091000+05:30,117.2,122.65,65,-354.25,65.43,-419.68,Flip,2026-02
20260217,CE,LONG,25600,2026-02-17 13:05:01.091000+05:30,2026-02-17 15:25:58.834000+05:30,122.65,125.8,65,204.75,66.5,138.25,EOD,2026-02
20260218,CE,LONG,25700,2026-02-18 10:28:00.824000+05:30,2026-02-18 11:35:00.343000+05:30,126.0,151.8,65,1677.0,69.85,1607.15,Flip,2026-02
20260218,CE,SHORT,25700,2026-02-18 11:35:00.343000+05:30,2026-02-18 15:25:59.858000+05:30,151.8,209.2,65,-3731.0,72.29,-3803.29,EOD,2026-02
20260218,PE,LONG,25700,2026-02-18 11:11:00.518000+05:30,2026-02-18 15:25:59.858000+05:30,123.3,82.95,65,-2622.75,61.17,-2683.92,EOD,2026-02
20260219,CE,LONG,25850,2026-02-19 11:14:00.553000+05:30,2026-02-19 15:25:59.888000+05:30,75.1,29.6,65,-2957.5,53.1,-3010.6,EOD,2026-02
20260220,CE,LONG,25450,2026-02-20 12:47:01.134000+05:30,2026-02-20 14:18:00.848000+05:30,242.1,253.1,65,715.0,85.9,629.1,Flip,2026-02
20260220,CE,SHORT,25450,2026-02-20 14:18:00.848000+05:30,2026-02-20 15:08:00.057000+05:30,253.1,212.85,65,2616.25,85.05,2531.2,Flip,2026-02
20260220,CE,LONG,25450,2026-02-20 15:08:00.057000+05:30,2026-02-20 15:25:59.974000+05:30,212.85,204.8,65,-523.25,79.01,-602.26,EOD,2026-02
20260220,PE,LONG,25450,2026-02-20 10:41:00.414000+05:30,2026-02-20 12:45:00.757000+05:30,78.0,69.7,65,-539.5,58.19,-597.69,Flip,2026-02
20260220,PE,SHORT,25450,2026-02-20 12:45:00.757000+05:30,2026-02-20 14:17:00.683000+05:30,69.7,64.9,65,312.0,57.81,254.19,Flip,2026-02
20260220,PE,LONG,25450,2026-02-20 14:17:00.683000+05:30,2026-02-20 15:06:01.248000+05:30,64.9,76.3,65,741.0,58.63,682.37,Flip,2026-02
20260220,PE,SHORT,25450,2026-02-20 15:06:01.248000+05:30,2026-02-20 15:25:59.973000+05:30,76.3,78.9,65,-169.0,59.04,-228.04,EOD,2026-02
20260223,CE,LONG,25650,2026-02-23 10:41:01.478000+05:30,2026-02-23 14:30:00.185000+05:30,118.85,102.65,65,-1053.0,63.5,-1116.5,Flip,2026-02
20260223,CE,SHORT,25650,2026-02-23 14:30:00.185000+05:30,2026-02-23 15:25:59.763000+05:30,102.65,116.0,65,-867.75,63.42,-931.17,EOD,2026-02
20260223,PE,LONG,25650,2026-02-23 14:30:00.186000+05:30,2026-02-23 15:25:59.760000+05:30,76.6,64.05,65,-815.75,57.44,-873.19,EOD,2026-02
20260224,PE,LONG,25600,2026-02-24 11:13:00.364000+05:30,2026-02-24 12:00:00.657000+05:30,104.3,141.45,65,2414.75,67.92,2346.83,Flip,2026-02
20260224,PE,SHORT,25600,2026-02-24 12:00:00.657000+05:30,2026-02-24 14:12:01.471000+05:30,141.45,167.5,65,-1693.25,69.77,-1763.02,Flip,2026-02
20260224,PE,LONG,25600,2026-02-24 14:12:01.471000+05:30,2026-02-24 15:25:59.894000+05:30,167.5,174.5,65,455.0,73.9,381.1,EOD,2026-02
20260225,CE,LONG,25550,2026-02-25 11:14:00.654000+05:30,2026-02-25 14:20:00.407000+05:30,195.35,127.1,65,-4436.25,68.8,-4505.05,Flip,2026-02
20260225,CE,SHORT,25550,2026-02-25 14:20:00.407000+05:30,2026-02-25 15:25:59.648000+05:30,127.1,126.9,65,13.0,66.79,-53.79,EOD,2026-02
20260225,PE,SHORT,25550,2026-02-25 11:24:00.683000+05:30,2026-02-25 15:03:00.346000+05:30,100.95,158.4,65,-3734.25,64.45,-3798.7,Flip,2026-02
20260225,PE,LONG,25550,2026-02-25 15:03:00.346000+05:30,2026-02-25 15:25:59.647000+05:30,158.4,167.05,65,562.25,72.7,489.55,EOD,2026-02
20260226,CE,LONG,25550,2026-02-26 10:57:00.406000+05:30,2026-02-26 11:26:00.386000+05:30,112.2,141.3,65,1891.5,68.13,1823.37,Flip,2026-02
20260226,CE,SHORT,25550,2026-02-26 11:26:00.386000+05:30,2026-02-26 11:39:00.010000+05:30,141.3,111.6,65,1930.5,68.12,1862.38,Flip,2026-02
20260226,CE,LONG,25550,2026-02-26 11:39:00.010000+05:30,2026-02-26 14:37:00.948000+05:30,111.6,87.85,65,-1543.75,61.44,-1605.19,Flip,2026-02
20260226,CE,SHORT,25550,2026-02-26 14:37:00.948000+05:30,2026-02-26 15:25:59.740000+05:30,87.85,100.6,65,-828.75,61.12,-889.87,EOD,2026-02
20260226,PE,LONG,25550,2026-02-26 11:26:00.384000+05:30,2026-02-26 11:40:00.101000+05:30,103.8,134.85,65,2018.25,67.08,1951.17,Flip,2026-02
20260226,PE,SHORT,25550,2026-02-26 11:40:00.101000+05:30,2026-02-26 14:34:00.047000+05:30,134.85,162.75,65,-1813.5,68.81,-1882.31,Flip,2026-02
20260226,PE,LONG,25550,2026-02-26 14:34:00.047000+05:30,2026-02-26 15:25:59.740000+05:30,162.75,137.45,65,-1644.5,69.14,-1713.64,EOD,2026-02
20260227,CE,LONG,25400,2026-02-27 11:35:00.245000+05:30,2026-02-27 13:56:00.787000+05:30,63.6,77.4,65,897.0,58.73,838.27,Flip,2026-02
20260227,CE,SHORT,25400,2026-02-27 13:56:00.787000+05:30,2026-02-27 14:33:00.885000+05:30,77.4,56.85,65,1335.75,58.53,1277.22,Flip,2026-02
20260227,CE,LONG,25400,2026-02-27 14:33:00.885000+05:30,2026-02-27 15:25:59.219000+05:30,56.85,39.0,65,-1160.25,53.74,-1213.99,EOD,2026-02
20260227,PE,LONG,25400,2026-02-27 13:48:00.227000+05:30,2026-02-27 15:01:00.481000+05:30,141.75,194.95,65,3458.0,75.7,3382.3,Flip,2026-02
20260227,PE,SHORT,25400,2026-02-27 15:01:00.481000+05:30,2026-02-27 15:25:59.068000+05:30,194.95,227.45,65,-2112.5,78.21,-2190.71,EOD,2026-02
20260302,CE,LONG,24850,2026-03-02 10:37:00.577000+05:30,2026-03-02 14:04:00.749000+05:30,64.4,4.1,65,-3919.5,49.6,-3969.1,Flip,2026-03
20260302,PE,LONG,24850,2026-03-02 14:04:00.746000+05:30,2026-03-02 15:25:59.232000+05:30,180.0,0.05,65,-11696.75,52.48,-11749.23,EOD,2026-03
20260304,CE,LONG,24400,2026-03-04 11:30:00.483000+05:30,2026-03-04 13:01:00.747000+05:30,304.5,326.95,65,1459.25,96.95,1362.3,Flip,2026-03
20260304,CE,SHORT,24400,2026-03-04 13:01:00.747000+05:30,2026-03-04 15:07:00.028000+05:30,326.95,383.25,65,-3659.5,99.26,-3758.76,Flip,2026-03
20260304,CE,LONG,24400,2026-03-04 15:07:00.028000+05:30,2026-03-04 15:25:59.837000+05:30,383.25,357.7,65,-1660.75,103.1,-1763.85,EOD,2026-03
20260304,PE,LONG,24400,2026-03-04 10:15:00.684000+05:30,2026-03-04 11:31:00.381000+05:30,292.75,318.1,65,1647.75,95.5,1552.25,Flip,2026-03
20260304,PE,SHORT,24400,2026-03-04 11:31:00.381000+05:30,2026-03-04 13:08:00.167000+05:30,318.1,280.9,65,2418.0,95.16,2322.84,Flip,2026-03
20260304,PE,LONG,24400,2026-03-04 13:08:00.167000+05:30,2026-03-04 15:10:00.322000+05:30,280.9,283.0,65,136.5,90.77,45.73,Flip,2026-03
20260304,PE,SHORT,24400,2026-03-04 15:10:00.322000+05:30,2026-03-04 15:25:59.837000+05:30,283.0,284.7,65,-110.5,90.89,-201.39,EOD,2026-03
20260305,CE,LONG,24600,2026-03-05 10:27:00.876000+05:30,2026-03-05 10:43:00.191000+05:30,211.5,255.9,65,2886.0,85.36,2800.64,Flip,2026-03
20260305,CE,SHORT,24600,2026-03-05 10:43:00.191000+05:30,2026-03-05 11:37:01.089000+05:30,255.9,223.55,65,2102.75,85.71,2017.04,Flip,2026-03
20260305,CE,LONG,24600,2026-03-05 11:37:01.089000+05:30,2026-03-05 12:22:00.680000+05:30,223.55,244.1,65,1335.75,84.24,1251.51,Flip,2026-03
20260305,CE,SHORT,24600,2026-03-05 12:22:00.680000+05:30,2026-03-05 13:52:00.966000+05:30,244.1,219.6,65,1592.5,84.12,1508.38,Flip,2026-03
20260305,CE,LONG,24600,2026-03-05 13:52:00.966000+05:30,2026-03-05 14:37:00.202000+05:30,219.6,228.0,65,546.0,82.11,463.89,Flip,2026-03
20260305,CE,SHORT,24600,2026-03-05 14:37:00.202000+05:30,2026-03-05 15:25:59.736000+05:30,228.0,291.55,65,-4130.75,84.22,-4214.97,EOD,2026-03
20260305,PE,LONG,24600,2026-03-05 10:40:00.538000+05:30,2026-03-05 11:37:01.089000+05:30,214.75,228.1,65,867.75,81.98,785.77,Flip,2026-03
20260305,PE,SHORT,24600,2026-03-05 11:37:01.089000+05:30,2026-03-05 12:21:00.575000+05:30,228.1,210.9,65,1118.0,81.87,1036.13,Flip,2026-03
20260305,PE,LONG,24600,2026-03-05 12:21:00.575000+05:30,2026-03-05 13:42:00.932000+05:30,210.9,219.95,65,588.25,80.85,507.4,Flip,2026-03
20260305,PE,SHORT,24600,2026-03-05 13:42:00.932000+05:30,2026-03-05 14:29:00.284000+05:30,219.95,205.9,65,913.25,80.7,832.55,Flip,2026-03
20260305,PE,LONG,24600,2026-03-05 14:29:00.284000+05:30,2026-03-05 15:15:00.474000+05:30,205.9,172.7,65,-2158.0,74.8,-2232.8,Flip,2026-03
20260305,PE,SHORT,24600,2026-03-05 15:15:00.474000+05:30,2026-03-05 15:25:59.735000+05:30,172.7,169.15,65,230.75,73.72,157.03,EOD,2026-03
20260306,CE,LONG,24600,2026-03-06 10:49:00.253000+05:30,2026-03-06 13:38:00.358000+05:30,215.25,226.65,65,741.0,81.81,659.19,Flip,2026-03
20260306,CE,SHORT,24600,2026-03-06 13:38:00.358000+05:30,2026-03-06 14:43:00.606000+05:30,226.65,192.75,65,2203.5,81.15,2122.35,Flip,2026-03
20260306,CE,LONG,24600,2026-03-06 14:43:00.606000+05:30,2026-03-06 15:25:59.832000+05:30,192.75,151.55,65,-2678.0,71.78,-2749.78,EOD,2026-03
20260309,CE,LONG,23900,2026-03-09 10:26:00.985000+05:30,2026-03-09 10:52:01.071000+05:30,148.4,188.7,65,2619.5,75.11,2544.39,Flip,2026-03
20260309,CE,SHORT,23900,2026-03-09 10:52:01.071000+05:30,2026-03-09 15:25:59.522000+05:30,188.7,262.15,65,-4774.25,78.45,-4852.7,EOD,2026-03
20260309,PE,LONG,23900,2026-03-09 10:52:01.072000+05:30,2026-03-09 15:25:59.521000+05:30,201.6,141.8,65,-3887.0,70.82,-3957.82,EOD,2026-03
20260310,CE,LONG,24200,2026-03-10 11:57:00.396000+05:30,2026-03-10 12:55:00.496000+05:30,56.75,68.5,65,763.75,57.42,706.33,Flip,2026-03
20260310,CE,SHORT,24200,2026-03-10 12:55:00.496000+05:30,2026-03-10 14:42:00.529000+05:30,68.5,34.1,65,2236.0,56.75,2179.25,Flip,2026-03
20260310,PE,LONG,24200,2026-03-10 10:18:00.661000+05:30,2026-03-10 11:51:00.341000+05:30,73.85,58.45,65,-1001.0,56.66,-1057.66,Flip,2026-03
20260310,PE,SHORT,24200,2026-03-10 11:51:00.341000+05:30,2026-03-10 13:02:01.114000+05:30,58.45,33.45,65,1625.0,55.48,1569.52,Flip,2026-03
20260311,CE,LONG,24250,2026-03-11 10:43:00.007000+05:30,2026-03-11 13:31:00.416000+05:30,206.9,191.95,65,-971.75,77.24,-1048.99,Flip,2026-03
20260311,CE,SHORT,24250,2026-03-11 13:31:00.416000+05:30,2026-03-11 14:19:00.631000+05:30,191.95,161.35,65,1989.0,75.9,1913.1,Flip,2026-03
20260311,CE,LONG,24250,2026-03-11 14:19:00.631000+05:30,2026-03-11 15:25:59.049000+05:30,161.35,132.0,65,-1907.75,68.41,-1976.16,EOD,2026-03
20260311,PE,LONG,24250,2026-03-11 13:31:00.416000+05:30,2026-03-11 14:25:00.614000+05:30,415.65,484.0,65,4442.75,119.82,4322.93,Flip,2026-03
20260311,PE,SHORT,24250,2026-03-11 14:25:00.614000+05:30,2026-03-11 14:30:00.296000+05:30,484.0,421.2,65,4082.0,119.99,3962.01,Flip,2026-03
20260311,PE,LONG,24250,2026-03-11 14:30:00.296000+05:30,2026-03-11 15:25:59.212000+05:30,421.2,495.7,65,4842.5,121.45,4721.05,EOD,2026-03
20260312,CE,LONG,23600,2026-03-12 10:15:01.177000+05:30,2026-03-12 10:38:00.990000+05:30,298.75,357.0,65,3786.25,100.54,3685.71,Flip,2026-03
20260312,CE,SHORT,23600,2026-03-12 10:38:00.990000+05:30,2026-03-12 13:02:01.352000+05:30,357.0,311.75,65,2941.25,100.92,2840.33,Flip,2026-03
20260312,CE,LONG,23600,2026-03-12 13:02:01.352000+05:30,2026-03-12 13:25:00.538000+05:30,311.75,342.95,65,2028.0,99.16,1928.84,Flip,2026-03
20260312,CE,SHORT,23600,2026-03-12 13:25:00.538000+05:30,2026-03-12 14:09:00.508000+05:30,342.95,338.2,65,308.75,99.94,208.81,Flip,2026-03
20260312,CE,LONG,23600,2026-03-12 14:09:00.508000+05:30,2026-03-12 15:25:59.363000+05:30,338.2,283.0,65,-3588.0,92.45,-3680.45,EOD,2026-03
20260312,PE,LONG,23600,2026-03-12 10:35:00.327000+05:30,2026-03-12 11:22:00.527000+05:30,227.2,230.1,65,188.5,82.59,105.91,Flip,2026-03
20260312,PE,SHORT,23600,2026-03-12 11:22:00.527000+05:30,2026-03-12 12:23:00.257000+05:30,230.1,181.8,65,3139.5,81.26,3058.24,Flip,2026-03
20260312,PE,LONG,23600,2026-03-12 12:23:00.257000+05:30,2026-03-12 13:07:01.035000+05:30,181.8,213.65,65,2070.25,79.21,1991.04,Flip,2026-03
20260312,PE,SHORT,23600,2026-03-12 13:07:01.035000+05:30,2026-03-12 13:25:00.538000+05:30,213.65,175.1,65,2505.75,79.01,2426.74,Flip,2026-03
20260312,PE,LONG,23600,2026-03-12 13:25:00.538000+05:30,2026-03-12 14:00:00.076000+05:30,175.1,178.65,65,230.75,74.64,156.11,Flip,2026-03
20260312,PE,SHORT,23600,2026-03-12 14:00:00.076000+05:30,2026-03-12 15:25:59.806000+05:30,178.65,222.5,65,-2850.25,76.03,-2926.28,EOD,2026-03
20260313,CE,LONG,23450,2026-03-13 09:56:01.240000+05:30,2026-03-13 11:33:01.464000+05:30,205.05,216.7,65,757.25,80.27,676.98,Flip,2026-03
20260313,CE,SHORT,23450,2026-03-13 11:33:01.464000+05:30,2026-03-13 12:02:00.055000+05:30,216.7,189.2,65,1787.5,79.81,1707.69,Flip,2026-03
20260313,CE,LONG,23450,2026-03-13 12:02:00.055000+05:30,2026-03-13 14:20:00.354000+05:30,189.2,153.0,65,-2353.0,71.85,-2424.85,Flip,2026-03
20260313,CE,SHORT,23450,2026-03-13 14:20:00.354000+05:30,2026-03-13 15:04:00.293000+05:30,153.0,122.75,65,1966.25,69.9,1896.35,Flip,2026-03
20260313,CE,LONG,23450,2026-03-13 15:04:00.293000+05:30,2026-03-13 15:25:59.803000+05:30,122.75,128.3,65,360.75,66.82,293.93,EOD,2026-03
20260313,PE,LONG,23450,2026-03-13 11:34:00.098000+05:30,2026-03-13 12:09:00.345000+05:30,253.85,288.9,65,2278.25,90.72,2187.53,Flip,2026-03
20260313,PE,SHORT,23450,2026-03-13 12:09:00.345000+05:30,2026-03-13 14:15:00.078000+05:30,288.9,385.6,65,-6285.5,94.58,-6380.08,Flip,2026-03
20260313,PE,LONG,23450,2026-03-13 14:15:00.078000+05:30,2026-03-13 14:56:01.629000+05:30,385.6,419.25,65,2187.25,110.86,2076.39,Flip,2026-03
20260313,PE,SHORT,23450,2026-03-13 14:56:01.629000+05:30,2026-03-13 15:25:59.804000+05:30,419.25,410.8,65,549.25,111.6,437.65,EOD,2026-03
20260316,CE,LONG,23150,2026-03-16 10:17:00.877000+05:30,2026-03-16 11:11:00.841000+05:30,175.0,147.35,65,-1797.25,70.73,-1867.98,Flip,2026-03
20260316,CE,SHORT,23150,2026-03-16 11:11:00.841000+05:30,2026-03-16 12:49:00.127000+05:30,147.35,150.05,65,-175.5,70.0,-245.5,Flip,2026-03
20260316,CE,LONG,23150,2026-03-16 12:49:00.127000+05:30,2026-03-16 14:19:00.733000+05:30,150.05,196.3,65,3006.25,76.11,2930.14,Flip,2026-03
20260316,CE,SHORT,23150,2026-03-16 14:19:00.733000+05:30,2026-03-16 15:25:59.424000+05:30,196.3,274.5,65,-5083.0,79.76,-5162.76,EOD,2026-03
20260316,PE,LONG,23150,2026-03-16 11:10:00.921000+05:30,2026-03-16 12:49:00.126000+05:30,200.8,190.15,65,-692.25,76.83,-769.08,Flip,2026-03
20260316,PE,SHORT,23150,2026-03-16 12:49:00.126000+05:30,2026-03-16 14:12:00.339000+05:30,190.15,146.6,65,2830.75,75.24,2755.51,Flip,2026-03
20260316,PE,LONG,23150,2026-03-16 14:12:00.339000+05:30,2026-03-16 15:25:59.424000+05:30,146.6,80.45,65,-4299.75,61.54,-4361.29,EOD,2026-03
20260317,CE,LONG,23400,2026-03-17 10:34:00.315000+05:30,2026-03-17 12:46:00.277000+05:30,108.95,94.45,65,-942.5,62.19,-1004.69,Flip,2026-03
20260317,CE,SHORT,23400,2026-03-17 12:46:00.277000+05:30,2026-03-17 15:25:59.245000+05:30,94.45,180.95,65,-5622.5,64.3,-5686.8,EOD,2026-03
20260318,CE,LONG,23650,2026-03-18 14:34:00.847000+05:30,2026-03-18 15:25:59.442000+05:30,301.05,273.55,65,-1787.5,90.19,-1877.69,EOD,2026-03
20260318,PE,LONG,23650,2026-03-18 10:25:00.091000+05:30,2026-03-18 14:34:00.847000+05:30,189.95,158.0,65,-2076.75,72.5,-2149.25,Flip,2026-03
20260318,PE,SHORT,23650,2026-03-18 14:34:00.847000+05:30,2026-03-18 15:25:59.442000+05:30,158.0,172.7,65,-955.5,71.99,-1027.49,EOD,2026-03
20260320,CE,LONG,23250,2026-03-20 11:54:00.655000+05:30,2026-03-20 12:46:00.635000+05:30,236.35,229.9,65,-419.25,82.84,-502.09,Flip,2026-03
20260320,CE,SHORT,23250,2026-03-20 12:46:00.635000+05:30,2026-03-20 14:23:00.016000+05:30,229.9,202.65,65,1771.25,81.85,1689.4,Flip,2026-03
20260320,CE,LONG,23250,2026-03-20 14:23:00.016000+05:30,2026-03-20 15:04:00.165000+05:30,202.65,197.0,65,-367.25,77.74,-444.99,Flip,2026-03
20260320,CE,SHORT,23250,2026-03-20 15:04:00.165000+05:30,2026-03-20 15:25:59.462000+05:30,197.0,175.7,65,1384.5,76.95,1307.55,EOD,2026-03
20260320,PE,LONG,23250,2026-03-20 10:47:00.251000+05:30,2026-03-20 11:51:00.766000+05:30,208.1,231.45,65,1517.75,82.2,1435.55,Flip,2026-03
20260320,PE,SHORT,23250,2026-03-20 11:51:00.766000+05:30,2026-03-20 12:54:00.662000+05:30,231.45,247.9,65,-1069.25,83.37,-1152.62,Flip,2026-03
20260320,PE,LONG,23250,2026-03-20 12:54:00.662000+05:30,2026-03-20 13:52:01.244000+05:30,247.9,269.1,65,1378.0,88.07,1289.93,Flip,2026-03
20260320,PE,SHORT,23250,2026-03-20 13:52:01.244000+05:30,2026-03-20 15:04:00.350000+05:30,269.1,278.1,65,-585.0,88.96,-673.96,Flip,2026-03
20260320,PE,LONG,23250,2026-03-20 15:04:00.350000+05:30,2026-03-20 15:25:59.464000+05:30,278.1,301.05,65,1491.75,92.95,1398.8,EOD,2026-03
20260323,CE,LONG,22700,2026-03-23 10:16:00.575000+05:30,2026-03-23 13:45:00.413000+05:30,167.0,162.45,65,-295.75,72.38,-368.13,Flip,2026-03
20260323,CE,SHORT,22700,2026-03-23 13:45:00.413000+05:30,2026-03-23 14:32:00.141000+05:30,162.45,137.2,65,1641.25,71.51,1569.74,Flip,2026-03
20260323,CE,LONG,22700,2026-03-23 14:32:00.141000+05:30,2026-03-23 15:25:59.739000+05:30,137.2,110.4,65,-1742.0,65.01,-1807.01,EOD,2026-03
20260323,PE,LONG,22700,2026-03-23 13:45:00.414000+05:30,2026-03-23 14:34:00.317000+05:30,288.85,312.75,65,1553.5,94.72,1458.78,Flip,2026-03
20260323,PE,SHORT,22700,2026-03-23 14:34:00.317000+05:30,2026-03-23 15:25:59.739000+05:30,312.75,314.1,65,-87.75,95.46,-183.21,EOD,2026-03
20260324,CE,LONG,22800,2026-03-24 10:09:00.069000+05:30,2026-03-24 11:35:00.948000+05:30,52.2,56.75,65,295.75,55.82,239.93,Flip,2026-03
20260324,CE,SHORT,22800,2026-03-24 11:35:00.948000+05:30,2026-03-24 14:22:00.626000+05:30,56.75,126.05,65,-4504.5,57.98,-4562.48,Flip,2026-03
20260324,CE,LONG,22800,2026-03-24 14:22:00.626000+05:30,2026-03-24 15:25:59.457000+05:30,126.05,113.15,65,-838.5,65.02,-903.52,EOD,2026-03
20260324,PE,LONG,22800,2026-03-24 11:21:01.440000+05:30,2026-03-24 13:50:00.610000+05:30,118.9,15.45,65,-6724.25,52.62,-6776.87,Flip,2026-03
20260325,CE,LONG,23200,2026-03-25 11:39:01.407000+05:30,2026-03-25 12:15:01.049000+05:30,378.65,441.3,65,4072.25,113.41,3958.84,Flip,2026-03
20260325,CE,SHORT,23200,2026-03-25 12:15:01.049000+05:30,2026-03-25 12:55:00.091000+05:30,441.3,396.9,65,2886.0,113.94,2772.06,Flip,2026-03
20260325,CE,LONG,23200,2026-03-25 12:55:00.091000+05:30,2026-03-25 13:52:01.215000+05:30,396.9,438.6,65,2710.5,113.61,2596.89,Flip,2026-03
20260325,CE,SHORT,23200,2026-03-25 13:52:01.215000+05:30,2026-03-25 14:19:00.228000+05:30,438.6,383.75,65,3565.25,113.22,3452.03,Flip,2026-03
20260325,CE,LONG,23200,2026-03-25 14:19:00.228000+05:30,2026-03-25 15:25:58.836000+05:30,383.75,327.4,65,-3662.75,99.33,-3762.08,EOD,2026-03
20260325,PE,LONG,23200,2026-03-25 10:12:01.148000+05:30,2026-03-25 11:39:01.204000+05:30,248.0,234.7,65,-864.5,83.78,-948.28,Flip,2026-03
20260325,PE,SHORT,23200,2026-03-25 11:39:01.204000+05:30,2026-03-25 12:14:01.074000+05:30,234.7,204.0,65,1995.5,82.49,1913.01,Flip,2026-03
20260325,PE,LONG,23200,2026-03-25 12:14:01.074000+05:30,2026-03-25 12:58:00.127000+05:30,204.0,215.3,65,734.5,80.07,654.43,Flip,2026-03
20260325,PE,SHORT,23200,2026-03-25 12:58:00.127000+05:30,2026-03-25 13:37:01.191000+05:30,215.3,190.35,65,1621.75,79.67,1542.08,Flip,2026-03
20260325,PE,LONG,23200,2026-03-25 13:37:01.191000+05:30,2026-03-25 14:22:00.177000+05:30,190.35,205.9,65,1010.75,78.49,932.26,Flip,2026-03
20260325,PE,SHORT,23200,2026-03-25 14:22:00.177000+05:30,2026-03-25 15:25:58.836000+05:30,205.9,238.45,65,-2115.75,79.9,-2195.65,EOD,2026-03
20260327,CE,LONG,23050,2026-03-27 10:20:00.239000+05:30,2026-03-27 13:18:00.950000+05:30,209.25,196.45,65,-832.0,77.87,-909.87,Flip,2026-03
20260327,CE,SHORT,23050,2026-03-27 13:18:00.950000+05:30,2026-03-27 14:06:00.040000+05:30,196.45,152.75,65,2840.5,76.21,2764.29,Flip,2026-03
20260327,CE,LONG,23050,2026-03-27 14:06:00.040000+05:30,2026-03-27 15:25:59.287000+05:30,152.75,107.95,65,-2912.0,65.16,-2977.16,EOD,2026-03
20260327,PE,LONG,23050,2026-03-27 13:18:00.951000+05:30,2026-03-27 14:11:00.067000+05:30,251.55,304.55,65,3445.0,92.6,3352.4,Flip,2026-03
20260327,PE,SHORT,23050,2026-03-27 14:11:00.067000+05:30,2026-03-27 15:25:59.504000+05:30,304.55,344.05,65,-2567.5,95.32,-2662.82,EOD,2026-03
20260330,CE,LONG,22500,2026-03-30 10:23:00.488000+05:30,2026-03-30 11:38:00.804000+05:30,124.35,99.75,65,-1599.0,63.3,-1662.3,Flip,2026-03
20260330,CE,SHORT,22500,2026-03-30 11:38:00.804000+05:30,2026-03-30 11:47:00.970000+05:30,99.75,58.2,65,2700.75,61.36,2639.39,Flip,2026-03
20260330,CE,LONG,22500,2026-03-30 11:47:00.970000+05:30,2026-03-30 12:03:01.079000+05:30,58.2,93.75,65,2310.75,60.61,2250.14,Flip,2026-03
20260330,CE,SHORT,22500,2026-03-30 12:03:01.079000+05:30,2026-03-30 13:26:00.038000+05:30,93.75,48.8,65,2921.75,60.34,2861.41,Flip,2026-03
20260330,PE,LONG,22500,2026-03-30 12:03:01.079000+05:30,2026-03-30 13:27:00.138000+05:30,63.95,85.75,65,1417.0,59.78,1357.22,Flip,2026-03
20260330,PE,SHORT,22500,2026-03-30 13:27:00.138000+05:30,2026-03-30 15:25:59.774000+05:30,85.75,169.2,65,-5424.25,62.87,-5487.12,EOD,2026-03
20260401,CE,LONG,22850,2026-04-01 10:25:00.795000+05:30,2026-04-01 11:42:00.522000+05:30,311.9,305.5,65,-416.0,94.49,-510.49,Flip,2026-04
20260401,CE,SHORT,22850,2026-04-01 11:42:00.522000+05:30,2026-04-01 11:51:00.521000+05:30,305.5,274.7,65,2002.0,93.4,1908.6,Flip,2026-04
20260401,CE,LONG,22850,2026-04-01 11:51:00.521000+05:30,2026-04-01 12:04:00.945000+05:30,274.7,317.75,65,2798.25,94.93,2703.32,Flip,2026-04
20260401,CE,SHORT,22850,2026-04-01 12:04:00.945000+05:30,2026-04-01 13:22:00.252000+05:30,317.75,300.25,65,1137.5,95.68,1041.82,Flip,2026-04
20260401,CE,LONG,22850,2026-04-01 13:22:00.252000+05:30,2026-04-01 15:25:59.949000+05:30,300.25,245.45,65,-3562.0,86.65,-3648.65,EOD,2026-04
20260401,PE,LONG,22850,2026-04-01 09:51:01.061000+05:30,2026-04-01 10:24:00.013000+05:30,273.0,299.3,65,1709.5,92.58,1616.92,Flip,2026-04
20260401,PE,SHORT,22850,2026-04-01 10:24:00.013000+05:30,2026-04-01 11:32:00.392000+05:30,299.3,311.1,65,-767.0,93.7,-860.7,Flip,2026-04
20260401,PE,LONG,22850,2026-04-01 11:32:00.392000+05:30,2026-04-01 13:23:00.115000+05:30,311.1,287.6,65,-1527.5,92.23,-1619.73,Flip,2026-04
20260401,PE,SHORT,22850,2026-04-01 13:23:00.115000+05:30,2026-04-01 15:25:59.951000+05:30,287.6,372.0,65,-5486.0,94.02,-5580.02,EOD,2026-04
20260402,CE,LONG,22200,2026-04-02 11:25:00.605000+05:30,2026-04-02 11:58:00.143000+05:30,300.2,341.45,65,2681.25,98.64,2582.61,Flip,2026-04
20260402,CE,SHORT,22200,2026-04-02 11:58:00.143000+05:30,2026-04-02 15:25:59.638000+05:30,341.45,580.0,65,-15505.75,106.84,-15612.59,EOD,2026-04
20260402,PE,LONG,22200,2026-04-02 11:58:00.141000+05:30,2026-04-02 15:25:59.449000+05:30,256.95,121.55,65,-8801.0,69.91,-8870.91,EOD,2026-04
20260406,CE,LONG,22700,2026-04-06 10:00:00.154000+05:30,2026-04-06 11:48:00.148000+05:30,151.35,178.95,65,1794.0,73.98,1720.02,Flip,2026-04
20260406,CE,SHORT,22700,2026-04-06 11:48:00.148000+05:30,2026-04-06 15:25:59.829000+05:30,178.95,360.75,65,-11817.0,80.12,-11897.12,EOD,2026-04
20260406,PE,LONG,22700,2026-04-06 11:48:00.148000+05:30,2026-04-06 15:25:59.632000+05:30,219.95,92.3,65,-8297.25,65.17,-8362.42,EOD,2026-04
20260407,CE,LONG,22750,2026-04-07 10:58:00.101000+05:30,2026-04-07 11:39:00.687000+05:30,148.8,225.55,65,4988.75,79.73,4909.02,Flip,2026-04
20260407,CE,SHORT,22750,2026-04-07 11:39:00.687000+05:30,2026-04-07 15:25:59.450000+05:30,225.55,373.3,65,-9603.75,86.31,-9690.06,EOD,2026-04
20260408,CE,LONG,23850,2026-04-08 10:16:00.204000+05:30,2026-04-08 10:55:00.452000+05:30,244.15,292.8,65,3162.25,90.92,3071.33,Flip,2026-04
20260408,CE,SHORT,23850,2026-04-08 10:55:00.452000+05:30,2026-04-08 12:31:00.353000+05:30,292.8,269.0,65,1547.0,91.65,1455.35,Flip,2026-04
20260408,CE,LONG,23850,2026-04-08 12:31:00.353000+05:30,2026-04-08 12:56:00.381000+05:30,269.0,286.85,65,1160.25,90.91,1069.34,Flip,2026-04
20260408,CE,SHORT,23850,2026-04-08 12:56:00.381000+05:30,2026-04-08 15:25:59.208000+05:30,286.85,306.65,65,-1287.0,92.01,-1379.01,EOD,2026-04
20260408,PE,LONG,23850,2026-04-08 10:45:00.760000+05:30,2026-04-08 11:56:00.509000+05:30,178.55,172.9,65,-367.25,74.03,-441.28,Flip,2026-04
20260408,PE,SHORT,23850,2026-04-08 11:56:00.509000+05:30,2026-04-08 12:56:00.373000+05:30,172.9,156.95,65,1036.75,73.39,963.36,Flip,2026-04
20260408,PE,LONG,23850,2026-04-08 12:56:00.373000+05:30,2026-04-08 15:25:59.025000+05:30,156.95,145.75,65,-728.0,70.0,-798.0,EOD,2026-04
20260409,CE,LONG,23850,2026-04-09 09:48:00.093000+05:30,2026-04-09 11:56:00.210000+05:30,206.1,233.1,65,1755.0,82.35,1672.65,Flip,2026-04
20260409,CE,SHORT,23850,2026-04-09 11:56:00.210000+05:30,2026-04-09 12:47:00.476000+05:30,233.1,194.9,65,2483.0,82.02,2400.98,Flip,2026-04
20260409,CE,LONG,23850,2026-04-09 12:47:00.476000+05:30,2026-04-09 15:03:00.218000+05:30,194.9,170.15,65,-1608.75,74.16,-1682.91,Flip,2026-04
20260409,CE,SHORT,23850,2026-04-09 15:03:00.218000+05:30,2026-04-09 15:25:59.851000+05:30,170.15,175.2,65,-328.25,73.58,-401.83,EOD,2026-04
20260409,PE,LONG,23850,2026-04-09 11:42:01.027000+05:30,2026-04-09 12:47:00.476000+05:30,184.95,204.35,65,1261.0,78.14,1182.86,Flip,2026-04
20260409,PE,SHORT,23850,2026-04-09 12:47:00.476000+05:30,2026-04-09 15:03:00.218000+05:30,204.35,217.05,65,-825.5,79.08,-904.58,Flip,2026-04
20260409,PE,LONG,23850,2026-04-09 15:03:00.218000+05:30,2026-04-09 15:25:59.853000+05:30,217.05,213.0,65,-263.25,80.16,-343.41,EOD,2026-04
20260410,CE,LONG,23900,2026-04-10 11:48:00.749000+05:30,2026-04-10 12:25:00.730000+05:30,187.9,222.75,65,2265.25,80.52,2184.73,Flip,2026-04
20260410,CE,SHORT,23900,2026-04-10 12:25:00.730000+05:30,2026-04-10 14:16:00.588000+05:30,222.75,183.85,65,2528.5,80.41,2448.09,Flip,2026-04
20260410,CE,LONG,23900,2026-04-10 14:16:00.588000+05:30,2026-04-10 15:05:01.099000+05:30,183.85,223.45,65,2574.0,80.49,2493.51,Flip,2026-04
20260410,CE,SHORT,23900,2026-04-10 15:05:01.099000+05:30,2026-04-10 15:25:59.911000+05:30,223.45,238.6,65,-984.75,82.1,-1066.85,EOD,2026-04
20260410,PE,LONG,23900,2026-04-10 10:17:01.249000+05:30,2026-04-10 14:16:00.588000+05:30,106.7,109.0,65,149.5,63.94,85.56,Flip,2026-04
20260410,PE,SHORT,23900,2026-04-10 14:16:00.588000+05:30,2026-04-10 15:08:00.467000+05:30,109.0,79.45,65,1920.75,63.14,1857.61,Flip,2026-04
20260410,PE,LONG,23900,2026-04-10 15:08:00.467000+05:30,2026-04-10 15:25:58.758000+05:30,79.45,84.15,65,305.5,60.04,245.46,EOD,2026-04
