date,entry_tf,tf_trigger,side,lots,lot_size,entry_time,exit_time,entry_px,exit_px,gross_pnl,charges,net_pnl,exit_reason,cum_pnl
20251110,3m,3m-flip,LONG,1,75,10:28,11:58,25709.6,25717.0,555.0,214.67,340.33,3m-flip,340.33
20251110,5m,3m-flip,LONG,1,75,11:21,11:58,25732.2,25717.0,-1140.0,214.75,-1354.75,3m-flip,-1014.4200000000001
20251110,3m,3m-flip,SHORT,1,75,11:58,12:46,25717.0,25742.7,-1927.5,620.02,-2547.52,3m-flip,-3561.94
20251110,3m,3m-flip,LONG,1,75,12:46,13:16,25742.7,25725.0,-1327.5,214.8,-1542.3,3m-flip,-5104.24
20251110,3m,3m-flip,SHORT,1,75,13:16,14:19,25725.0,25722.9,157.5,619.89,-462.39,3m-flip,-5566.63
20251110,5m,3m-flip,SHORT,1,75,13:46,14:19,25695.0,25722.9,-2092.5,619.55,-2712.05,3m-flip,-8278.68
20251110,3m,3m-flip,LONG,1,75,14:19,15:04,25722.9,25698.1,-1860.0,214.66,-2074.66,3m-flip,-10353.34
20251110,5m,3m-flip,LONG,1,75,14:26,15:04,25732.7,25698.1,-2595.0,214.69,-2809.69,3m-flip,-13163.03
20251110,3m,EOD,SHORT,1,75,15:04,15:24,25698.1,25692.7,405.0,416.93,-11.93,EOD,-13174.960000000001
20251110,5m,EOD,SHORT,1,75,15:11,15:24,25694.3,25692.7,120.0,416.89,-296.89,EOD,-13471.85
20251111,3m,EOD,LONG,1,75,11:49,15:24,25619.0,25818.7,14977.5,418.03,14559.47,EOD,1087.619999999999
20251111,5m,EOD,LONG,1,75,11:56,15:24,25648.0,25818.7,12802.5,418.12,12384.38,EOD,13471.999999999998
20251111,10m,EOD,LONG,1,75,12:31,15:24,25683.0,25818.7,10177.5,418.24,9759.26,EOD,23231.26
20251111,30m,EOD,LONG,1,75,14:31,15:24,25808.0,25818.7,802.5,418.64,383.86,EOD,23615.12
20251112,3m,3m-flip,LONG,1,75,10:40,13:34,25965.0,25992.3,2047.5,216.4,1831.1,3m-flip,25446.219999999998
20251112,5m,3m-flip,LONG,1,75,10:46,13:34,25968.3,25992.3,1800.0,216.41,1583.59,3m-flip,27029.809999999998
20251112,10m,3m-flip,LONG,1,75,11:41,13:34,25977.4,25992.3,1117.5,216.44,901.06,3m-flip,27930.87
20251112,3m,EOD,SHORT,1,75,13:34,15:24,25992.3,25975.6,1252.5,421.12,831.38,EOD,28762.25
20251112,5m,EOD,SHORT,1,75,14:11,15:24,25988.8,25975.6,990.0,421.08,568.92,EOD,29331.17
20251113,3m,3m-flip,LONG,1,75,10:40,12:37,26009.4,26033.0,1770.0,216.68,1553.32,3m-flip,30884.489999999998
20251113,5m,3m-flip,LONG,1,75,10:51,12:37,26035.0,26033.0,-150.0,216.76,-366.76,3m-flip,30517.73
20251113,10m,3m-flip,LONG,1,75,11:11,12:37,26057.3,26033.0,-1822.5,216.84,-2039.34,3m-flip,28478.39
20251113,3m,3m-flip,SHORT,1,75,12:37,13:04,26033.0,26060.0,-2025.0,627.08,-2652.08,3m-flip,25826.309999999998
20251113,5m,3m-flip,SHORT,1,75,12:41,13:04,26031.3,26060.0,-2152.5,627.06,-2779.56,3m-flip,23046.749999999996
20251113,3m,3m-flip,LONG,1,75,13:04,13:55,26060.0,26051.0,-675.0,216.9,-891.9,3m-flip,22154.849999999995
20251113,5m,3m-flip,LONG,1,75,13:26,13:55,26058.6,26051.0,-570.0,216.9,-786.9,3m-flip,21367.949999999993
20251113,3m,EOD,SHORT,1,75,13:55,15:24,26051.0,25956.4,7095.0,421.72,6673.28,EOD,28041.229999999992
20251113,5m,EOD,SHORT,1,75,13:56,15:24,26058.5,25956.4,7657.5,421.8,7235.7,EOD,35276.92999999999
20251113,10m,EOD,SHORT,1,75,14:01,15:24,25985.0,25956.4,2145.0,420.98,1724.02,EOD,37000.94999999999
20251114,3m,3m-flip,LONG,1,75,10:58,11:34,25949.0,25882.2,-5010.0,215.99,-5225.99,3m-flip,31774.959999999992
20251114,3m,3m-flip,SHORT,1,75,11:34,12:22,25882.2,25921.9,-2977.5,623.86,-3601.36,3m-flip,28173.59999999999
20251114,5m,3m-flip,SHORT,1,75,11:46,12:22,25897.1,25921.9,-1860.0,624.02,-2484.02,3m-flip,25689.57999999999
20251114,3m,3m-flip,LONG,1,75,12:22,12:58,25921.9,25893.0,-2167.5,215.93,-2383.43,3m-flip,23306.14999999999
20251114,3m,3m-flip,SHORT,1,75,12:58,13:31,25893.0,25909.4,-1230.0,623.84,-1853.84,3m-flip,21452.30999999999
20251114,3m,3m-flip,LONG,1,75,13:31,13:43,25909.4,25859.0,-3780.0,215.78,-3995.78,3m-flip,17456.52999999999
20251114,3m,3m-flip,SHORT,1,75,13:43,14:34,25859.0,25880.7,-1627.5,623.14,-2250.64,3m-flip,15205.889999999992
20251114,3m,EOD,LONG,1,75,14:34,15:24,25880.7,25974.9,7065.0,420.62,6644.38,EOD,21850.269999999993
20251114,5m,EOD,LONG,1,75,15:06,15:24,25950.0,25974.9,1867.5,420.85,1446.65,EOD,23296.919999999995
20251114,10m,EOD,LONG,1,75,15:11,15:24,25974.4,25974.9,37.5,420.93,-383.43,EOD,22913.489999999994
20251117,3m,3m-flip,LONG,1,75,11:55,14:22,26028.0,26058.8,2310.0,216.82,2093.18,3m-flip,25006.669999999995
20251117,5m,3m-flip,LONG,1,75,12:01,14:22,26043.7,26058.8,1132.5,216.87,915.63,3m-flip,25922.299999999996
20251117,10m,3m-flip,LONG,1,75,12:51,14:22,26053.7,26058.8,382.5,216.9,165.6,3m-flip,26087.899999999994
20251117,3m,EOD,SHORT,1,75,14:22,15:24,26058.8,26057.1,127.5,422.12,-294.62,EOD,25793.279999999995
20251117,5m,EOD,SHORT,1,75,14:46,15:24,26043.7,26057.1,-1005.0,421.96,-1426.96,EOD,24366.319999999996
20251118,3m,3m-flip,LONG,1,75,10:58,11:31,25961.5,25956.4,-382.5,216.27,-598.77,3m-flip,23767.549999999996
20251118,5m,3m-flip,LONG,1,75,11:21,11:31,25979.0,25956.4,-1695.0,216.33,-1911.33,3m-flip,21856.219999999994
20251118,3m,3m-flip,SHORT,1,75,11:31,11:49,25956.4,26001.9,-3412.5,625.57,-4038.07,3m-flip,17818.149999999994
20251118,3m,3m-flip,LONG,1,75,11:49,12:28,26001.9,25972.7,-2190.0,216.46,-2406.46,3m-flip,15411.689999999995
20251118,10m,3m-flip,LONG,1,75,11:51,12:28,26000.0,25972.7,-2047.5,216.45,-2263.95,3m-flip,13147.739999999994
20251118,3m,3m-flip,SHORT,1,75,12:28,13:07,25972.7,25996.0,-1747.5,625.69,-2373.19,3m-flip,10774.549999999994
20251118,5m,3m-flip,SHORT,1,75,12:46,13:07,25970.8,25996.0,-1890.0,625.66,-2515.66,3m-flip,8258.889999999994
20251118,3m,3m-flip,LONG,1,75,13:07,14:34,25996.0,25991.8,-315.0,216.5,-531.5,3m-flip,7727.389999999994
20251118,5m,3m-flip,LONG,1,75,13:21,14:34,26005.9,25991.8,-1057.5,216.53,-1274.03,3m-flip,6453.359999999994
20251118,3m,EOD,SHORT,1,75,14:34,15:24,25991.8,25945.0,3510.0,421.02,3088.98,EOD,9542.339999999995
20251118,5m,EOD,SHORT,1,75,14:46,15:24,25999.9,25945.0,4117.5,421.11,3696.39,EOD,13238.729999999994
20251118,10m,EOD,SHORT,1,75,15:11,15:24,25949.0,25945.0,300.0,420.54,-120.54,EOD,13118.189999999993
20251119,3m,3m-flip,LONG,1,75,10:16,11:10,25984.4,25956.0,-2130.0,216.35,-2346.35,3m-flip,10771.839999999993
20251119,3m,3m-flip,SHORT,1,75,11:10,11:28,25956.0,25967.9,-892.5,625.19,-1517.69,3m-flip,9254.149999999992
20251119,3m,3m-flip,LONG,1,75,11:28,13:37,25967.9,26029.1,4590.0,216.52,4373.48,3m-flip,13627.629999999992
20251119,5m,3m-flip,LONG,1,75,11:46,13:37,26005.1,26029.1,1800.0,216.65,1583.35,3m-flip,15210.979999999992
20251119,10m,3m-flip,LONG,1,75,12:21,13:37,26035.5,26029.1,-480.0,216.74,-696.74,3m-flip,14514.239999999993
20251119,3m,3m-flip,SHORT,1,75,13:37,14:07,26029.1,26055.0,-1942.5,626.97,-2569.47,3m-flip,11944.769999999993
20251119,3m,EOD,LONG,1,75,14:07,15:24,26055.0,26064.0,675.0,422.18,252.82,EOD,12197.589999999993
20251120,3m,3m-flip,LONG,1,75,10:40,14:31,26142.0,26238.9,7267.5,217.78,7049.72,3m-flip,19247.309999999994
20251120,5m,3m-flip,LONG,1,75,10:46,14:31,26153.9,26238.9,6375.0,217.82,6157.18,3m-flip,25404.489999999994
20251120,10m,3m-flip,LONG,1,75,10:51,14:31,26168.0,26238.9,5317.5,217.87,5099.63,3m-flip,30504.119999999995
20251120,30m,3m-flip,LONG,1,75,13:31,14:31,26221.9,26238.9,1275.0,218.04,1056.96,3m-flip,31561.079999999994
20251120,3m,EOD,SHORT,1,75,14:31,15:24,26238.9,26230.0,667.5,424.7,242.8,EOD,31803.879999999994
20251120,10m,EOD,SHORT,1,75,15:11,15:24,26212.9,26230.0,-1282.5,424.41,-1706.91,EOD,30096.969999999994
20251121,3m,3m-flip,LONG,1,75,11:16,13:13,26120.3,26155.3,2625.0,217.43,2407.57,3m-flip,32504.539999999994
20251121,5m,3m-flip,LONG,1,75,12:16,13:13,26138.0,26155.3,1297.5,217.49,1080.01,3m-flip,33584.549999999996
20251121,10m,3m-flip,LONG,1,75,12:21,13:13,26152.6,26155.3,202.5,217.54,-15.04,3m-flip,33569.509999999995
20251121,3m,3m-flip,SHORT,1,75,13:13,13:58,26155.3,26145.6,727.5,629.39,98.11,3m-flip,33667.619999999995
20251121,5m,3m-flip,SHORT,1,75,13:16,13:58,26145.0,26145.6,-45.0,629.27,-674.27,3m-flip,32993.35
20251121,10m,3m-flip,SHORT,1,75,13:21,13:58,26129.0,26145.6,-1245.0,629.09,-1874.09,3m-flip,31119.26
20251121,3m,3m-flip,LONG,1,75,13:58,14:46,26145.6,26134.5,-832.5,217.45,-1049.95,3m-flip,30069.309999999998
20251121,5m,3m-flip,LONG,1,75,14:11,14:46,26158.9,26134.5,-1830.0,217.5,-2047.5,3m-flip,28021.809999999998
20251121,3m,EOD,SHORT,1,75,14:46,15:24,26134.5,26068.7,4935.0,423.01,4511.99,EOD,32533.799999999996
20251121,5m,EOD,SHORT,1,75,14:51,15:24,26114.0,26068.7,3397.5,422.78,2974.72,EOD,35508.52
20251124,3m,3m-flip,LONG,1,75,10:10,11:04,26141.9,26115.0,-2017.5,217.37,-2234.87,3m-flip,33273.649999999994
20251124,5m,3m-flip,LONG,1,75,10:41,11:04,26152.8,26115.0,-2835.0,217.41,-3052.41,3m-flip,30221.239999999994
20251124,10m,3m-flip,LONG,1,75,10:51,11:04,26150.0,26115.0,-2625.0,217.4,-2842.4,3m-flip,27378.839999999993
20251124,3m,3m-flip,SHORT,1,75,11:04,11:31,26115.0,26145.0,-2250.0,628.93,-2878.93,3m-flip,24499.909999999993
20251124,5m,3m-flip,SHORT,1,75,11:11,11:31,26118.0,26145.0,-2025.0,628.96,-2653.96,3m-flip,21845.949999999993
20251124,3m,3m-flip,LONG,1,75,11:31,11:52,26145.0,26112.0,-2475.0,217.37,-2692.37,3m-flip,19153.579999999994
20251124,3m,3m-flip,SHORT,1,75,11:52,13:22,26112.0,26105.2,510.0,628.46,-118.46,3m-flip,19035.119999999995
20251124,5m,3m-flip,SHORT,1,75,11:56,13:22,26103.0,26105.2,-165.0,628.36,-793.36,3m-flip,18241.759999999995
20251124,10m,3m-flip,SHORT,1,75,12:01,13:22,26102.9,26105.2,-172.5,628.35,-800.85,3m-flip,17440.909999999996
20251124,3m,3m-flip,LONG,1,75,13:22,14:04,26105.2,26075.4,-2235.0,217.12,-2452.12,3m-flip,14988.789999999997
20251124,3m,EOD,SHORT,1,75,14:04,15:24,26075.4,25978.2,7290.0,422.06,6867.94,EOD,21856.729999999996
20251125,3m,3m-flip,LONG,1,75,11:37,12:22,25960.5,25962.9,180.0,216.29,-36.29,3m-flip,21820.439999999995
20251125,5m,3m-flip,LONG,1,75,12:01,12:22,25993.1,25962.9,-2265.0,216.4,-2481.4,3m-flip,19339.039999999994
20251125,3m,3m-flip,SHORT,1,75,12:22,12:55,25962.9,25994.5,-2370.0,625.57,-2995.57,3m-flip,16343.469999999994
20251125,3m,3m-flip,LONG,1,75,12:55,14:28,25994.5,25969.2,-1897.5,216.42,-2113.92,3m-flip,14229.549999999994
20251125,10m,3m-flip,LONG,1,75,14:11,14:28,26023.2,25969.2,-4050.0,216.51,-4266.51,3m-flip,9963.039999999994
20251125,3m,EOD,SHORT,1,75,14:28,15:24,25969.2,25888.2,6075.0,420.58,5654.42,EOD,15617.459999999994
20251125,5m,EOD,SHORT,1,75,14:31,15:24,25959.3,25888.2,5332.5,420.47,4912.03,EOD,20529.489999999994
20251125,10m,EOD,SHORT,1,75,14:41,15:24,25941.3,25888.2,3982.5,420.27,3562.23,EOD,24091.719999999994
20251126,3m,3m-flip,LONG,1,75,09:52,13:31,26285.0,26344.1,4432.5,218.59,4213.91,3m-flip,28305.629999999994
20251126,5m,3m-flip,LONG,1,75,09:56,13:31,26285.2,26344.1,4417.5,218.59,4198.91,3m-flip,32504.539999999994
20251126,10m,3m-flip,LONG,1,75,10:01,13:31,26292.8,26344.1,3847.5,218.61,3628.89,3m-flip,36133.42999999999
20251126,30m,3m-flip,LONG,1,75,10:01,13:31,26292.8,26344.1,3847.5,218.61,3628.89,3m-flip,39762.31999999999
20251126,3m,3m-flip,SHORT,1,75,13:31,14:04,26344.1,26385.0,-3067.5,634.15,-3701.65,3m-flip,36060.66999999999
20251126,3m,3m-flip,LONG,1,75,14:04,14:46,26385.0,26355.2,-2235.0,218.95,-2453.95,3m-flip,33606.719999999994
20251126,3m,3m-flip,SHORT,1,75,14:46,15:04,26355.2,26372.5,-1297.5,634.14,-1931.64,3m-flip,31675.079999999994
20251126,3m,EOD,LONG,1,75,15:04,15:24,26372.5,26384.6,907.5,426.78,480.72,EOD,32155.799999999996
20251127,3m,3m-flip,LONG,1,75,10:04,11:22,26474.0,26451.1,-1717.5,219.55,-1937.05,3m-flip,30218.749999999996
20251127,5m,3m-flip,LONG,1,75,11:11,11:22,26473.0,26451.1,-1642.5,219.55,-1862.05,3m-flip,28356.699999999997
20251127,3m,3m-flip,SHORT,1,75,11:22,12:46,26451.1,26429.0,1657.5,635.83,1021.67,3m-flip,29378.369999999995
20251127,5m,3m-flip,SHORT,1,75,11:36,12:46,26448.9,26429.0,1492.5,635.81,856.69,3m-flip,30235.059999999994
20251127,3m,3m-flip,LONG,1,75,12:46,13:10,26429.0,26389.0,-3000.0,219.21,-3219.21,3m-flip,27015.849999999995
20251127,3m,3m-flip,SHORT,1,75,13:10,14:01,26389.0,26365.0,1800.0,634.43,1165.57,3m-flip,28181.419999999995
20251127,5m,3m-flip,SHORT,1,75,13:16,14:01,26337.7,26365.0,-2047.5,633.86,-2681.36,3m-flip,25500.059999999994
20251127,3m,3m-flip,LONG,1,75,14:01,14:55,26365.0,26352.3,-952.5,218.88,-1171.38,3m-flip,24328.679999999993
20251127,5m,3m-flip,LONG,1,75,14:26,14:55,26389.7,26352.3,-2805.0,218.96,-3023.96,3m-flip,21304.719999999994
20251127,3m,3m-flip,SHORT,1,75,14:55,15:19,26352.3,26397.5,-3390.0,634.38,-4024.38,3m-flip,17280.339999999993
20251127,3m,EOD,LONG,1,75,15:19,15:24,26397.5,26399.0,112.5,427.02,-314.52,EOD,16965.819999999992
20251127,10m,EOD,LONG,1,75,15:21,15:24,26400.0,26399.0,-75.0,427.03,-502.03,EOD,16463.789999999994
20251128,3m,3m-flip,LONG,1,75,10:46,11:28,26450.0,26420.0,-2250.0,219.37,-2469.37,3m-flip,13994.419999999995
20251128,3m,3m-flip,SHORT,1,75,11:28,13:01,26420.0,26405.0,1125.0,635.22,489.78,3m-flip,14484.199999999995
20251128,3m,3m-flip,LONG,1,75,13:01,13:49,26405.0,26380.0,-1875.0,219.1,-2094.1,3m-flip,12390.099999999995
20251128,3m,3m-flip,SHORT,1,75,13:49,14:34,26380.0,26396.9,-1267.5,634.69,-1902.19,3m-flip,10487.909999999994
20251128,3m,EOD,LONG,1,75,14:34,15:24,26396.9,26392.0,-367.5,426.94,-794.44,EOD,9693.469999999994
20251201,3m,3m-flip,LONG,1,75,13:19,14:40,26355.0,26337.0,-1350.0,218.8,-1568.8,3m-flip,8124.669999999994
20251201,5m,3m-flip,LONG,1,75,14:06,14:40,26378.0,26337.0,-3075.0,218.87,-3293.87,3m-flip,4830.799999999994
20251201,3m,EOD,SHORT,1,75,14:40,15:24,26337.0,26341.2,-315.0,426.15,-741.15,EOD,4089.6499999999937
20251201,5m,EOD,SHORT,1,75,14:46,15:24,26331.4,26341.2,-735.0,426.09,-1161.09,EOD,2928.559999999994
20251202,3m,3m-flip,LONG,1,75,10:37,11:31,26260.0,26231.0,-2175.0,218.14,-2393.14,3m-flip,535.4199999999942
20251202,3m,3m-flip,SHORT,1,75,11:31,12:37,26231.0,26247.2,-1215.0,631.36,-1846.36,3m-flip,-1310.9400000000057
20251202,3m,3m-flip,LONG,1,75,12:37,12:58,26247.2,26213.0,-2565.0,218.03,-2783.03,3m-flip,-4093.9700000000057
20251202,3m,3m-flip,SHORT,1,75,12:58,14:01,26213.0,26227.0,-1050.0,630.94,-1680.94,3m-flip,-5774.910000000005
20251202,3m,3m-flip,LONG,1,75,14:01,14:25,26227.0,26206.0,-1575.0,217.95,-1792.95,3m-flip,-7567.860000000005
20251202,3m,EOD,SHORT,1,75,14:25,15:24,26206.0,26226.9,-1567.5,424.32,-1991.82,EOD,-9559.680000000006
20251203,3m,3m-flip,LONG,1,75,11:40,12:37,26093.8,26086.0,-585.0,217.12,-802.12,3m-flip,-10361.800000000007
20251203,5m,3m-flip,LONG,1,75,12:06,12:37,26093.1,26086.0,-532.5,217.12,-749.62,3m-flip,-11111.420000000007
20251203,3m,3m-flip,SHORT,1,75,12:37,13:31,26086.0,26096.5,-787.5,628.07,-1415.57,3m-flip,-12526.990000000007
20251203,5m,3m-flip,SHORT,1,75,12:46,13:31,26077.9,26096.5,-1395.0,627.98,-2022.98,3m-flip,-14549.970000000007
20251203,3m,3m-flip,LONG,1,75,13:31,13:46,26096.5,26074.9,-1620.0,217.09,-1837.09,3m-flip,-16387.060000000005
20251203,3m,3m-flip,SHORT,1,75,13:46,14:10,26074.9,26090.0,-1132.5,627.87,-1760.37,3m-flip,-18147.430000000004
20251203,3m,EOD,LONG,1,75,14:10,15:24,26090.0,26135.0,3375.0,423.08,2951.92,EOD,-15195.510000000004
20251203,5m,EOD,LONG,1,75,14:16,15:24,26091.2,26135.0,3285.0,423.09,2861.91,EOD,-12333.600000000004
20251203,10m,EOD,LONG,1,75,15:01,15:24,26127.0,26135.0,600.0,423.2,176.8,EOD,-12156.800000000005
20251204,3m,3m-flip,LONG,1,75,09:37,11:22,26159.9,26213.4,4012.5,217.75,3794.75,3m-flip,-8362.050000000005
20251204,5m,3m-flip,LONG,1,75,09:41,11:22,26135.9,26213.4,5812.5,217.67,5594.83,3m-flip,-2767.220000000005
20251204,10m,3m-flip,LONG,1,75,09:41,11:22,26135.9,26213.4,5812.5,217.67,5594.83,3m-flip,2827.609999999995
20251204,3m,3m-flip,SHORT,1,75,11:22,13:25,26213.4,26159.9,4012.5,630.19,3382.31,3m-flip,6209.919999999995
20251204,5m,3m-flip,SHORT,1,75,11:41,13:25,26180.0,26159.9,1507.5,629.82,877.68,3m-flip,7087.599999999995
20251204,10m,3m-flip,SHORT,1,75,11:41,13:25,26180.0,26159.9,1507.5,629.82,877.68,3m-flip,7965.279999999995
20251204,3m,3m-flip,LONG,1,75,13:25,13:37,26159.9,26112.1,-3585.0,217.42,-3802.42,3m-flip,4162.859999999995
20251204,3m,3m-flip,SHORT,1,75,13:37,14:13,26112.1,26145.0,-2467.5,628.9,-3096.4,3m-flip,1066.459999999995
20251204,3m,EOD,LONG,1,75,14:13,15:24,26145.0,26183.8,2910.0,423.8,2486.2,EOD,3552.659999999995
20251204,5m,EOD,LONG,1,75,14:16,15:24,26139.0,26183.8,3360.0,423.78,2936.22,EOD,6488.879999999995
20251204,10m,EOD,LONG,1,75,15:01,15:24,26190.0,26183.8,-465.0,423.95,-888.95,EOD,5599.929999999995
20251205,3m,3m-flip,LONG,1,75,10:07,10:31,26243.0,26184.1,-4417.5,217.93,-4635.43,3m-flip,964.4999999999945
20251205,10m,3m-flip,LONG,1,75,10:21,10:31,26282.0,26184.1,-7342.5,218.06,-7560.56,3m-flip,-6596.060000000006
20251205,3m,3m-flip,SHORT,1,75,10:31,10:52,26184.1,26270.2,-6457.5,631.1,-7088.6,3m-flip,-13684.660000000007
20251205,3m,3m-flip,LONG,1,75,10:52,13:13,26270.2,26348.0,5835.0,218.55,5616.45,3m-flip,-8068.210000000007
20251205,5m,3m-flip,LONG,1,75,10:56,13:13,26270.9,26348.0,5782.5,218.55,5563.95,3m-flip,-2504.2600000000075
20251205,30m,3m-flip,LONG,1,75,11:01,13:13,26272.0,26348.0,5700.0,218.55,5481.45,3m-flip,2977.1899999999923
20251205,3m,3m-flip,SHORT,1,75,13:13,15:04,26348.0,26333.0,1125.0,633.62,491.38,3m-flip,3468.5699999999924
20251205,5m,3m-flip,SHORT,1,75,14:01,15:04,26323.2,26333.0,-735.0,633.35,-1368.35,3m-flip,2100.2199999999925
20251205,10m,3m-flip,SHORT,1,75,14:51,15:04,26299.8,26333.0,-2490.0,633.09,-3123.09,3m-flip,-1022.8700000000076
20251205,3m,EOD,LONG,1,75,15:04,15:24,26333.0,26331.1,-142.5,426.05,-568.55,EOD,-1591.4200000000076
20251205,5m,EOD,LONG,1,75,15:06,15:24,26335.0,26331.1,-292.5,426.06,-718.56,EOD,-2309.9800000000077
20251208,3m,3m-flip,LONG,1,75,14:52,15:22,26093.9,26054.4,-2962.5,217.02,-3179.52,3m-flip,-5489.500000000007
20251208,3m,EOD,SHORT,1,75,15:22,15:24,26054.4,26051.0,255.0,422.06,-167.06,EOD,-5656.560000000008
20251210,3m,3m-flip,LONG,1,75,13:13,13:52,25915.9,25910.0,-442.5,215.98,-658.48,3m-flip,-6315.040000000008
20251210,5m,3m-flip,LONG,1,75,13:21,13:52,25930.0,25910.0,-1500.0,216.02,-1716.02,3m-flip,-8031.060000000009
20251210,3m,EOD,SHORT,1,75,13:52,15:24,25910.0,25861.0,3675.0,419.84,3255.16,EOD,-4775.900000000009
20251210,5m,EOD,SHORT,1,75,14:01,15:24,25893.4,25861.0,2430.0,419.65,2010.35,EOD,-2765.550000000009
20251211,3m,3m-flip,LONG,1,75,10:10,11:07,25893.2,25898.0,360.0,215.86,144.14,3m-flip,-2621.410000000009
20251211,5m,3m-flip,LONG,1,75,10:11,11:07,25885.0,25898.0,975.0,215.83,759.17,3m-flip,-1862.2400000000089
20251211,10m,3m-flip,LONG,1,75,10:21,11:07,25940.0,25898.0,-3150.0,216.01,-3366.01,3m-flip,-5228.250000000009
20251211,30m,3m-flip,LONG,1,75,10:31,11:07,25938.0,25898.0,-3000.0,216.01,-3216.01,3m-flip,-8444.26000000001
20251211,3m,3m-flip,SHORT,1,75,11:07,11:34,25898.0,25950.0,-3900.0,624.34,-4524.34,3m-flip,-12968.60000000001
20251211,3m,3m-flip,LONG,1,75,11:34,13:10,25950.0,25972.1,1657.5,216.29,1441.21,3m-flip,-11527.39000000001
20251211,5m,3m-flip,LONG,1,75,12:06,13:10,26000.9,25972.1,-2160.0,216.45,-2376.45,3m-flip,-13903.840000000011
20251211,3m,3m-flip,SHORT,1,75,13:10,13:58,25972.1,26008.1,-2700.0,625.82,-3325.82,3m-flip,-17229.66000000001
20251211,3m,3m-flip,LONG,1,75,13:58,14:46,26008.1,25990.9,-1290.0,216.54,-1506.54,3m-flip,-18736.20000000001
20251211,3m,EOD,SHORT,1,75,14:46,15:24,25990.9,26013.2,-1672.5,421.23,-2093.73,EOD,-20829.93000000001
20251211,5m,EOD,SHORT,1,75,14:51,15:24,25975.0,26013.2,-2865.0,421.05,-3286.05,EOD,-24115.98000000001
20251212,3m,3m-flip,SHORT,1,75,10:07,11:13,26102.2,26095.3,517.5,628.24,-110.74,3m-flip,-24226.720000000012
20251212,5m,3m-flip,SHORT,1,75,10:11,11:13,26081.0,26095.3,-1072.5,628.0,-1700.5,3m-flip,-25927.220000000012
20251212,10m,3m-flip,SHORT,1,75,10:11,11:13,26081.0,26095.3,-1072.5,628.0,-1700.5,3m-flip,-27627.720000000012
20251212,3m,3m-flip,LONG,1,75,11:13,12:13,26095.3,26101.0,427.5,217.18,210.32,3m-flip,-27417.400000000012
20251212,5m,3m-flip,LONG,1,75,11:26,12:13,26118.1,26101.0,-1282.5,217.25,-1499.75,3m-flip,-28917.150000000012
20251212,10m,3m-flip,LONG,1,75,12:01,12:13,26135.0,26101.0,-2550.0,217.31,-2767.31,3m-flip,-31684.460000000014
20251212,3m,3m-flip,SHORT,1,75,12:13,12:37,26101.0,26131.4,-2280.0,628.62,-2908.62,3m-flip,-34593.080000000016
20251212,3m,3m-flip,LONG,1,75,12:37,14:43,26131.4,26130.0,-105.0,217.39,-322.39,3m-flip,-34915.470000000016
20251212,3m,3m-flip,SHORT,1,75,14:43,15:07,26130.0,26145.0,-1125.0,629.1,-1754.1,3m-flip,-36669.570000000014
20251212,3m,EOD,LONG,1,75,15:07,15:24,26145.0,26148.5,262.5,423.41,-160.91,EOD,-36830.48000000002
20251215,3m,3m-flip,LONG,1,75,09:55,11:37,26025.1,26042.6,1312.5,216.76,1095.74,3m-flip,-35734.74000000002
20251215,5m,3m-flip,LONG,1,75,10:51,11:37,26064.0,26042.6,-1605.0,216.89,-1821.89,3m-flip,-37556.63000000002
20251215,3m,3m-flip,SHORT,1,75,11:37,11:52,26042.6,26092.0,-3705.0,627.53,-4332.53,3m-flip,-41889.16000000002
20251215,3m,3m-flip,LONG,1,75,11:52,14:13,26092.0,26096.0,300.0,217.15,82.85,3m-flip,-41806.31000000002
20251215,10m,3m-flip,LONG,1,75,12:01,14:13,26103.5,26096.0,-562.5,217.19,-779.69,3m-flip,-42586.00000000002
20251215,30m,3m-flip,LONG,1,75,12:01,14:13,26103.5,26096.0,-562.5,217.19,-779.69,3m-flip,-43365.690000000024
20251215,3m,3m-flip,SHORT,1,75,14:13,14:46,26096.0,26119.8,-1785.0,628.44,-2413.44,3m-flip,-45779.13000000003
20251215,3m,EOD,LONG,1,75,14:46,15:24,26119.8,26110.9,-667.5,422.91,-1090.41,EOD,-46869.54000000003
20251217,3m,3m-flip,LONG,1,75,13:28,13:46,25895.0,25865.0,-2250.0,215.76,-2465.76,3m-flip,-49335.30000000003
20251217,3m,3m-flip,SHORT,1,75,13:46,14:19,25865.0,25894.0,-2175.0,623.36,-2798.36,3m-flip,-52133.66000000003
20251217,3m,EOD,LONG,1,75,14:19,15:24,25894.0,25901.8,585.0,419.85,165.15,EOD,-51968.51000000003
20251217,5m,EOD,LONG,1,75,15:21,15:24,25892.9,25901.8,667.5,419.85,247.65,EOD,-51720.86000000003
20251218,3m,3m-flip,LONG,1,75,10:16,13:13,25861.7,25952.5,6810.0,215.93,6594.07,3m-flip,-45126.79000000003
20251218,5m,3m-flip,LONG,1,75,10:21,13:13,25898.5,25952.5,4050.0,216.05,3833.95,3m-flip,-41292.84000000003
20251218,10m,3m-flip,LONG,1,75,10:21,13:13,25898.5,25952.5,4050.0,216.05,3833.95,3m-flip,-37458.890000000036
20251218,30m,3m-flip,LONG,1,75,10:31,13:13,25910.0,25952.5,3187.5,216.09,2971.41,3m-flip,-34487.48000000004
20251218,3m,EOD,SHORT,1,75,13:13,15:24,25952.5,25875.1,5805.0,420.35,5384.65,EOD,-29102.830000000038
20251218,5m,EOD,SHORT,1,75,13:36,15:24,25932.5,25875.1,4305.0,420.13,3884.87,EOD,-25217.96000000004
20251218,10m,EOD,SHORT,1,75,14:11,15:24,25884.6,25875.1,712.5,419.59,292.91,EOD,-24925.05000000004
20251218,30m,EOD,SHORT,1,75,14:31,15:24,25869.2,25875.1,-442.5,419.42,-861.92,EOD,-25786.970000000038
20251219,3m,3m-flip,LONG,1,75,10:46,11:28,26036.9,25997.2,-2977.5,216.65,-3194.15,3m-flip,-28981.12000000004
20251219,3m,3m-flip,SHORT,1,75,11:28,12:10,25997.2,26000.0,-210.0,626.01,-836.01,3m-flip,-29817.130000000037
20251219,3m,3m-flip,LONG,1,75,12:10,13:16,26000.0,25982.0,-1350.0,216.48,-1566.48,3m-flip,-31383.610000000037
20251219,5m,3m-flip,LONG,1,75,12:41,13:16,26010.0,25982.0,-2100.0,216.51,-2316.51,3m-flip,-33700.12000000004
20251219,3m,3m-flip,SHORT,1,75,13:16,13:31,25982.0,26002.0,-1500.0,625.86,-2125.86,3m-flip,-35825.98000000004
20251219,3m,EOD,LONG,1,75,13:31,15:24,26002.0,26032.1,2257.5,421.66,1835.84,EOD,-33990.14000000004
20251219,10m,EOD,LONG,1,75,15:11,15:24,26035.3,26032.1,-240.0,421.76,-661.76,EOD,-34651.900000000045
20251222,3m,3m-flip,LONG,1,75,13:28,14:10,26194.2,26180.0,-1065.0,217.76,-1282.76,3m-flip,-35934.66000000005
20251222,5m,3m-flip,LONG,1,75,13:36,14:10,26193.4,26180.0,-1005.0,217.76,-1222.76,3m-flip,-37157.42000000005
20251222,3m,3m-flip,SHORT,1,75,14:10,14:28,26180.0,26194.2,-1065.0,630.2,-1695.2,3m-flip,-38852.620000000046
20251222,3m,EOD,LONG,1,75,14:28,15:24,26194.2,26196.4,165.0,424.11,-259.11,EOD,-39111.73000000005
20251223,3m,3m-flip,LONG,1,75,10:10,11:43,26225.8,26204.9,-1567.5,217.94,-1785.44,3m-flip,-40897.17000000005
20251223,3m,3m-flip,SHORT,1,75,11:43,11:58,26204.9,26214.1,-690.0,630.7,-1320.7,3m-flip,-42217.870000000046
20251223,3m,3m-flip,LONG,1,75,11:58,14:43,26214.1,26221.9,585.0,217.96,367.04,3m-flip,-41850.830000000045
20251223,5m,3m-flip,LONG,1,75,14:01,14:43,26228.7,26221.9,-510.0,218.0,-728.0,3m-flip,-42578.830000000045
20251223,10m,3m-flip,LONG,1,75,14:21,14:43,26251.0,26221.9,-2182.5,218.08,-2400.58,3m-flip,-44979.41000000005
20251223,3m,EOD,SHORT,1,75,14:43,15:24,26221.9,26206.8,1132.5,424.43,708.07,EOD,-44271.34000000005
20251223,5m,EOD,SHORT,1,75,14:46,15:24,26211.6,26206.8,360.0,424.31,-64.31,EOD,-44335.650000000045
20251223,10m,EOD,SHORT,1,75,14:51,15:24,26216.3,26206.8,712.5,424.37,288.13,EOD,-44047.52000000005
20251224,3m,3m-flip,LONG,1,75,12:31,13:04,26230.0,26218.0,-900.0,218.0,-1118.0,3m-flip,-45165.52000000005
20251224,3m,EOD,SHORT,1,75,13:04,15:24,26218.0,26173.0,3375.0,424.28,2950.72,EOD,-42214.80000000005
20251226,3m,EOD,LONG,1,75,15:04,15:24,26060.3,26058.8,-112.5,422.14,-534.64,EOD,-42749.440000000046
20251229,3m,3m-flip,LONG,1,75,14:13,14:19,25962.0,25941.7,-1522.5,216.23,-1738.73,3m-flip,-44488.17000000005
20251229,3m,3m-flip,SHORT,1,75,14:19,14:28,25941.7,25972.6,-2317.5,625.08,-2942.58,3m-flip,-47430.75000000005
20251229,3m,EOD,LONG,1,75,14:28,15:24,25972.6,25964.9,-577.5,420.81,-998.31,EOD,-48429.06000000005
20251230,3m,3m-flip,LONG,1,75,09:46,10:55,25940.0,25930.7,-697.5,216.11,-913.61,3m-flip,-49342.67000000005
20251230,5m,3m-flip,LONG,1,75,10:21,10:55,25961.0,25930.7,-2272.5,216.18,-2488.68,3m-flip,-51831.35000000005
20251230,10m,3m-flip,LONG,1,75,10:31,10:55,25970.7,25930.7,-3000.0,216.21,-3216.21,3m-flip,-55047.56000000005
20251230,3m,3m-flip,SHORT,1,75,10:55,13:34,25930.7,25919.7,825.0,624.38,200.62,3m-flip,-54846.940000000046
20251230,5m,3m-flip,SHORT,1,75,11:16,13:34,25927.0,25919.7,547.5,624.34,-76.84,3m-flip,-54923.78000000004
20251230,10m,3m-flip,SHORT,1,75,12:21,13:34,25898.0,25919.7,-1627.5,624.01,-2251.51,3m-flip,-57175.290000000045
20251230,3m,3m-flip,LONG,1,75,13:34,14:28,25919.7,25927.8,607.5,216.04,391.46,3m-flip,-56783.830000000045
20251230,5m,3m-flip,LONG,1,75,13:41,14:28,25932.0,25927.8,-315.0,216.08,-531.08,3m-flip,-57314.91000000005
20251230,10m,3m-flip,LONG,1,75,13:51,14:28,25952.9,25927.8,-1882.5,216.15,-2098.65,3m-flip,-59413.56000000005
20251230,3m,3m-flip,SHORT,1,75,14:28,14:52,25927.8,25954.2,-1980.0,624.73,-2604.73,3m-flip,-62018.29000000005
20251230,3m,EOD,LONG,1,75,14:52,15:24,25954.2,25937.2,-1275.0,420.44,-1695.44,EOD,-63713.730000000054
20260101,3m,3m-flip,LONG,1,65,10:34,11:46,26300.0,26288.0,-780.0,195.62,-975.62,3m-flip,-64689.35000000006
20260101,5m,3m-flip,LONG,1,65,10:51,11:46,26320.0,26288.0,-2080.0,195.67,-2275.67,3m-flip,-66965.02000000006
20260101,3m,3m-flip,SHORT,1,65,11:46,13:22,26288.0,26292.0,-260.0,554.46,-814.46,3m-flip,-67779.48000000007
20260101,5m,3m-flip,SHORT,1,65,12:11,13:22,26282.4,26292.0,-624.0,554.4,-1178.4,3m-flip,-68957.88000000006
20260101,3m,3m-flip,LONG,1,65,13:22,14:52,26292.0,26292.7,45.5,195.61,-150.11,3m-flip,-69107.99000000006
20260101,5m,3m-flip,LONG,1,65,14:21,14:52,26311.1,26292.7,-1196.0,195.67,-1391.67,3m-flip,-70499.66000000006
20260101,3m,EOD,SHORT,1,65,14:52,15:24,26292.7,26294.0,-84.5,375.06,-459.56,EOD,-70959.22000000006
20260102,3m,3m-flip,LONG,1,65,09:34,12:52,26353.5,26429.0,4907.5,196.17,4711.33,3m-flip,-66247.89000000006
20260102,5m,3m-flip,LONG,1,65,09:46,12:52,26385.0,26429.0,2860.0,196.26,2663.74,3m-flip,-63584.15000000006
20260102,10m,3m-flip,LONG,1,65,09:51,12:52,26392.0,26429.0,2405.0,196.28,2208.72,3m-flip,-61375.43000000006
20260102,30m,3m-flip,LONG,1,65,11:31,12:52,26428.7,26429.0,19.5,196.38,-176.88,3m-flip,-61552.310000000056
20260102,3m,3m-flip,SHORT,1,65,12:52,14:25,26429.0,26447.3,-1189.5,557.32,-1746.82,3m-flip,-63299.130000000056
20260102,3m,3m-flip,LONG,1,65,14:25,14:34,26447.3,26429.7,-1144.0,196.43,-1340.43,3m-flip,-64639.560000000056
20260102,3m,3m-flip,SHORT,1,65,14:34,15:01,26429.7,26442.0,-799.5,557.27,-1356.77,3m-flip,-65996.33000000006
20260102,5m,3m-flip,SHORT,1,65,14:36,15:01,26426.1,26442.0,-1033.5,557.23,-1590.73,3m-flip,-67587.06000000006
20260102,3m,EOD,LONG,1,65,15:01,15:24,26442.0,26459.9,1163.5,377.1,786.4,EOD,-66800.66000000006
20260102,5m,EOD,LONG,1,65,15:06,15:24,26447.0,26459.9,838.5,377.11,461.39,EOD,-66339.27000000006
20260105,3m,3m-flip,LONG,1,65,10:22,11:25,26495.0,26442.1,-3438.5,196.61,-3635.11,3m-flip,-69974.38000000006
20260105,5m,3m-flip,LONG,1,65,10:26,11:25,26499.0,26442.1,-3698.5,196.62,-3895.12,3m-flip,-73869.50000000006
20260105,3m,3m-flip,SHORT,1,65,11:25,14:46,26442.1,26352.0,5856.5,556.52,5299.98,3m-flip,-68569.52000000006
20260105,5m,3m-flip,SHORT,1,65,13:16,14:46,26420.9,26352.0,4478.5,556.32,3922.18,3m-flip,-64647.34000000006
20260105,3m,3m-flip,LONG,1,65,14:46,15:10,26352.0,26335.3,-1085.5,195.9,-1281.4,3m-flip,-65928.74000000006
20260105,5m,3m-flip,LONG,1,65,14:56,15:10,26356.0,26335.3,-1345.5,195.91,-1541.41,3m-flip,-67470.15000000007
20260105,3m,EOD,SHORT,1,65,15:10,15:24,26335.3,26321.0,929.5,375.55,553.95,EOD,-66916.20000000007
20260106,3m,3m-flip,LONG,1,65,10:04,10:46,26388.5,26339.0,-3217.5,196.02,-3413.52,3m-flip,-70329.72000000007
20260106,3m,3m-flip,SHORT,1,65,10:46,11:46,26339.0,26308.0,2015.0,555.1,1459.9,3m-flip,-68869.82000000008
20260106,3m,3m-flip,LONG,1,65,11:46,12:25,26308.0,26288.0,-1300.0,195.64,-1495.64,3m-flip,-70365.46000000008
20260106,3m,3m-flip,SHORT,1,65,12:25,13:01,26288.0,26310.1,-1436.5,554.63,-1991.13,3m-flip,-72356.59000000008
20260106,3m,3m-flip,LONG,1,65,13:01,13:25,26310.1,26291.0,-1241.5,195.65,-1437.15,3m-flip,-73793.74000000008
20260106,3m,3m-flip,SHORT,1,65,13:25,14:52,26291.0,26289.9,71.5,554.47,-482.97,3m-flip,-74276.71000000008
20260106,3m,EOD,LONG,1,65,14:52,15:24,26289.9,26283.5,-416.0,374.96,-790.96,EOD,-75067.67000000009
20260107,3m,3m-flip,LONG,1,65,10:13,10:31,26272.0,26241.0,-2015.0,195.41,-2210.41,3m-flip,-77278.08000000009
20260107,5m,3m-flip,LONG,1,65,10:16,10:31,26295.0,26241.0,-3510.0,195.47,-3705.47,3m-flip,-80983.55000000009
20260107,3m,3m-flip,SHORT,1,65,10:31,10:58,26241.0,26283.0,-2730.0,553.91,-3283.91,3m-flip,-84267.4600000001
20260107,3m,3m-flip,LONG,1,65,10:58,11:25,26283.0,26254.0,-1885.0,195.48,-2080.48,3m-flip,-86347.94000000009
20260107,10m,3m-flip,LONG,1,65,11:01,11:25,26274.9,26254.0,-1358.5,195.46,-1553.96,3m-flip,-87901.9000000001
20260107,3m,3m-flip,SHORT,1,65,11:25,14:10,26254.0,26219.3,2255.5,553.43,1702.07,3m-flip,-86199.83000000009
20260107,5m,3m-flip,SHORT,1,65,11:56,14:10,26246.0,26219.3,1735.5,553.35,1182.15,3m-flip,-85017.6800000001
20260107,10m,3m-flip,SHORT,1,65,12:31,14:10,26230.0,26219.3,695.5,553.2,142.3,3m-flip,-84875.38000000009
20260107,3m,EOD,LONG,1,65,14:10,15:24,26219.3,26231.8,812.5,374.27,438.23,EOD,-84437.1500000001
20260107,5m,EOD,LONG,1,65,14:56,15:24,26221.4,26231.8,676.0,374.27,301.73,EOD,-84135.4200000001
20260108,3m,3m-flip,LONG,1,65,12:31,13:28,26045.0,26009.8,-2288.0,194.12,-2482.12,3m-flip,-86617.5400000001
20260108,3m,3m-flip,SHORT,1,65,13:28,13:49,26009.8,26035.6,-1677.0,549.29,-2226.29,3m-flip,-88843.83000000009
20260108,3m,3m-flip,LONG,1,65,13:49,14:31,26035.6,26025.0,-689.0,194.13,-883.13,3m-flip,-89726.9600000001
20260108,5m,3m-flip,LONG,1,65,14:21,14:31,26045.0,26025.0,-1300.0,194.16,-1494.16,3m-flip,-91221.1200000001
20260108,3m,EOD,SHORT,1,65,14:31,15:24,26025.0,25977.1,3113.5,371.59,2741.91,EOD,-88479.2100000001
20260108,5m,EOD,SHORT,1,65,15:06,15:24,25975.5,25977.1,-104.0,371.11,-475.11,EOD,-88954.3200000001
20260109,3m,3m-flip,LONG,1,65,13:40,13:49,25822.1,25775.0,-3061.5,192.82,-3254.32,3m-flip,-92208.6400000001
20260109,3m,3m-flip,SHORT,1,65,13:49,15:16,25775.0,25792.6,-1144.0,544.69,-1688.69,3m-flip,-93897.3300000001
20260109,3m,EOD,LONG,1,65,15:16,15:24,25792.6,25789.3,-214.5,368.79,-583.29,EOD,-94480.6200000001
20260112,3m,3m-flip,LONG,1,65,12:16,14:37,25670.3,25803.0,8625.5,192.47,8433.03,3m-flip,-86047.5900000001
20260112,10m,3m-flip,LONG,1,65,12:21,14:37,25722.9,25803.0,5206.5,192.62,5013.88,3m-flip,-81033.7100000001
20260112,30m,3m-flip,LONG,1,65,13:01,14:37,25786.1,25803.0,1098.5,192.8,905.7,3m-flip,-80128.0100000001
20260112,3m,3m-flip,SHORT,1,65,14:37,14:55,25803.0,25875.0,-4680.0,545.75,-5225.75,3m-flip,-85353.7600000001
20260112,3m,EOD,LONG,1,65,14:55,15:24,25875.0,25880.0,325.0,369.9,-44.9,EOD,-85398.66000000009
20260113,3m,3m-flip,LONG,1,65,10:28,11:55,25843.9,25823.0,-1358.5,193.02,-1551.52,3m-flip,-86950.1800000001
20260113,5m,3m-flip,LONG,1,65,11:36,11:55,25875.0,25823.0,-3380.0,193.11,-3573.11,3m-flip,-90523.2900000001
20260113,3m,3m-flip,SHORT,1,65,11:55,14:40,25823.0,25725.0,6370.0,544.5,5825.5,3m-flip,-84697.7900000001
20260113,5m,3m-flip,SHORT,1,65,12:06,14:40,25799.7,25725.0,4855.5,544.28,4311.22,3m-flip,-80386.5700000001
20260113,3m,EOD,LONG,1,65,14:40,15:24,25725.0,25789.6,4199.0,368.6,3830.4,EOD,-76556.1700000001
20260113,5m,EOD,LONG,1,65,14:41,15:24,25734.0,25789.6,3614.0,368.63,3245.37,EOD,-73310.8000000001
20260113,10m,EOD,LONG,1,65,14:51,15:24,25765.0,25789.6,1599.0,368.72,1230.28,EOD,-72080.5200000001
20260114,3m,3m-flip,LONG,1,65,11:01,12:13,25774.7,25812.0,2424.5,192.79,2231.71,3m-flip,-69848.8100000001
20260114,5m,3m-flip,LONG,1,65,11:31,12:13,25835.0,25812.0,-1495.0,192.96,-1687.96,3m-flip,-71536.7700000001
20260114,3m,3m-flip,SHORT,1,65,12:13,14:43,25812.0,25725.0,5655.0,544.4,5110.6,3m-flip,-66426.1700000001
20260114,5m,3m-flip,SHORT,1,65,13:26,14:43,25764.7,25725.0,2580.5,543.94,2036.56,3m-flip,-64389.6100000001
20260114,3m,3m-flip,LONG,1,65,14:43,15:04,25725.0,25713.5,-747.5,192.37,-939.87,3m-flip,-65329.480000000105
20260114,5m,3m-flip,LONG,1,65,14:51,15:04,25750.4,25713.5,-2398.5,192.45,-2590.95,3m-flip,-67920.43000000011
20260114,3m,EOD,SHORT,1,65,15:04,15:24,25713.5,25726.3,-832.0,367.88,-1199.88,EOD,-69120.31000000011
20260116,3m,3m-flip,LONG,1,65,10:07,11:16,25838.7,25894.1,3601.0,193.2,3407.8,3m-flip,-65712.51000000011
20260116,5m,3m-flip,LONG,1,65,10:16,11:16,25894.0,25894.1,6.5,193.36,-186.86,3m-flip,-65899.37000000011
20260116,10m,3m-flip,LONG,1,65,10:21,11:16,25928.1,25894.1,-2210.0,193.46,-2403.46,3m-flip,-68302.83000000012
20260116,30m,3m-flip,LONG,1,65,10:31,11:16,25942.8,25894.1,-3165.5,193.5,-3359.0,3m-flip,-71661.83000000012
20260116,3m,3m-flip,SHORT,1,65,11:16,12:10,25894.1,25898.0,-253.5,546.86,-800.36,3m-flip,-72462.19000000012
20260116,5m,3m-flip,SHORT,1,65,11:21,12:10,25891.5,25898.0,-422.5,546.83,-969.33,3m-flip,-73431.52000000012
20260116,10m,3m-flip,SHORT,1,65,12:01,12:10,25848.0,25898.0,-3250.0,546.41,-3796.41,3m-flip,-77227.93000000012
20260116,3m,3m-flip,LONG,1,65,12:10,12:31,25898.0,25807.0,-5915.0,193.13,-6108.13,3m-flip,-83336.06000000013
20260116,5m,3m-flip,LONG,1,65,12:16,12:31,25905.0,25807.0,-6370.0,193.15,-6563.15,3m-flip,-89899.21000000012
20260116,3m,EOD,SHORT,1,65,12:31,15:24,25807.0,25762.9,2866.5,368.88,2497.62,EOD,-87401.59000000013
20260120,3m,3m-flip,LONG,1,65,10:40,10:58,25526.9,25489.8,-2411.5,191.18,-2602.68,3m-flip,-90004.27000000012
20260120,3m,3m-flip,SHORT,1,65,10:58,11:55,25489.8,25518.1,-1839.5,539.29,-2378.79,3m-flip,-92383.06000000011
20260120,3m,3m-flip,LONG,1,65,11:55,12:04,25518.1,25484.4,-2190.5,191.14,-2381.64,3m-flip,-94764.70000000011
20260120,3m,3m-flip,SHORT,1,65,12:04,14:31,25484.4,25417.0,4381.0,538.27,3842.73,3m-flip,-90921.97000000012
20260120,3m,3m-flip,LONG,1,65,14:31,14:43,25417.0,25372.0,-2925.0,190.54,-3115.54,3m-flip,-94037.51000000011
20260120,3m,EOD,SHORT,1,65,14:43,15:24,25372.0,25233.0,9035.0,363.19,8671.81,EOD,-85365.70000000011
20260121,3m,3m-flip,LONG,1,65,11:16,13:13,25098.0,25266.1,10926.5,189.34,10737.16,3m-flip,-74628.54000000011
20260121,5m,3m-flip,LONG,1,65,11:21,13:13,25112.0,25266.1,10016.5,189.38,9827.12,3m-flip,-64801.42000000011
20260121,10m,3m-flip,LONG,1,65,12:21,13:13,25215.0,25266.1,3321.5,189.67,3131.83,3m-flip,-61669.590000000106
20260121,30m,3m-flip,LONG,1,65,13:01,13:13,25321.1,25266.1,-3575.0,189.97,-3764.97,3m-flip,-65434.56000000011
20260121,3m,EOD,SHORT,1,65,13:13,15:24,25266.1,25164.3,6617.0,361.97,6255.03,EOD,-59179.53000000011
20260121,5m,EOD,SHORT,1,65,13:36,15:24,25210.0,25164.3,2970.5,361.43,2609.07,EOD,-56570.46000000011
20260121,10m,EOD,SHORT,1,65,14:01,15:24,25171.6,25164.3,474.5,361.06,113.44,EOD,-56457.020000000106
20260122,3m,3m-flip,LONG,1,65,09:34,10:22,25427.1,25371.7,-3601.0,190.57,-3791.57,3m-flip,-60248.590000000106
20260122,5m,3m-flip,LONG,1,65,09:36,10:22,25435.3,25371.7,-4134.0,190.6,-4324.6,3m-flip,-64573.190000000104
20260122,10m,3m-flip,LONG,1,65,09:41,10:22,25428.0,25371.7,-3659.5,190.58,-3850.08,3m-flip,-68423.2700000001
20260122,3m,3m-flip,SHORT,1,65,10:22,11:28,25371.7,25285.0,5635.5,535.9,5099.6,3m-flip,-63323.67000000011
20260122,5m,3m-flip,SHORT,1,65,10:31,11:28,25305.1,25285.0,1306.5,535.26,771.24,3m-flip,-62552.43000000011
20260122,10m,3m-flip,SHORT,1,65,10:31,11:28,25305.1,25285.0,1306.5,535.26,771.24,3m-flip,-61781.19000000011
20260122,3m,3m-flip,LONG,1,65,11:28,11:49,25285.0,25220.8,-4173.0,189.74,-4362.74,3m-flip,-66143.93000000011
20260122,3m,3m-flip,SHORT,1,65,11:49,12:22,25220.8,25293.5,-4725.5,534.52,-5260.02,3m-flip,-71403.95000000011
20260122,3m,3m-flip,LONG,1,65,12:22,13:16,25293.5,25216.9,-4979.0,189.76,-5168.76,3m-flip,-76572.71000000011
20260122,3m,3m-flip,SHORT,1,65,13:16,13:55,25216.9,25266.0,-3191.5,534.22,-3725.72,3m-flip,-80298.43000000011
20260122,3m,3m-flip,LONG,1,65,13:55,14:16,25266.0,25216.6,-3211.0,189.68,-3400.68,3m-flip,-83699.1100000001
20260122,3m,3m-flip,SHORT,1,65,14:16,14:31,25216.6,25278.1,-3997.5,534.34,-4531.84,3m-flip,-88230.9500000001
20260122,3m,EOD,LONG,1,65,14:31,15:24,25278.1,25380.0,6623.5,363.39,6260.11,EOD,-81970.8400000001
20260122,5m,EOD,LONG,1,65,14:36,15:24,25310.0,25380.0,4550.0,363.48,4186.52,EOD,-77784.3200000001
20260122,10m,EOD,LONG,1,65,14:41,15:24,25335.9,25380.0,2866.5,363.56,2502.94,EOD,-75281.38000000009
20260123,3m,3m-flip,LONG,1,65,10:37,11:37,25335.5,25274.6,-3958.5,190.03,-4148.53,3m-flip,-79429.91000000009
20260123,3m,3m-flip,SHORT,1,65,11:37,12:46,25274.6,25284.4,-637.0,534.96,-1171.96,3m-flip,-80601.8700000001
20260123,3m,3m-flip,LONG,1,65,12:46,13:10,25284.4,25229.5,-3568.5,189.77,-3758.27,3m-flip,-84360.1400000001
20260123,3m,3m-flip,SHORT,1,65,13:10,14:43,25229.5,25121.3,7033.0,532.95,6500.05,3m-flip,-77860.0900000001
20260123,3m,3m-flip,LONG,1,65,14:43,15:13,25121.3,25069.5,-3367.0,188.85,-3555.85,3m-flip,-81415.9400000001
20260123,3m,EOD,SHORT,1,65,15:13,15:24,25069.5,25084.4,-968.5,359.85,-1328.35,EOD,-82744.29000000011
20260127,3m,3m-flip,LONG,1,65,09:40,10:43,25105.0,25055.7,-3204.5,188.76,-3393.26,3m-flip,-86137.5500000001
20260127,3m,3m-flip,SHORT,1,65,10:43,11:28,25055.7,25055.0,45.5,530.63,-485.13,3m-flip,-86622.68000000011
20260127,3m,3m-flip,LONG,1,65,11:28,12:40,25055.0,25103.1,3126.5,188.76,2937.74,3m-flip,-83684.9400000001
20260127,5m,3m-flip,LONG,1,65,11:46,12:40,25178.1,25103.1,-4875.0,189.11,-5064.11,3m-flip,-88749.0500000001
20260127,3m,3m-flip,SHORT,1,65,12:40,13:31,25103.1,25137.3,-2223.0,531.89,-2754.89,3m-flip,-91503.9400000001
20260127,3m,3m-flip,LONG,1,65,13:31,13:40,25137.3,25044.4,-6038.5,188.83,-6227.33,3m-flip,-97731.2700000001
20260127,3m,3m-flip,SHORT,1,65,13:40,14:40,25044.4,25114.8,-4576.0,531.1,-5107.1,3m-flip,-102838.37000000011
20260127,5m,3m-flip,SHORT,1,65,13:41,14:40,25052.0,25114.8,-4082.0,531.17,-4613.17,3m-flip,-107451.54000000011
20260127,3m,EOD,LONG,1,65,14:40,15:24,25114.8,25175.4,3939.0,360.95,3578.05,EOD,-103873.4900000001
20260127,5m,EOD,LONG,1,65,14:41,15:24,25115.2,25175.4,3913.0,360.95,3552.05,EOD,-100321.4400000001
20260127,10m,EOD,LONG,1,65,15:01,15:24,25122.6,25175.4,3432.0,360.97,3071.03,EOD,-97250.4100000001
20260128,3m,3m-flip,LONG,1,65,10:58,11:46,25425.9,25442.8,1098.5,190.77,907.73,3m-flip,-96342.68000000011
20260128,5m,3m-flip,LONG,1,65,11:06,11:46,25445.6,25442.8,-182.0,190.83,-372.83,3m-flip,-96715.51000000011
20260128,10m,3m-flip,LONG,1,65,11:31,11:46,25472.6,25442.8,-1937.0,190.9,-2127.9,3m-flip,-98843.4100000001
20260128,3m,3m-flip,SHORT,1,65,11:46,14:34,25442.8,25340.0,6682.0,537.11,6144.89,3m-flip,-92698.5200000001
20260128,5m,3m-flip,SHORT,1,65,12:26,14:34,25399.6,25340.0,3874.0,536.7,3337.3,3m-flip,-89361.2200000001
20260128,10m,3m-flip,SHORT,1,65,13:31,14:34,25374.8,25340.0,2262.0,536.46,1725.54,3m-flip,-87635.68000000011
20260128,3m,EOD,LONG,1,65,14:34,15:24,25340.0,25452.3,7299.5,364.27,6935.23,EOD,-80700.45000000011
20260128,5m,EOD,LONG,1,65,14:51,15:24,25400.9,25452.3,3341.0,364.44,2976.56,EOD,-77723.89000000012
20260128,10m,EOD,LONG,1,65,15:01,15:24,25443.8,25452.3,552.5,364.56,187.94,EOD,-77535.95000000011
20260129,3m,EOD,LONG,1,65,11:10,15:24,25350.3,25530.5,11713.0,365.05,11347.95,EOD,-66188.00000000012
20260129,5m,EOD,LONG,1,65,11:21,15:24,25378.9,25530.5,9854.0,365.13,9488.87,EOD,-56699.130000000114
20260129,10m,EOD,LONG,1,65,11:31,15:24,25397.1,25530.5,8671.0,365.18,8305.82,EOD,-48393.310000000114
20260129,30m,EOD,LONG,1,65,13:31,15:24,25459.8,25530.5,4595.5,365.36,4230.14,EOD,-44163.170000000115
20260130,3m,3m-flip,LONG,1,65,11:55,13:10,25379.9,25330.0,-3243.5,190.32,-3433.82,3m-flip,-47596.990000000114
20260130,5m,3m-flip,LONG,1,65,12:26,13:10,25396.0,25330.0,-4290.0,190.37,-4480.37,3m-flip,-52077.36000000012
20260130,3m,3m-flip,SHORT,1,65,13:10,13:43,25330.0,25378.0,-3120.0,536.4,-3656.4,3m-flip,-55733.76000000012
20260130,5m,3m-flip,SHORT,1,65,13:11,13:43,25340.0,25378.0,-2470.0,536.49,-3006.49,3m-flip,-58740.25000000012
20260130,3m,3m-flip,LONG,1,65,13:43,14:46,25378.0,25386.0,520.0,190.47,329.53,3m-flip,-58410.72000000012
20260130,5m,3m-flip,LONG,1,65,13:46,14:46,25395.3,25386.0,-604.5,190.52,-795.02,3m-flip,-59205.740000000114
20260130,10m,3m-flip,LONG,1,65,14:01,14:46,25428.0,25386.0,-2730.0,190.62,-2920.62,3m-flip,-62126.36000000012
20260130,3m,EOD,SHORT,1,65,14:46,15:24,25386.0,25404.0,-1170.0,363.81,-1533.81,EOD,-63660.170000000115
20260201,3m,3m-flip,LONG,1,65,11:10,11:22,25481.0,25474.8,-403.0,191.02,-594.02,3m-flip,-64254.19000000011
20260201,3m,3m-flip,SHORT,1,65,11:22,12:10,25474.8,25443.9,2008.5,538.42,1470.08,3m-flip,-62784.11000000011
20260201,3m,3m-flip,LONG,1,65,12:10,12:16,25443.9,25285.0,-10328.5,190.37,-10518.87,3m-flip,-73302.98000000011
20260201,5m,3m-flip,LONG,1,65,12:11,12:16,25458.1,25285.0,-11251.5,190.41,-11441.91,3m-flip,-84744.89000000012
20260201,3m,3m-flip,SHORT,1,65,12:16,12:40,25285.0,25077.8,13468.0,533.06,12934.94,3m-flip,-71809.95000000011
20260201,3m,3m-flip,LONG,1,65,12:40,13:55,25077.8,25059.2,-1209.0,188.7,-1397.7,3m-flip,-73207.65000000011
20260201,5m,3m-flip,LONG,1,65,12:41,13:55,25056.8,25059.2,156.0,188.64,-32.64,3m-flip,-73240.29000000011
20260201,10m,3m-flip,LONG,1,65,13:01,13:55,25121.0,25059.2,-4017.0,188.82,-4205.82,3m-flip,-77446.1100000001
20260201,3m,EOD,SHORT,1,65,13:55,15:24,25059.2,24792.8,17316.0,358.92,16957.08,EOD,-60489.0300000001
20260201,5m,EOD,SHORT,1,65,14:51,15:24,25026.3,24792.8,15177.5,358.61,14818.89,EOD,-45670.1400000001
20260201,10m,EOD,SHORT,1,65,15:11,15:24,24917.9,24792.8,8131.5,357.56,7773.94,EOD,-37896.2000000001
20260202,3m,3m-flip,SHORT,1,65,10:07,11:34,24868.6,24873.7,-331.5,527.07,-858.57,3m-flip,-38754.7700000001
20260202,3m,3m-flip,LONG,1,65,11:34,12:37,24873.7,24930.0,3659.5,187.76,3471.74,3m-flip,-35283.0300000001
20260202,5m,3m-flip,LONG,1,65,11:36,12:37,24898.1,24930.0,2073.5,187.83,1885.67,3m-flip,-33397.3600000001
20260202,10m,3m-flip,LONG,1,65,11:41,12:37,24902.6,24930.0,1781.0,187.84,1593.16,3m-flip,-31804.200000000103
20260202,3m,3m-flip,SHORT,1,65,12:37,13:01,24930.0,25026.6,-6279.0,529.15,-6808.15,3m-flip,-38612.3500000001
20260202,3m,3m-flip,LONG,1,65,13:01,13:22,25026.6,24950.0,-4979.0,188.25,-5167.25,3m-flip,-43779.6000000001
20260202,3m,3m-flip,SHORT,1,65,13:22,13:43,24950.0,25027.7,-5050.5,529.35,-5579.85,3m-flip,-49359.4500000001
20260202,5m,3m-flip,SHORT,1,65,13:26,13:43,24950.8,25027.7,-4998.5,529.36,-5527.86,3m-flip,-54887.3100000001
20260202,3m,EOD,LONG,1,65,13:43,15:24,25027.7,25142.0,7429.5,360.39,7069.11,EOD,-47818.2000000001
20260202,5m,EOD,LONG,1,65,13:46,15:24,25045.0,25142.0,6305.0,360.43,5944.57,EOD,-41873.6300000001
20260202,30m,EOD,LONG,1,65,15:01,15:24,25138.4,25142.0,234.0,360.7,-126.7,EOD,-42000.330000000096
20260203,3m,3m-flip,LONG,1,65,11:37,12:31,25942.6,25885.1,-3737.5,193.48,-3930.98,3m-flip,-45931.3100000001
20260203,3m,3m-flip,SHORT,1,65,12:31,13:46,25885.1,25890.1,-325.0,546.69,-871.69,3m-flip,-46803.0000000001
20260203,3m,3m-flip,LONG,1,65,13:46,14:07,25890.1,25855.0,-2281.5,193.24,-2474.74,3m-flip,-49277.7400000001
20260203,3m,EOD,SHORT,1,65,14:07,15:24,25855.0,25819.6,2301.0,369.5,1931.5,EOD,-47346.2400000001
20260204,3m,3m-flip,SHORT,1,65,10:37,12:10,25791.4,25817.1,-1670.5,545.09,-2215.59,3m-flip,-49561.8300000001
20260204,3m,3m-flip,LONG,1,65,12:10,13:01,25817.1,25797.9,-1248.0,192.87,-1440.87,3m-flip,-51002.700000000106
20260204,3m,3m-flip,SHORT,1,65,13:01,13:16,25797.9,25823.0,-1631.5,545.2,-2176.7,3m-flip,-53179.4000000001
20260204,3m,3m-flip,LONG,1,65,13:16,14:49,25823.0,25879.4,3666.0,193.12,3472.88,3m-flip,-49706.520000000106
20260204,5m,3m-flip,LONG,1,65,13:26,14:49,25846.7,25879.4,2125.5,193.19,1932.31,3m-flip,-47774.21000000011
20260204,10m,3m-flip,LONG,1,65,14:21,14:49,25900.0,25879.4,-1339.0,193.34,-1532.34,3m-flip,-49306.550000000105
20260204,3m,EOD,SHORT,1,65,14:49,15:24,25879.4,25836.0,2821.0,369.79,2451.21,EOD,-46855.340000000106
20260204,5m,EOD,SHORT,1,65,15:21,15:24,25848.0,25836.0,780.0,369.48,410.52,EOD,-46444.82000000011
20260205,3m,3m-flip,LONG,1,65,10:22,10:40,25759.5,25720.0,-2567.5,192.49,-2759.99,3m-flip,-49204.81000000011
20260205,3m,3m-flip,SHORT,1,65,10:40,11:13,25720.0,25754.0,-2210.0,543.79,-2753.79,3m-flip,-51958.60000000011
20260205,3m,3m-flip,LONG,1,65,11:13,12:19,25754.0,25712.0,-2730.0,192.46,-2922.46,3m-flip,-54881.06000000011
20260205,3m,3m-flip,SHORT,1,65,12:19,13:19,25712.0,25734.0,-1430.0,543.51,-1973.51,3m-flip,-56854.57000000011
20260205,3m,3m-flip,LONG,1,65,13:19,13:31,25734.0,25700.0,-2210.0,192.36,-2402.36,3m-flip,-59256.93000000011
20260205,3m,3m-flip,SHORT,1,65,13:31,14:34,25700.0,25709.0,-585.0,543.16,-1128.16,3m-flip,-60385.09000000011
20260205,3m,3m-flip,LONG,1,65,14:34,15:22,25709.0,25713.3,279.5,192.33,87.17,3m-flip,-60297.920000000115
20260205,5m,3m-flip,LONG,1,65,14:41,15:22,25710.0,25713.3,214.5,192.33,22.17,3m-flip,-60275.75000000012
20260205,3m,EOD,SHORT,1,65,15:22,15:24,25713.3,25720.0,-435.5,367.85,-803.35,EOD,-61079.100000000115
20260206,3m,3m-flip,LONG,1,65,11:13,12:13,25625.0,25666.0,2665.0,191.96,2473.04,3m-flip,-58606.060000000114
20260206,5m,3m-flip,LONG,1,65,11:26,12:13,25657.0,25666.0,585.0,192.05,392.95,3m-flip,-58213.11000000012
20260206,10m,3m-flip,LONG,1,65,11:41,12:13,25705.0,25666.0,-2535.0,192.19,-2727.19,3m-flip,-60940.30000000012
20260206,3m,3m-flip,SHORT,1,65,12:13,13:40,25666.0,25652.7,864.5,542.29,322.21,3m-flip,-60618.09000000012
20260206,5m,3m-flip,SHORT,1,65,12:26,13:40,25636.0,25652.7,-1085.5,542.0,-1627.5,3m-flip,-62245.59000000012
20260206,10m,3m-flip,SHORT,1,65,12:51,13:40,25610.1,25652.7,-2769.0,541.75,-3310.75,3m-flip,-65556.34000000011
20260206,3m,EOD,LONG,1,65,13:40,15:24,25652.7,25731.6,5128.5,367.84,4760.66,EOD,-60795.68000000011
20260206,5m,EOD,LONG,1,65,13:51,15:24,25660.0,25731.6,4654.0,367.86,4286.14,EOD,-56509.54000000011
20260206,10m,EOD,LONG,1,65,14:11,15:24,25676.0,25731.6,3614.0,367.91,3246.09,EOD,-53263.45000000011
20260206,30m,EOD,LONG,1,65,15:01,15:24,25738.0,25731.6,-416.0,368.08,-784.08,EOD,-54047.530000000115
20260209,3m,3m-flip,LONG,1,65,10:40,11:55,25914.0,25904.0,-650.0,193.45,-843.45,3m-flip,-54890.98000000011
20260209,5m,3m-flip,LONG,1,65,11:01,11:55,25935.0,25904.0,-2015.0,193.51,-2208.51,3m-flip,-57099.490000000114
20260209,3m,3m-flip,SHORT,1,65,11:55,12:25,25904.0,25929.6,-1664.0,547.25,-2211.25,3m-flip,-59310.740000000114
20260209,3m,3m-flip,LONG,1,65,12:25,12:34,25929.6,25910.0,-1274.0,193.51,-1467.51,3m-flip,-60778.25000000012
20260209,3m,3m-flip,SHORT,1,65,12:34,13:10,25910.0,25915.7,-370.5,547.18,-917.68,3m-flip,-61695.93000000012
20260209,5m,3m-flip,SHORT,1,65,12:46,13:10,25899.7,25915.7,-1040.0,547.08,-1587.08,3m-flip,-63283.01000000012
20260209,3m,3m-flip,LONG,1,65,13:10,13:31,25915.7,25900.0,-1020.5,193.44,-1213.94,3m-flip,-64496.95000000012
20260209,3m,3m-flip,SHORT,1,65,13:31,14:25,25900.0,25920.9,-1358.5,547.14,-1905.64,3m-flip,-66402.59000000013
20260209,3m,3m-flip,LONG,1,65,14:25,14:43,25920.9,25903.0,-1163.5,193.47,-1356.97,3m-flip,-67759.56000000013
20260209,3m,3m-flip,SHORT,1,65,14:43,15:07,25903.0,25926.5,-1527.5,547.21,-2074.71,3m-flip,-69834.27000000014
20260209,3m,EOD,LONG,1,65,15:07,15:24,25926.5,25913.0,-877.5,370.36,-1247.86,EOD,-71082.13000000014
20260210,3m,3m-flip,LONG,1,65,10:37,11:49,26028.3,26001.3,-1755.0,194.04,-1949.04,3m-flip,-73031.17000000013
20260210,3m,3m-flip,SHORT,1,65,11:49,12:07,26001.3,26017.6,-1059.5,549.04,-1608.54,3m-flip,-74639.71000000012
20260210,3m,3m-flip,LONG,1,65,12:07,13:04,26017.6,26025.0,481.0,194.08,286.92,3m-flip,-74352.79000000012
20260210,5m,3m-flip,LONG,1,65,12:51,13:04,26036.6,26025.0,-754.0,194.13,-948.13,3m-flip,-75300.92000000013
20260210,3m,3m-flip,SHORT,1,65,13:04,14:19,26025.0,25987.3,2450.5,548.98,1901.52,3m-flip,-73399.40000000013
20260210,5m,3m-flip,SHORT,1,65,13:21,14:19,26010.0,25987.3,1475.5,548.84,926.66,3m-flip,-72472.74000000012
20260210,3m,EOD,LONG,1,65,14:19,15:24,25987.3,25969.4,-1163.5,371.07,-1534.57,EOD,-74007.31000000013
20260210,5m,EOD,LONG,1,65,15:06,15:24,25999.6,25969.4,-1963.0,371.11,-2334.11,EOD,-76341.42000000013
20260211,3m,3m-flip,LONG,1,65,10:25,11:10,26027.0,26004.0,-1495.0,194.05,-1689.05,3m-flip,-78030.47000000013
20260211,3m,3m-flip,SHORT,1,65,11:10,11:37,26004.0,26026.7,-1475.5,549.16,-2024.66,3m-flip,-80055.13000000014
20260211,3m,3m-flip,LONG,1,65,11:37,12:10,26026.7,25996.0,-1995.5,194.03,-2189.53,3m-flip,-82244.66000000013
20260211,3m,3m-flip,SHORT,1,65,12:10,13:28,25996.0,25990.0,390.0,548.72,-158.72,3m-flip,-82403.38000000014
20260211,3m,3m-flip,LONG,1,65,13:28,13:52,25990.0,25983.2,-442.0,193.88,-635.88,3m-flip,-83039.26000000014
20260211,5m,3m-flip,LONG,1,65,13:41,13:52,26008.0,25983.2,-1612.0,193.93,-1805.93,3m-flip,-84845.19000000013
20260211,3m,3m-flip,SHORT,1,65,13:52,14:19,25983.2,26015.0,-2067.0,548.84,-2615.84,3m-flip,-87461.03000000013
20260211,3m,EOD,LONG,1,65,14:19,15:24,26015.0,25990.0,-1625.0,371.35,-1996.35,EOD,-89457.38000000014
20260212,3m,3m-flip,LONG,1,65,12:37,13:10,25902.0,25890.9,-721.5,193.37,-914.87,3m-flip,-90372.25000000013
20260212,3m,3m-flip,SHORT,1,65,13:10,13:25,25890.9,25911.4,-1332.5,546.96,-1879.46,3m-flip,-92251.71000000014
20260212,3m,3m-flip,LONG,1,65,13:25,13:52,25911.4,25880.9,-1982.5,193.37,-2175.87,3m-flip,-94427.58000000013
20260212,5m,3m-flip,LONG,1,65,13:31,13:52,25907.0,25880.9,-1696.5,193.36,-1889.86,3m-flip,-96317.44000000013
20260212,3m,3m-flip,SHORT,1,65,13:52,15:04,25880.9,25873.0,513.5,546.48,-32.98,3m-flip,-96350.42000000013
20260212,5m,3m-flip,SHORT,1,65,13:56,15:04,25878.2,25873.0,338.0,546.45,-208.45,3m-flip,-96558.87000000013
20260212,3m,EOD,LONG,1,65,15:04,15:24,25873.0,25853.7,-1254.5,369.64,-1624.14,EOD,-98183.01000000013
20260212,5m,EOD,LONG,1,65,15:06,15:24,25855.4,25853.7,-110.5,369.59,-480.09,EOD,-98663.10000000012
20260213,3m,3m-flip,LONG,1,65,12:04,12:52,25616.5,25619.5,195.0,191.81,3.19,3m-flip,-98659.91000000012
20260213,5m,3m-flip,LONG,1,65,12:31,12:52,25629.2,25619.5,-630.5,191.84,-822.34,3m-flip,-99482.25000000012
20260213,3m,3m-flip,SHORT,1,65,12:52,13:22,25619.5,25620.5,-65.0,541.53,-606.53,3m-flip,-100088.78000000012
20260213,5m,3m-flip,SHORT,1,65,13:01,13:22,25608.1,25620.5,-806.0,541.42,-1347.42,3m-flip,-101436.20000000011
20260213,3m,3m-flip,LONG,1,65,13:22,13:46,25620.5,25596.9,-1534.0,191.75,-1725.75,3m-flip,-103161.95000000011
20260213,3m,EOD,SHORT,1,65,13:46,15:24,25596.9,25514.1,5382.0,366.15,5015.85,EOD,-98146.10000000011
20260216,3m,3m-flip,SHORT,1,65,13:58,14:31,25595.9,25659.6,-4140.5,541.68,-4682.18,3m-flip,-102828.28000000012
20260216,3m,EOD,LONG,1,65,14:31,15:24,25659.6,25719.6,3900.0,367.74,3532.26,EOD,-99296.02000000012
20260217,3m,3m-flip,LONG,1,65,09:46,10:46,25655.6,25681.6,1690.0,192.09,1497.91,3m-flip,-97798.11000000012
20260217,10m,3m-flip,LONG,1,65,10:01,10:46,25670.1,25681.6,747.5,192.13,555.37,3m-flip,-97242.74000000012
20260217,30m,3m-flip,LONG,1,65,10:31,10:46,25740.0,25681.6,-3796.0,192.33,-3988.33,3m-flip,-101231.07000000012
20260217,3m,3m-flip,SHORT,1,65,10:46,11:34,25681.6,25728.5,-3048.5,543.17,-3591.67,3m-flip,-104822.74000000012
20260217,3m,3m-flip,LONG,1,65,11:34,13:07,25728.5,25748.4,1293.5,192.48,1101.02,3m-flip,-103721.72000000012
20260217,5m,3m-flip,LONG,1,65,11:36,13:07,25735.0,25748.4,871.0,192.5,678.5,3m-flip,-103043.22000000012
20260217,3m,3m-flip,SHORT,1,65,13:07,13:34,25748.4,25775.0,-1729.0,544.26,-2273.26,3m-flip,-105316.48000000011
20260217,3m,3m-flip,LONG,1,65,13:34,13:58,25775.0,25725.0,-3250.0,192.54,-3442.54,3m-flip,-108759.0200000001
20260217,3m,EOD,SHORT,1,65,13:58,15:24,25725.0,25736.3,-734.5,368.02,-1102.52,EOD,-109861.54000000011
20260217,5m,EOD,SHORT,1,65,14:01,15:24,25735.8,25736.3,-32.5,368.12,-400.62,EOD,-110262.1600000001
20260217,10m,EOD,SHORT,1,65,14:31,15:24,25703.1,25736.3,-2158.0,367.81,-2525.81,EOD,-112787.9700000001
20260218,3m,EOD,LONG,1,65,11:01,15:24,25725.0,25822.2,6318.0,368.91,5949.09,EOD,-106838.8800000001
20260218,5m,EOD,LONG,1,65,11:36,15:24,25734.0,25822.2,5733.0,368.94,5364.06,EOD,-101474.82000000011
20260218,10m,EOD,LONG,1,65,12:41,15:24,25743.9,25822.2,5089.5,368.97,4720.53,EOD,-96754.29000000011
20260218,30m,EOD,LONG,1,65,14:31,15:24,25810.0,25822.2,793.0,369.15,423.85,EOD,-96330.4400000001
20260219,3m,3m-flip,LONG,1,65,12:25,12:43,25636.1,25589.4,-3035.5,191.77,-3227.27,3m-flip,-99557.71000000011
20260219,3m,3m-flip,SHORT,1,65,12:43,13:10,25589.4,25641.0,-3354.0,541.44,-3895.44,3m-flip,-103453.15000000011
20260219,3m,3m-flip,LONG,1,65,13:10,13:34,25641.0,25592.2,-3172.0,191.8,-3363.8,3m-flip,-106816.95000000011
20260219,3m,3m-flip,SHORT,1,65,13:34,14:22,25592.2,25592.1,6.5,540.99,-534.49,3m-flip,-107351.44000000012
20260219,3m,3m-flip,LONG,1,65,14:22,14:31,25592.1,25580.0,-786.5,191.62,-978.12,3m-flip,-108329.56000000011
20260219,3m,EOD,SHORT,1,65,14:31,15:24,25580.0,25412.7,10874.5,365.7,10508.8,EOD,-97820.76000000011
20260220,3m,3m-flip,LONG,1,65,09:58,12:46,25540.1,25626.9,5642.0,191.61,5450.39,3m-flip,-92370.37000000011
20260220,5m,3m-flip,LONG,1,65,10:21,12:46,25551.0,25626.9,4933.5,191.64,4741.86,3m-flip,-87628.51000000011
20260220,10m,3m-flip,LONG,1,65,10:41,12:46,25619.9,25626.9,455.0,191.84,263.16,3m-flip,-87365.35000000011
20260220,30m,3m-flip,LONG,1,65,12:31,12:46,25681.2,25626.9,-3529.5,192.01,-3721.51,3m-flip,-91086.8600000001
20260220,3m,3m-flip,SHORT,1,65,12:46,13:37,25626.9,25591.6,2294.5,541.32,1753.18,3m-flip,-89333.68000000011
20260220,5m,3m-flip,SHORT,1,65,13:01,13:37,25620.0,25591.6,1846.0,541.25,1304.75,3m-flip,-88028.93000000011
20260220,10m,3m-flip,SHORT,1,65,13:11,13:37,25560.0,25591.6,-2054.0,540.67,-2594.67,3m-flip,-90623.60000000011
20260220,3m,3m-flip,LONG,1,65,13:37,15:07,25591.6,25595.0,221.0,191.67,29.33,3m-flip,-90594.2700000001
20260220,5m,3m-flip,LONG,1,65,14:01,15:07,25619.0,25595.0,-1560.0,191.74,-1751.74,3m-flip,-92346.01000000011
20260220,10m,3m-flip,LONG,1,65,14:51,15:07,25655.0,25595.0,-3900.0,191.85,-4091.85,3m-flip,-96437.86000000012
20260220,3m,EOD,SHORT,1,65,15:07,15:24,25595.0,25582.0,845.0,366.32,478.68,EOD,-95959.18000000012
20260220,5m,EOD,SHORT,1,65,15:11,15:24,25575.7,25582.0,-409.5,366.14,-775.64,EOD,-96734.82000000012
20260220,10m,EOD,SHORT,1,65,15:21,15:24,25555.5,25582.0,-1722.5,365.94,-2088.44,EOD,-98823.26000000013
20260223,3m,3m-flip,SHORT,1,65,10:40,12:46,25692.1,25686.3,377.0,542.86,-165.86,3m-flip,-98989.12000000013
20260223,3m,3m-flip,LONG,1,65,12:46,12:55,25686.3,25655.8,-1982.5,192.1,-2174.6,3m-flip,-101163.72000000013
20260223,3m,3m-flip,SHORT,1,65,12:55,13:46,25655.8,25663.8,-520.0,542.3,-1062.3,3m-flip,-102226.02000000014
20260223,3m,3m-flip,LONG,1,65,13:46,14:04,25663.8,25612.4,-3341.0,191.92,-3532.92,3m-flip,-105758.94000000013
20260223,3m,3m-flip,SHORT,1,65,14:04,14:31,25612.4,25702.3,-5843.5,542.25,-6385.75,3m-flip,-112144.69000000013
20260223,3m,EOD,LONG,1,65,14:31,15:24,25702.3,25708.8,422.5,367.76,54.74,EOD,-112089.95000000013
20260223,10m,EOD,LONG,1,65,14:51,15:24,25690.1,25708.8,1215.5,367.73,847.77,EOD,-111242.18000000012
20260224,3m,3m-flip,LONG,1,65,11:13,11:58,25517.4,25489.0,-1846.0,191.16,-2037.16,3m-flip,-113279.34000000013
20260224,3m,3m-flip,SHORT,1,65,11:58,13:58,25489.0,25416.7,4699.5,538.3,4161.2,3m-flip,-109118.14000000013
20260224,3m,EOD,LONG,1,65,13:58,15:24,25416.7,25425.2,552.5,364.21,188.29,EOD,-108929.85000000014
20260224,5m,EOD,LONG,1,65,14:16,15:24,25439.0,25425.2,-897.0,364.28,-1261.28,EOD,-110191.13000000014
20260225,3m,3m-flip,LONG,1,65,10:10,11:19,25785.9,25760.0,-1683.5,192.68,-1876.18,3m-flip,-112067.31000000013
20260225,5m,3m-flip,LONG,1,65,10:11,11:19,25784.0,25760.0,-1560.0,192.67,-1752.67,3m-flip,-113819.98000000013
20260225,10m,3m-flip,LONG,1,65,10:11,11:19,25784.0,25760.0,-1560.0,192.67,-1752.67,3m-flip,-115572.65000000013
20260225,3m,3m-flip,SHORT,1,65,11:19,14:22,25760.0,25632.0,8320.0,542.99,7777.01,3m-flip,-107795.64000000013
20260225,5m,3m-flip,SHORT,1,65,12:01,14:22,25747.3,25632.0,7494.5,542.87,6951.63,3m-flip,-100844.01000000013
20260225,10m,3m-flip,SHORT,1,65,12:41,14:22,25660.0,25632.0,1820.0,542.03,1277.97,3m-flip,-99566.04000000012
20260225,3m,3m-flip,LONG,1,65,14:22,14:55,25632.0,25603.1,-1878.5,191.8,-2070.3,3m-flip,-101636.34000000013
20260225,3m,3m-flip,SHORT,1,65,14:55,15:04,25603.1,25639.5,-2366.0,541.55,-2907.55,3m-flip,-104543.89000000013
20260225,3m,EOD,LONG,1,65,15:04,15:24,25639.5,25621.7,-1157.0,366.74,-1523.74,EOD,-106067.63000000014
20260225,5m,EOD,LONG,1,65,15:06,15:24,25625.6,25621.7,-253.5,366.7,-620.2,EOD,-106687.83000000013
20260226,3m,3m-flip,LONG,1,65,11:28,11:40,25700.8,25652.6,-3133.0,192.14,-3325.14,3m-flip,-110012.97000000013
20260226,3m,3m-flip,SHORT,1,65,11:40,14:16,25652.6,25598.0,3549.0,541.63,3007.37,3m-flip,-107005.60000000014
20260226,3m,EOD,LONG,1,65,14:16,15:24,25598.0,25637.3,2554.5,366.78,2187.72,EOD,-104817.88000000014
20260226,5m,EOD,LONG,1,65,14:36,15:24,25605.0,25637.3,2099.5,366.79,1732.71,EOD,-103085.17000000013
20260226,10m,EOD,LONG,1,65,14:51,15:24,25638.6,25637.3,-84.5,366.89,-451.39,EOD,-103536.56000000013
20260227,3m,3m-flip,LONG,1,65,11:16,11:34,25474.8,25425.3,-3217.5,190.86,-3408.36,3m-flip,-106944.92000000013
20260227,3m,3m-flip,SHORT,1,65,11:34,12:04,25425.3,25446.9,-1404.0,537.98,-1941.98,3m-flip,-108886.90000000013
20260227,3m,3m-flip,LONG,1,65,12:04,12:25,25446.9,25409.3,-2444.0,190.73,-2634.73,3m-flip,-111521.63000000012
20260227,3m,3m-flip,SHORT,1,65,12:25,13:43,25409.3,25439.4,-1956.5,537.75,-2494.25,3m-flip,-114015.88000000012
20260227,3m,3m-flip,LONG,1,65,13:43,14:31,25439.4,25429.0,-676.0,190.77,-866.77,3m-flip,-114882.65000000013
20260227,5m,3m-flip,LONG,1,65,13:51,14:31,25449.7,25429.0,-1345.5,190.8,-1536.3,3m-flip,-116418.95000000013
20260227,3m,EOD,SHORT,1,65,14:31,15:24,25429.0,25329.1,6493.5,364.01,6129.49,EOD,-110289.46000000012
20260302,3m,EOD,LONG,1,65,14:07,15:24,24886.5,24965.0,5102.5,358.28,4744.22,EOD,-105545.24000000012
20260302,10m,EOD,LONG,1,65,14:11,15:24,24895.4,24965.0,4524.0,358.3,4165.7,EOD,-101379.54000000012
20260304,3m,3m-flip,LONG,1,65,10:28,11:31,24559.0,24486.4,-4719.0,185.62,-4904.62,3m-flip,-106284.16000000012
20260304,3m,3m-flip,SHORT,1,65,11:31,12:58,24486.4,24535.1,-3165.5,520.13,-3685.63,3m-flip,-109969.79000000012
20260304,3m,3m-flip,LONG,1,65,12:58,13:55,24535.1,24536.1,65.0,185.7,-120.7,3m-flip,-110090.49000000012
20260304,5m,3m-flip,LONG,1,65,13:11,13:55,24546.3,24536.1,-663.0,185.73,-848.73,3m-flip,-110939.22000000012
20260304,3m,3m-flip,SHORT,1,65,13:55,14:10,24536.1,24600.0,-4153.5,521.23,-4674.73,3m-flip,-115613.95000000011
20260304,3m,3m-flip,LONG,1,65,14:10,14:28,24600.0,24626.6,1729.0,186.13,1542.87,3m-flip,-114071.08000000012
20260304,10m,3m-flip,LONG,1,65,14:11,14:28,24607.0,24626.6,1274.0,186.15,1087.85,3m-flip,-112983.23000000011
20260304,3m,3m-flip,SHORT,1,65,14:28,14:43,24626.6,24669.0,-2756.0,522.77,-3278.77,3m-flip,-116262.00000000012
20260304,3m,3m-flip,LONG,1,65,14:43,15:04,24669.0,24612.9,-3646.5,186.28,-3832.78,3m-flip,-120094.78000000012
20260304,3m,EOD,SHORT,1,65,15:04,15:24,24612.9,24577.8,2281.5,354.02,1927.48,EOD,-118167.30000000012
20260304,5m,EOD,SHORT,1,65,15:06,15:24,24613.0,24577.8,2288.0,354.02,1933.98,EOD,-116233.32000000012
20260304,10m,EOD,SHORT,1,65,15:11,15:24,24570.0,24577.8,-507.0,353.6,-860.6,EOD,-117093.92000000013
20260305,3m,3m-flip,LONG,1,65,10:43,11:40,24735.0,24695.0,-2600.0,186.71,-2786.71,3m-flip,-119880.63000000014
20260305,3m,3m-flip,SHORT,1,65,11:40,12:13,24695.0,24696.9,-123.5,523.7,-647.2,3m-flip,-120527.83000000013
20260305,3m,3m-flip,LONG,1,65,12:13,13:37,24696.9,24705.0,526.5,186.62,339.88,3m-flip,-120187.95000000013
20260305,5m,3m-flip,LONG,1,65,12:31,13:37,24748.3,24705.0,-2814.5,186.77,-3001.27,3m-flip,-123189.22000000013
20260305,3m,3m-flip,SHORT,1,65,13:37,14:28,24705.0,24697.3,500.5,523.8,-23.3,3m-flip,-123212.52000000014
20260305,5m,3m-flip,SHORT,1,65,13:56,14:28,24672.0,24697.3,-1644.5,523.48,-2167.98,3m-flip,-125380.50000000013
20260305,3m,3m-flip,LONG,1,65,14:28,15:13,24697.3,24820.0,7975.5,186.95,7788.55,3m-flip,-117591.95000000013
20260305,5m,3m-flip,LONG,1,65,14:31,15:13,24686.0,24820.0,8710.0,186.92,8523.08,3m-flip,-109068.87000000013
20260305,10m,3m-flip,LONG,1,65,14:41,15:13,24850.0,24820.0,-1950.0,187.38,-2137.38,3m-flip,-111206.25000000013
20260305,30m,3m-flip,LONG,1,65,15:01,15:13,24925.0,24820.0,-6825.0,187.6,-7012.6,3m-flip,-118218.85000000014
20260305,3m,EOD,SHORT,1,65,15:13,15:24,24820.0,24818.7,84.5,356.7,-272.2,EOD,-118491.05000000013
20260305,5m,EOD,SHORT,1,65,15:16,15:24,24821.7,24818.7,195.0,356.71,-161.71,EOD,-118652.76000000014
20260306,3m,3m-flip,LONG,1,65,11:04,12:31,24720.1,24689.5,-1989.0,186.65,-2175.65,3m-flip,-120828.41000000013
20260306,3m,3m-flip,SHORT,1,65,12:31,14:19,24689.5,24705.0,-1007.5,523.73,-1531.23,3m-flip,-122359.64000000013
20260306,3m,3m-flip,LONG,1,65,14:19,14:43,24705.0,24639.9,-4231.5,186.46,-4417.96,3m-flip,-126777.60000000014
20260306,5m,3m-flip,LONG,1,65,14:26,14:43,24702.0,24639.9,-4036.5,186.46,-4222.96,3m-flip,-131000.56000000014
20260306,3m,EOD,SHORT,1,65,14:43,15:24,24639.9,24543.1,6292.0,354.18,5937.82,EOD,-125062.74000000014
20260306,5m,EOD,SHORT,1,65,14:46,15:24,24629.7,24543.1,5629.0,354.08,5274.92,EOD,-119787.82000000014
20260309,3m,3m-flip,LONG,1,65,10:55,12:22,23952.3,23947.1,-338.0,182.39,-520.39,3m-flip,-120308.21000000014
20260309,5m,3m-flip,LONG,1,65,11:41,12:22,24028.0,23947.1,-5258.5,182.6,-5441.1,3m-flip,-125749.31000000014
20260309,3m,3m-flip,SHORT,1,65,12:22,13:01,23947.1,23990.0,-2788.5,509.66,-3298.16,3m-flip,-129047.47000000015
20260309,3m,3m-flip,LONG,1,65,13:01,14:04,23990.0,23980.4,-624.0,182.59,-806.59,3m-flip,-129854.06000000014
20260309,3m,3m-flip,SHORT,1,65,14:04,14:34,23980.4,24014.7,-2229.5,510.23,-2739.73,3m-flip,-132593.79000000015
20260309,3m,EOD,LONG,1,65,14:34,15:24,24014.7,24098.3,5434.0,347.46,5086.54,EOD,-127507.25000000016
20260309,10m,EOD,LONG,1,65,14:51,15:24,24096.0,24098.3,149.5,347.69,-198.19,EOD,-127705.44000000016
20260310,3m,3m-flip,LONG,1,65,10:19,11:52,24288.1,24285.1,-195.0,184.29,-379.29,3m-flip,-128084.73000000016
20260310,5m,3m-flip,LONG,1,65,10:51,11:52,24309.5,24285.1,-1586.0,184.35,-1770.35,3m-flip,-129855.08000000016
20260310,3m,3m-flip,SHORT,1,65,11:52,12:58,24285.1,24314.8,-1930.5,516.06,-2446.56,3m-flip,-132301.64000000016
20260310,5m,3m-flip,SHORT,1,65,12:16,12:58,24260.0,24314.8,-3562.0,515.81,-4077.81,3m-flip,-136379.45000000016
20260310,3m,3m-flip,LONG,1,65,12:58,14:43,24314.8,24329.0,923.0,184.48,738.52,3m-flip,-135640.93000000017
20260310,10m,3m-flip,LONG,1,65,13:41,14:43,24354.7,24329.0,-1670.5,184.6,-1855.1,3m-flip,-137496.03000000017
20260310,3m,3m-flip,SHORT,1,65,14:43,15:07,24329.0,24390.0,-3965.0,517.21,-4482.21,3m-flip,-141978.24000000017
20260310,3m,EOD,LONG,1,65,15:07,15:24,24390.0,24417.0,1755.0,351.6,1403.4,EOD,-140574.84000000017
20260311,3m,3m-flip,LONG,1,65,13:31,14:10,24081.9,24012.0,-4543.5,182.94,-4726.44,3m-flip,-145301.28000000017
20260311,3m,3m-flip,SHORT,1,65,14:10,14:31,24012.0,24021.9,-643.5,510.6,-1154.1,3m-flip,-146455.38000000018
20260311,3m,3m-flip,LONG,1,65,14:31,15:01,24021.9,23971.6,-3269.5,182.66,-3452.16,3m-flip,-149907.54000000018
20260311,3m,EOD,SHORT,1,65,15:01,15:24,23971.6,23934.6,2405.0,346.01,2058.99,EOD,-147848.5500000002
20260312,3m,3m-flip,LONG,1,65,10:01,10:19,23751.0,23687.1,-4153.5,181.08,-4334.58,3m-flip,-152183.13000000018
20260312,3m,3m-flip,SHORT,1,65,10:19,10:28,23687.1,23745.0,-3763.5,504.8,-4268.3,3m-flip,-156451.43000000017
20260312,3m,3m-flip,LONG,1,65,10:28,11:22,23745.0,23740.0,-325.0,181.22,-506.22,3m-flip,-156957.65000000017
20260312,5m,3m-flip,LONG,1,65,10:41,11:22,23801.0,23740.0,-3965.0,181.37,-4146.37,3m-flip,-161104.02000000016
20260312,3m,3m-flip,SHORT,1,65,11:22,12:01,23740.0,23818.2,-5083.0,506.01,-5589.01,3m-flip,-166693.03000000017
20260312,3m,3m-flip,LONG,1,65,12:01,13:07,23818.2,23728.7,-5817.5,181.39,-5998.89,3m-flip,-172691.9200000002
20260312,3m,3m-flip,SHORT,1,65,13:07,13:19,23728.7,23775.8,-3061.5,505.49,-3566.99,3m-flip,-176258.91000000018
20260312,3m,3m-flip,LONG,1,65,13:19,13:58,23775.8,23827.4,3354.0,181.55,3172.45,3m-flip,-173086.46000000017
20260312,10m,3m-flip,LONG,1,65,13:41,13:58,23909.6,23827.4,-5343.0,181.93,-5524.93,3m-flip,-178611.39000000016
20260312,3m,EOD,SHORT,1,65,13:58,15:24,23827.4,23724.0,6721.0,344.03,6376.97,EOD,-172234.42000000016
20260312,5m,EOD,SHORT,1,65,14:01,15:24,23835.0,23724.0,7215.0,344.1,6870.9,EOD,-165363.52000000016
20260312,10m,EOD,SHORT,1,65,14:51,15:24,23700.2,23724.0,-1547.0,342.8,-1889.8,EOD,-167253.32000000015
20260313,3m,3m-flip,LONG,1,65,11:31,12:01,23462.0,23432.6,-1911.0,179.55,-2090.55,3m-flip,-169343.87000000014
20260313,5m,3m-flip,LONG,1,65,11:36,12:01,23479.2,23432.6,-3029.0,179.6,-3208.6,3m-flip,-172552.47000000015
20260313,3m,3m-flip,SHORT,1,65,12:01,14:16,23432.6,23240.3,12499.5,497.47,12002.03,3m-flip,-160550.44000000015
20260313,5m,3m-flip,SHORT,1,65,12:06,14:16,23415.0,23240.3,11355.5,497.3,10858.2,3m-flip,-149692.24000000014
20260313,3m,3m-flip,LONG,1,65,14:16,14:55,23240.3,23220.5,-1287.0,178.33,-1465.33,3m-flip,-151157.57000000012
20260313,3m,EOD,SHORT,1,65,14:55,15:24,23220.5,23199.0,1397.5,336.69,1060.81,EOD,-150096.76000000013
20260313,5m,EOD,SHORT,1,65,15:06,15:24,23183.3,23199.0,-1020.5,336.33,-1356.83,EOD,-151453.5900000001
20260316,3m,3m-flip,LONG,1,65,11:10,12:37,23155.0,23211.5,3672.5,178.06,3494.44,3m-flip,-147959.1500000001
20260316,5m,3m-flip,LONG,1,65,11:21,12:37,23264.9,23211.5,-3471.0,178.37,-3649.37,3m-flip,-151608.5200000001
20260316,10m,3m-flip,LONG,1,65,11:21,12:37,23264.9,23211.5,-3471.0,178.37,-3649.37,3m-flip,-155257.8900000001
20260316,3m,3m-flip,SHORT,1,65,12:37,14:13,23211.5,23237.4,-1683.5,495.31,-2178.81,3m-flip,-157436.7000000001
20260316,5m,3m-flip,SHORT,1,65,12:51,14:13,23152.8,23237.4,-5499.0,494.74,-5993.74,3m-flip,-163430.4400000001
20260316,3m,3m-flip,LONG,1,65,14:13,15:22,23237.4,23413.9,11472.5,178.86,11293.64,3m-flip,-152136.8000000001
20260316,5m,3m-flip,LONG,1,65,14:21,15:22,23296.4,23413.9,7637.5,179.03,7458.47,3m-flip,-144678.3300000001
20260316,30m,3m-flip,LONG,1,65,14:31,15:22,23376.5,23413.9,2431.0,179.26,2251.74,3m-flip,-142426.5900000001
20260316,3m,EOD,SHORT,1,65,15:22,15:24,23413.9,23386.0,1813.5,339.08,1474.42,EOD,-140952.1700000001
20260317,3m,3m-flip,LONG,1,65,10:01,10:31,23525.0,23506.3,-1215.5,179.93,-1395.43,3m-flip,-142347.6000000001
20260317,5m,3m-flip,LONG,1,65,10:21,10:31,23584.2,23506.3,-5063.5,180.1,-5243.6,3m-flip,-147591.2000000001
20260317,3m,3m-flip,SHORT,1,65,10:31,12:10,23506.3,23460.1,3003.0,500.3,2502.7,3m-flip,-145088.5000000001
20260317,5m,3m-flip,SHORT,1,65,11:21,12:10,23461.0,23460.1,58.5,499.87,-441.37,3m-flip,-145529.87000000008
20260317,3m,3m-flip,LONG,1,65,12:10,13:43,23460.1,23538.0,5063.5,179.84,4883.66,3m-flip,-140646.21000000008
20260317,5m,3m-flip,LONG,1,65,12:51,13:43,23506.7,23538.0,2034.5,179.97,1854.53,3m-flip,-138791.68000000008
20260317,10m,3m-flip,LONG,1,65,13:11,13:43,23540.0,23538.0,-130.0,180.07,-310.07,3m-flip,-139101.7500000001
20260317,3m,3m-flip,SHORT,1,65,13:43,14:13,23538.0,23619.1,-5271.5,502.14,-5773.64,3m-flip,-144875.3900000001
20260317,3m,3m-flip,LONG,1,65,14:13,14:25,23619.1,23565.6,-3477.5,180.37,-3657.87,3m-flip,-148533.2600000001
20260317,3m,3m-flip,SHORT,1,65,14:25,14:43,23565.6,23606.4,-2652.0,502.28,-3154.28,3m-flip,-151687.5400000001
20260317,3m,EOD,LONG,1,65,14:43,15:24,23606.4,23614.0,494.0,341.63,152.37,EOD,-151535.1700000001
20260317,30m,EOD,LONG,1,65,15:01,15:24,23652.1,23614.0,-2476.5,341.76,-2818.26,EOD,-154353.4300000001
20260318,3m,3m-flip,LONG,1,65,09:52,10:04,23754.0,23675.0,-5135.0,181.06,-5316.06,3m-flip,-159669.4900000001
20260318,3m,3m-flip,SHORT,1,65,10:04,10:25,23675.0,23748.1,-4751.5,504.71,-5256.21,3m-flip,-164925.7000000001
20260318,3m,3m-flip,LONG,1,65,10:25,12:13,23748.1,23799.0,3308.5,181.39,3127.11,3m-flip,-161798.5900000001
20260318,5m,3m-flip,LONG,1,65,10:51,12:13,23772.8,23799.0,1703.0,181.46,1521.54,3m-flip,-160277.0500000001
20260318,3m,3m-flip,SHORT,1,65,12:13,13:22,23799.0,23834.6,-2314.0,506.74,-2820.74,3m-flip,-163097.7900000001
20260318,5m,3m-flip,SHORT,1,65,12:31,13:22,23795.0,23834.6,-2574.0,506.7,-3080.7,3m-flip,-166178.4900000001
20260318,3m,3m-flip,LONG,1,65,13:22,14:34,23834.6,23805.0,-1924.0,181.65,-2105.65,3m-flip,-168284.1400000001
20260318,5m,3m-flip,LONG,1,65,13:26,14:34,23830.0,23805.0,-1625.0,181.64,-1806.64,3m-flip,-170090.78000000012
20260318,10m,3m-flip,LONG,1,65,13:41,14:34,23845.8,23805.0,-2652.0,181.68,-2833.68,3m-flip,-172924.4600000001
20260318,3m,EOD,SHORT,1,65,14:34,15:24,23805.0,23758.3,3035.5,343.9,2691.6,EOD,-170232.8600000001
20260318,5m,EOD,SHORT,1,65,14:36,15:24,23814.6,23758.3,3659.5,344.0,3315.5,EOD,-166917.3600000001
20260318,10m,EOD,SHORT,1,65,15:21,15:24,23767.1,23758.3,572.0,343.54,228.46,EOD,-166688.9000000001
20260320,3m,3m-flip,LONG,1,65,10:40,11:46,23315.0,23311.1,-253.5,178.79,-432.29,3m-flip,-167121.19000000012
20260320,5m,3m-flip,LONG,1,65,10:41,11:46,23318.7,23311.1,-494.0,178.8,-672.8,3m-flip,-167793.9900000001
20260320,10m,3m-flip,LONG,1,65,10:41,11:46,23318.7,23311.1,-494.0,178.8,-672.8,3m-flip,-168466.7900000001
20260320,3m,3m-flip,SHORT,1,65,11:46,12:43,23311.1,23219.7,5941.0,496.1,5444.9,3m-flip,-163021.8900000001
20260320,5m,3m-flip,SHORT,1,65,11:56,12:43,23268.4,23219.7,3165.5,495.69,2669.81,3m-flip,-160352.0800000001
20260320,10m,3m-flip,SHORT,1,65,12:01,12:43,23259.8,23219.7,2606.5,495.6,2110.9,3m-flip,-158241.1800000001
20260320,3m,3m-flip,LONG,1,65,12:43,13:49,23219.7,23242.4,1475.5,178.33,1297.17,3m-flip,-156944.0100000001
20260320,5m,3m-flip,LONG,1,65,12:51,13:49,23225.7,23242.4,1085.5,178.35,907.15,3m-flip,-156036.8600000001
20260320,10m,3m-flip,LONG,1,65,13:11,13:49,23260.1,23242.4,-1150.5,178.45,-1328.95,3m-flip,-157365.8100000001
20260320,3m,3m-flip,SHORT,1,65,13:49,15:04,23242.4,23183.2,3848.0,495.09,3352.91,3m-flip,-154012.9000000001
20260320,5m,3m-flip,SHORT,1,65,14:01,15:04,23229.0,23183.2,2977.0,494.96,2482.04,3m-flip,-151530.8600000001
20260320,10m,3m-flip,SHORT,1,65,14:31,15:04,23203.5,23183.2,1319.5,494.71,824.79,3m-flip,-150706.0700000001
20260320,3m,EOD,LONG,1,65,15:04,15:24,23183.2,23144.5,-2515.5,335.91,-2851.41,EOD,-153557.4800000001
20260323,3m,3m-flip,LONG,1,65,11:10,12:19,22581.4,22519.8,-4004.0,174.49,-4178.49,3m-flip,-157735.9700000001
20260323,3m,3m-flip,SHORT,1,65,12:19,12:49,22519.8,22546.3,-1722.5,481.97,-2204.47,3m-flip,-159940.4400000001
20260323,3m,3m-flip,LONG,1,65,12:49,13:13,22546.3,22485.6,-3945.5,174.29,-4119.79,3m-flip,-164060.2300000001
20260323,3m,3m-flip,SHORT,1,65,13:13,13:43,22485.6,22552.7,-4361.5,481.7,-4843.2,3m-flip,-168903.4300000001
20260323,3m,3m-flip,LONG,1,65,13:43,14:34,22552.7,22514.2,-2502.5,174.39,-2676.89,3m-flip,-171580.32000000012
20260323,5m,3m-flip,LONG,1,65,13:46,14:34,22585.0,22514.2,-4602.0,174.48,-4776.48,3m-flip,-176356.80000000013
20260323,10m,3m-flip,LONG,1,65,13:51,14:34,22623.1,22514.2,-7078.5,174.59,-7253.09,3m-flip,-183609.89000000013
20260323,3m,3m-flip,SHORT,1,65,14:34,14:52,22514.2,22633.3,-7741.5,482.75,-8224.25,3m-flip,-191834.14000000013
20260323,5m,3m-flip,SHORT,1,65,14:36,14:52,22511.1,22633.3,-7943.0,482.72,-8425.72,3m-flip,-200259.86000000013
20260323,3m,3m-flip,LONG,1,65,14:52,15:07,22633.3,22496.8,-8872.5,174.57,-9047.07,3m-flip,-209306.93000000014
20260323,3m,EOD,SHORT,1,65,15:07,15:24,22496.8,22502.2,-351.0,327.74,-678.74,EOD,-209985.67000000013
20260323,10m,EOD,SHORT,1,65,15:21,15:24,22516.7,22502.2,942.5,327.94,614.56,EOD,-209371.11000000013
20260324,3m,3m-flip,SHORT,1,65,09:43,10:25,22742.9,22761.6,-1215.5,486.2,-1701.7,3m-flip,-211072.81000000014
20260324,3m,3m-flip,LONG,1,65,10:25,10:37,22761.6,22634.1,-8287.5,175.32,-8462.82,3m-flip,-219535.63000000015
20260324,3m,3m-flip,SHORT,1,65,10:37,11:19,22634.1,22715.0,-5258.5,484.7,-5743.2,3m-flip,-225278.83000000016
20260324,3m,3m-flip,LONG,1,65,11:19,13:07,22715.0,22923.0,13520.0,176.01,13343.99,3m-flip,-211934.84000000017
20260324,5m,3m-flip,LONG,1,65,11:41,13:07,22757.0,22923.0,10790.0,176.13,10613.87,3m-flip,-201320.97000000018
20260324,10m,3m-flip,LONG,1,65,12:31,13:07,22859.2,22923.0,4147.0,176.42,3970.58,3m-flip,-197350.3900000002
20260324,30m,3m-flip,LONG,1,65,13:01,13:07,22970.4,22923.0,-3081.0,176.73,-3257.73,3m-flip,-200608.1200000002
20260324,3m,3m-flip,SHORT,1,65,13:07,13:31,22923.0,23035.0,-7280.0,490.58,-7770.58,3m-flip,-208378.7000000002
20260324,3m,3m-flip,LONG,1,65,13:31,13:52,23035.0,22954.1,-5258.5,176.99,-5435.49,3m-flip,-213814.19000000018
20260324,3m,EOD,SHORT,1,65,13:52,15:24,22954.1,22940.0,916.5,333.39,583.11,EOD,-213231.0800000002
20260324,5m,EOD,SHORT,1,65,14:41,15:24,22876.8,22940.0,-4108.0,332.64,-4440.64,EOD,-217671.7200000002
20260325,3m,3m-flip,LONG,1,65,09:37,11:28,23220.0,23379.8,10387.0,178.71,10208.29,3m-flip,-207463.4300000002
20260325,5m,3m-flip,LONG,1,65,09:46,11:28,23271.2,23379.8,7059.0,178.86,6880.14,3m-flip,-200583.29000000018
20260325,10m,3m-flip,LONG,1,65,10:31,11:28,23307.8,23379.8,4680.0,178.96,4501.04,3m-flip,-196082.25000000017
20260325,30m,3m-flip,LONG,1,65,10:31,11:28,23307.8,23379.8,4680.0,178.96,4501.04,3m-flip,-191581.21000000017
20260325,3m,3m-flip,SHORT,1,65,11:28,12:10,23379.8,23400.0,-1313.0,498.5,-1811.5,3m-flip,-193392.71000000017
20260325,5m,3m-flip,SHORT,1,65,11:41,12:10,23348.6,23400.0,-3341.0,498.2,-3839.2,3m-flip,-197231.91000000018
20260325,3m,3m-flip,LONG,1,65,12:10,12:55,23400.0,23384.4,-1014.0,179.24,-1193.24,3m-flip,-198425.15000000017
20260325,5m,3m-flip,LONG,1,65,12:16,12:55,23435.0,23384.4,-3289.0,179.34,-3468.34,3m-flip,-201893.49000000017
20260325,3m,3m-flip,SHORT,1,65,12:55,13:37,23384.4,23430.0,-2964.0,498.84,-3462.84,3m-flip,-205356.33000000016
20260325,5m,3m-flip,SHORT,1,65,13:01,13:37,23377.7,23430.0,-3399.5,498.77,-3898.27,3m-flip,-209254.60000000015
20260325,3m,3m-flip,LONG,1,65,13:37,14:16,23430.0,23402.1,-1813.5,179.38,-1992.88,3m-flip,-211247.48000000016
20260325,5m,3m-flip,LONG,1,65,13:51,14:16,23451.0,23402.1,-3178.5,179.44,-3357.94,3m-flip,-214605.42000000016
20260325,3m,EOD,SHORT,1,65,14:16,15:24,23402.1,23288.6,7377.5,338.7,7038.8,EOD,-207566.62000000017
20260325,5m,EOD,SHORT,1,65,14:26,15:24,23333.6,23288.6,2925.0,338.04,2586.96,EOD,-204979.66000000018
20260325,10m,EOD,SHORT,1,65,14:31,15:24,23305.1,23288.6,1072.5,337.76,734.74,EOD,-204244.9200000002
20260327,3m,3m-flip,LONG,1,65,10:34,10:55,23024.2,22952.1,-4686.5,176.96,-4863.46,3m-flip,-209108.38000000018
20260327,3m,3m-flip,SHORT,1,65,10:55,12:31,22952.1,22959.0,-448.5,490.12,-938.62,3m-flip,-210047.00000000017
20260327,3m,3m-flip,LONG,1,65,12:31,13:34,22959.0,22926.8,-2093.0,176.71,-2269.71,3m-flip,-212316.71000000017
20260327,3m,EOD,SHORT,1,65,13:34,15:24,22926.8,22812.1,7455.5,332.76,7122.74,EOD,-205193.97000000018
20260330,3m,3m-flip,LONG,1,65,11:40,11:52,22511.2,22457.8,-3471.0,174.11,-3645.11,3m-flip,-208839.08000000016
20260330,3m,3m-flip,SHORT,1,65,11:52,12:04,22457.8,22550.5,-6025.5,481.41,-6506.91,3m-flip,-215345.99000000017
20260330,3m,3m-flip,LONG,1,65,12:04,12:55,22550.5,22495.0,-3607.5,174.33,-3781.83,3m-flip,-219127.82000000015
20260330,5m,3m-flip,LONG,1,65,12:06,12:55,22566.0,22495.0,-4615.0,174.38,-4789.38,3m-flip,-223917.20000000016
20260330,3m,EOD,SHORT,1,65,12:55,15:24,22495.0,22330.0,10725.0,327.24,10397.76,EOD,-213519.44000000015
20260330,5m,EOD,SHORT,1,65,13:31,15:24,22474.0,22330.0,9360.0,327.03,9032.97,EOD,-204486.47000000015
20260401,3m,3m-flip,LONG,1,65,11:34,11:52,22908.0,22872.0,-2340.0,176.4,-2516.4,3m-flip,-207002.87000000014
20260401,3m,3m-flip,SHORT,1,65,11:52,12:04,22872.0,22958.9,-5648.5,489.34,-6137.84,3m-flip,-213140.71000000014
20260401,3m,3m-flip,LONG,1,65,12:04,13:22,22958.9,22947.4,-747.5,176.76,-924.26,3m-flip,-214064.97000000015
20260401,5m,3m-flip,LONG,1,65,12:06,13:22,22952.1,22947.4,-305.5,176.74,-482.24,3m-flip,-214547.21000000014
20260401,3m,3m-flip,SHORT,1,65,13:22,14:13,22947.4,22850.9,6272.5,489.03,5783.47,3m-flip,-208763.74000000014
20260401,5m,3m-flip,SHORT,1,65,13:26,14:13,22908.5,22850.9,3744.0,488.66,3255.34,3m-flip,-205508.40000000014
20260401,3m,3m-flip,LONG,1,65,14:13,14:40,22850.9,22785.0,-4283.5,176.0,-4459.5,3m-flip,-209967.90000000014
20260401,3m,EOD,SHORT,1,65,14:40,15:24,22785.0,22800.0,-975.0,331.36,-1306.36,EOD,-211274.26000000013
20260402,3m,3m-flip,LONG,1,65,11:52,14:43,22335.0,22657.3,20949.5,174.19,20775.31,3m-flip,-190498.95000000013
20260402,5m,3m-flip,LONG,1,65,12:31,14:43,22378.0,22657.3,18154.5,174.31,17980.19,3m-flip,-172518.76000000013
20260402,10m,3m-flip,LONG,1,65,12:41,14:43,22430.0,22657.3,14774.5,174.45,14600.05,3m-flip,-157918.71000000014
20260402,30m,3m-flip,LONG,1,65,13:31,14:43,22586.0,22657.3,4634.5,174.89,4459.61,3m-flip,-153459.10000000015
20260402,3m,3m-flip,SHORT,1,65,14:43,15:07,22657.3,22740.8,-5427.5,485.17,-5912.67,3m-flip,-159371.77000000016
20260402,5m,3m-flip,SHORT,1,65,14:46,15:07,22652.0,22740.8,-5772.0,485.12,-6257.12,3m-flip,-165628.89000000016
20260402,3m,EOD,LONG,1,65,15:07,15:24,22740.8,22736.0,-312.0,330.72,-642.72,EOD,-166271.61000000016
20260402,5m,EOD,LONG,1,65,15:11,15:24,22795.0,22736.0,-3835.0,330.87,-4165.87,EOD,-170437.48000000016
20260406,3m,3m-flip,LONG,1,65,11:40,12:37,22702.0,22740.0,2470.0,175.45,2294.55,3m-flip,-168142.93000000017
20260406,5m,3m-flip,LONG,1,65,12:26,12:37,22790.6,22740.0,-3289.0,175.7,-3464.7,3m-flip,-171607.63000000018
20260406,3m,3m-flip,SHORT,1,65,12:37,12:52,22740.0,22865.0,-8125.0,487.17,-8612.17,3m-flip,-180219.8000000002
20260406,3m,EOD,LONG,1,65,12:52,15:24,22865.0,23045.2,11713.0,334.05,11378.95,EOD,-168840.85000000018
20260406,30m,EOD,LONG,1,65,13:31,15:24,22976.0,23045.2,4498.0,334.37,4163.63,EOD,-164677.22000000018
20260407,3m,3m-flip,LONG,1,65,10:19,10:55,22995.9,22935.0,-3958.5,176.83,-4135.33,3m-flip,-168812.55000000016
20260407,5m,3m-flip,LONG,1,65,10:21,10:55,22995.4,22935.0,-3926.0,176.83,-4102.83,3m-flip,-172915.38000000015
20260407,10m,3m-flip,LONG,1,65,10:21,10:55,22995.4,22935.0,-3926.0,176.83,-4102.83,3m-flip,-177018.21000000014
20260407,3m,3m-flip,SHORT,1,65,10:55,11:28,22935.0,22984.0,-3185.0,490.19,-3675.19,3m-flip,-180693.40000000014
20260407,5m,3m-flip,SHORT,1,65,11:06,11:28,22912.4,22984.0,-4654.0,489.97,-5143.97,3m-flip,-185837.37000000014
20260407,3m,3m-flip,LONG,1,65,11:28,12:13,22984.0,22975.0,-585.0,176.91,-761.91,3m-flip,-186599.28000000014
20260407,5m,3m-flip,LONG,1,65,12:01,12:13,23025.6,22975.0,-3289.0,177.03,-3466.03,3m-flip,-190065.31000000014
20260407,3m,3m-flip,SHORT,1,65,12:13,13:19,22975.0,23013.0,-2470.0,490.86,-2960.86,3m-flip,-193026.17000000013
20260407,3m,3m-flip,LONG,1,65,13:19,14:01,23013.0,23027.8,962.0,177.14,784.86,3m-flip,-192241.31000000014
20260407,3m,3m-flip,SHORT,1,65,14:01,14:58,23027.8,23139.0,-7228.0,492.59,-7720.59,3m-flip,-199961.90000000014
20260407,3m,EOD,LONG,1,65,14:58,15:24,23139.0,23153.7,955.5,335.88,619.62,EOD,-199342.28000000014
20260408,3m,3m-flip,LONG,1,65,10:49,11:58,23997.6,23995.0,-169.0,182.65,-351.65,3m-flip,-199693.93000000014
20260408,5m,3m-flip,LONG,1,65,11:01,11:58,24034.4,23995.0,-2561.0,182.75,-2743.75,3m-flip,-202437.68000000014
20260408,3m,3m-flip,SHORT,1,65,11:58,12:52,23995.0,24004.3,-604.5,510.27,-1114.77,3m-flip,-203552.45000000013
20260408,5m,3m-flip,SHORT,1,65,12:36,12:52,23961.0,24004.3,-2814.5,509.94,-3324.44,3m-flip,-206876.89000000013
20260408,3m,3m-flip,LONG,1,65,12:52,14:16,24004.3,24016.1,767.0,182.73,584.27,3m-flip,-206292.62000000014
20260408,5m,3m-flip,LONG,1,65,13:01,14:16,24016.0,24016.1,6.5,182.76,-176.26,3m-flip,-206468.88000000015
20260408,3m,3m-flip,SHORT,1,65,14:16,14:37,24016.1,24048.8,-2125.5,510.9,-2636.4,3m-flip,-209105.28000000014
20260408,3m,EOD,LONG,1,65,14:37,15:24,24048.8,24057.7,578.5,347.16,231.34,EOD,-208873.94000000015
20260409,3m,3m-flip,LONG,1,65,11:55,12:49,23940.8,23872.0,-4472.0,182.14,-4654.14,3m-flip,-213528.08000000016
20260409,3m,3m-flip,SHORT,1,65,12:49,14:58,23872.0,23820.0,3380.0,507.3,2872.7,3m-flip,-210655.38000000015
20260409,3m,EOD,LONG,1,65,14:58,15:24,23820.0,23862.0,2730.0,344.63,2385.37,EOD,-208270.01000000015
20260409,5m,EOD,LONG,1,65,15:06,15:24,23843.0,23862.0,1235.0,344.69,890.31,EOD,-207379.70000000016
20260409,10m,EOD,LONG,1,65,15:11,15:24,23871.0,23862.0,-585.0,344.77,-929.77,EOD,-208309.47000000015
20260410,3m,3m-flip,LONG,1,65,10:25,11:49,24068.1,24010.1,-3770.0,182.89,-3952.89,3m-flip,-212262.36000000016
20260410,3m,3m-flip,SHORT,1,65,11:49,12:07,24010.1,24058.0,-3113.5,510.92,-3624.42,3m-flip,-215886.78000000017
20260410,3m,3m-flip,LONG,1,65,12:07,14:19,24058.0,24035.0,-1495.0,182.93,-1677.93,3m-flip,-217564.71000000017
20260410,5m,3m-flip,LONG,1,65,14:01,14:19,24085.0,24035.0,-3250.0,183.01,-3433.01,3m-flip,-220997.72000000018
20260410,3m,3m-flip,SHORT,1,65,14:19,14:55,24035.0,24045.1,-656.5,511.04,-1167.54,3m-flip,-222165.26000000018
20260410,5m,3m-flip,SHORT,1,65,14:21,14:55,24042.5,24045.1,-169.0,511.12,-680.12,3m-flip,-222845.38000000018
20260410,3m,EOD,LONG,1,65,14:55,15:24,24045.1,24110.0,4218.5,347.66,3870.84,EOD,-218974.54000000018
20260410,5m,EOD,LONG,1,65,15:06,15:24,24097.2,24110.0,832.0,347.81,484.19,EOD,-218490.35000000018
20260410,10m,EOD,LONG,1,65,15:11,15:24,24115.0,24110.0,-325.0,347.86,-672.86,EOD,-219163.21000000017
20260413,3m,3m-flip,LONG,1,65,10:25,12:58,23758.0,23840.0,5330.0,181.53,5148.47,3m-flip,-214014.74000000017
20260413,5m,3m-flip,LONG,1,65,11:51,12:58,23833.0,23840.0,455.0,181.74,273.26,3m-flip,-213741.48000000016
20260413,10m,3m-flip,LONG,1,65,12:31,12:58,23869.9,23840.0,-1943.5,181.85,-2125.35,3m-flip,-215866.83000000016
20260413,3m,3m-flip,SHORT,1,65,12:58,13:34,23840.0,23879.0,-2535.0,507.56,-3042.56,3m-flip,-218909.39000000016
20260413,5m,3m-flip,SHORT,1,65,13:06,13:34,23825.0,23879.0,-3510.0,507.42,-4017.42,3m-flip,-222926.81000000017
20260413,3m,3m-flip,LONG,1,65,13:34,14:13,23879.0,23861.1,-1163.5,181.93,-1345.43,3m-flip,-224272.24000000017
20260413,5m,3m-flip,LONG,1,65,13:56,14:13,23914.6,23861.1,-3477.5,182.03,-3659.53,3m-flip,-227931.77000000016
20260413,30m,3m-flip,LONG,1,65,14:01,14:13,23916.2,23861.1,-3581.5,182.04,-3763.54,3m-flip,-231695.31000000017
20260413,3m,3m-flip,SHORT,1,65,14:13,14:34,23861.1,23910.0,-3178.5,508.07,-3686.57,3m-flip,-235381.88000000018
20260413,3m,3m-flip,LONG,1,65,14:34,15:10,23910.0,23869.3,-2645.5,182.05,-2827.55,3m-flip,-238209.43000000017
20260413,3m,EOD,SHORT,1,65,15:10,15:24,23869.3,23847.0,1449.5,344.77,1104.73,EOD,-237104.70000000016
20260413,5m,EOD,SHORT,1,65,15:16,15:24,23870.0,23847.0,1495.0,344.78,1150.22,EOD,-235954.48000000016
